0,733,850
0.01,734,850
0.02,735,850
0.03,735,850
0.04,736,850
0.05,737,850
0.06,738,850
0.07,739,850
0.08,740,849
0.09,741,849
0.1,742,849
0.11,742,849
0.12,743,849
0.13,744,849
0.14,745,848
0.15,746,848
0.16,747,848
0.17,748,848
0.18,748,847
0.19,749,847
0.2,750,847
0.21,751,847
0.22,752,846
0.23,753,846
0.24,753,845
0.25,754,845
0.26,755,845
0.27,756,844
0.28,757,844
0.29,757,843
0.3,758,843
0.31,759,842
0.32,760,842
0.33,761,841
0.34,761,841
0.35,762,840
0.36,763,840
0.37,764,839
0.38,765,839
0.39,765,838
0.4,766,837
0.41,767,837
0.42,768,836
0.43,768,835
0.44,769,835
0.45,770,834
0.46,771,833
0.47,771,833
0.48,772,832
0.49,773,831
0.5,774,830
0.51,774,830
0.52,775,829
0.53,776,828
0.54,777,827
0.55,777,826
0.56,778,825
0.57,779,825
0.58,779,824
0.59,780,823
0.6,781,822
0.61,782,821
0.62,782,820
0.63,783,819
0.64,784,818
0.65,784,817
0.66,785,816
0.67,786,815
0.68,786,814
0.69,787,813
0.7,788,812
0.71,788,811
0.72,789,810
0.73,790,809
0.74,790,808
0.75,791,806
0.76,792,805
0.77,792,804
0.78,793,803
0.79,794,802
0.8,794,801
0.81,795,799
0.82,796,798
0.83,796,797
0.84,797,796
0.85,797,794
0.86,798,793
0.87,799,792
0.88,799,790
0.89,800,789
0.9,801,788
0.91,801,786
0.92,802,785
0.93,802,784
0.94,803,782
0.95,804,781
0.96,804,779
0.97,805,778
0.98,805,777
0.99,806,775
1,806,774
1.01,807,772
1.02,808,771
1.03,808,769
1.04,809,768
1.05,809,766
1.06,810,765
1.07,810,763
1.08,811,761
1.09,811,760
1.1,812,758
1.11,812,757
1.12,813,755
1.13,814,753
1.14,814,752
1.15,815,750
1.16,815,748
1.17,816,747
1.18,816,745
1.19,817,743
1.2,817,742
1.21,818,740
1.22,818,738
1.23,819,736
1.24,819,735
1.25,820,733
1.26,820,731
1.27,821,729
1.28,821,727
1.29,821,726
1.3,822,724
1.31,822,722
1.32,823,720
1.33,823,718
1.34,824,716
1.35,824,715
1.36,825,713
1.37,825,711
1.38,825,709
1.39,826,707
1.4,826,705
1.41,827,703
1.42,827,701
1.43,828,699
1.44,828,697
1.45,828,695
1.46,829,693
1.47,829,691
1.48,830,689
1.49,830,687
1.5,830,685
1.51,831,683
1.52,831,681
1.53,832,679
1.54,832,677
1.55,832,675
1.56,833,673
1.57,833,671
1.58,833,669
1.59,834,666
1.6,834,664
1.61,834,662
1.62,835,660
1.63,835,658
1.64,835,656
1.65,836,654
1.66,836,651
1.67,836,649
1.68,837,647
1.69,837,645
1.7,837,643
1.71,838,640
1.72,838,638
1.73,838,636
1.74,839,634
1.75,839,632
1.76,839,629
1.77,840,627
1.78,840,625
1.79,840,623
1.8,840,620
1.81,841,618
1.82,841,616
1.83,841,613
1.84,841,611
1.85,842,609
1.86,842,607
1.87,842,604
1.88,842,602
1.89,843,600
1.9,843,597
1.91,843,595
1.92,843,593
1.93,844,590
1.94,844,588
1.95,844,585
1.96,844,583
1.97,844,581
1.98,845,578
1.99,845,576
2,845,574
2.01,845,571
2.02,845,569
2.03,846,566
2.04,846,564
2.05,846,562
2.06,846,559
2.07,846,557
2.08,847,554
2.09,847,552
2.1,847,549
2.11,847,547
2.12,847,545
2.13,847,542
2.14,847,540
2.15,848,537
2.16,848,535
2.17,848,532
2.18,848,530
2.19,848,527
2.2,848,525
2.21,848,522
2.22,848,520
2.23,849,518
2.24,849,515
2.25,849,513
2.26,849,510
2.27,849,508
2.28,849,505
2.29,849,503
2.3,849,500
2.31,849,498
2.32,849,495
2.33,849,493
2.34,849,490
2.35,850,488
2.36,850,485
2.37,850,483
2.38,850,480
2.39,850,478
2.4,850,475
2.41,850,473
2.42,850,470
2.43,850,468
2.44,850,465
2.45,850,463
2.46,850,460
2.47,850,458
2.48,850,455
2.49,850,453
2.5,850,450
2.51,850,447
2.52,850,445
2.53,850,442
2.54,850,440
2.55,850,437
2.56,850,435
2.57,850,432
2.58,850,430
2.59,850,427
2.6,850,425
2.61,850,422
2.62,850,420
2.63,850,417
2.64,850,415
2.65,850,412
2.66,849,410
2.67,849,407
2.68,849,405
2.69,849,402
2.7,849,400
2.71,849,397
2.72,849,395
2.73,849,392
2.74,849,390
2.75,849,387
2.76,849,385
2.77,849,382
2.78,848,380
2.79,848,378
2.8,848,375
2.81,848,373
2.82,848,370
2.83,848,368
2.84,848,365
2.85,848,363
2.86,847,360
2.87,847,358
2.88,847,355
2.89,847,353
2.9,847,351
2.91,847,348
2.92,847,346
2.93,846,343
2.94,846,341
2.95,846,338
2.96,846,336
2.97,846,334
2.98,845,331
2.99,845,329
3,845,326
3.01,845,324
3.02,845,322
3.03,844,319
3.04,844,317
3.05,844,315
3.06,844,312
3.07,844,310
3.08,843,307
3.09,843,305
3.1,843,303
3.11,843,300
3.12,842,298
3.13,842,296
3.14,842,293
3.15,842,291
3.16,841,289
3.17,841,287
3.18,841,284
3.19,841,282
3.2,840,280
3.21,840,277
3.22,840,275
3.23,840,273
3.24,839,271
3.25,839,268
3.26,839,266
3.27,838,264
3.28,838,262
3.29,838,260
3.3,837,257
3.31,837,255
3.32,837,253
3.33,836,251
3.34,836,249
3.35,836,246
3.36,835,244
3.37,835,242
3.38,835,240
3.39,834,238
3.4,834,236
3.41,834,234
3.42,833,231
3.43,833,229
3.44,833,227
3.45,832,225
3.46,832,223
3.47,832,221
3.48,831,219
3.49,831,217
3.5,830,215
3.51,830,213
3.52,830,211
3.53,829,209
3.54,829,207
3.55,828,205
3.56,828,203
3.57,828,201
3.58,827,199
3.59,827,197
3.6,826,195
3.61,826,193
3.62,825,191
3.63,825,189
3.64,825,187
3.65,824,185
3.66,824,184
3.67,823,182
3.68,823,180
3.69,822,178
3.7,822,176
3.71,821,174
3.72,821,173
3.73,821,171
3.74,820,169
3.75,820,167
3.76,819,165
3.77,819,164
3.78,818,162
3.79,818,160
3.8,817,158
3.81,817,157
3.82,816,155
3.83,816,153
3.84,815,152
3.85,815,150
3.86,814,148
3.87,814,147
3.88,813,145
3.89,812,143
3.9,812,142
3.91,811,140
3.92,811,139
3.93,810,137
3.94,810,135
3.95,809,134
3.96,809,132
3.97,808,131
3.98,808,129
3.99,807,128
4,806,126
4.01,806,125
4.02,805,123
4.03,805,122
4.04,804,121
4.05,804,119
4.06,803,118
4.07,802,116
4.08,802,115
4.09,801,114
4.1,801,112
4.11,800,111
4.12,799,110
4.13,799,108
4.14,798,107
4.15,797,106
4.16,797,104
4.17,796,103
4.18,796,102
4.19,795,101
4.2,794,99
4.21,794,98
4.22,793,97
4.23,792,96
4.24,792,95
4.25,791,94
4.26,790,92
4.27,790,91
4.28,789,90
4.29,788,89
4.3,788,88
4.31,787,87
4.32,786,86
4.33,786,85
4.34,785,84
4.35,784,83
4.36,784,82
4.37,783,81
4.38,782,80
4.39,782,79
4.4,781,78
4.41,780,77
4.42,779,76
4.43,779,75
4.44,778,75
4.45,777,74
4.46,777,73
4.47,776,72
4.48,775,71
4.49,774,70
4.5,774,70
4.51,773,69
4.52,772,68
4.53,771,67
4.54,771,67
4.55,770,66
4.56,769,65
4.57,768,65
4.58,768,64
4.59,767,63
4.6,766,63
4.61,765,62
4.62,765,61
4.63,764,61
4.64,763,60
4.65,762,60
4.66,761,59
4.67,761,59
4.68,760,58
4.69,759,58
4.7,758,57
4.71,757,57
4.72,757,56
4.73,756,56
4.74,755,55
4.75,754,55
4.76,753,55
4.77,753,54
4.78,752,54
4.79,751,53
4.8,750,53
4.81,749,53
4.82,748,53
4.83,748,52
4.84,747,52
4.85,746,52
4.86,745,52
4.87,744,51
4.88,743,51
4.89,742,51
4.9,742,51
4.91,741,51
4.92,740,51
4.93,739,50
4.94,738,50
4.95,737,50
4.96,736,50
4.97,735,50
4.98,735,50
4.99,734,50
5,733,50
5.01,732,50
5.02,731,50
5.03,730,50
5.04,729,50
5.05,728,50
5.06,727,50
5.07,727,50
5.08,726,51
5.09,725,51
5.1,724,51
5.11,723,51
5.12,722,51
5.13,721,51
5.14,720,52
5.15,719,52
5.16,718,52
5.17,717,52
5.18,716,53
5.19,715,53
5.2,715,53
5.21,714,53
5.22,713,54
5.23,712,54
5.24,711,55
5.25,710,55
5.26,709,55
5.27,708,56
5.28,707,56
5.29,706,57
5.3,705,57
5.31,704,58
5.32,703,58
5.33,702,59
5.34,701,59
5.35,700,60
5.36,699,60
5.37,698,61
5.38,697,61
5.39,696,62
5.4,695,63
5.41,694,63
5.42,693,64
5.43,692,65
5.44,691,65
5.45,690,66
5.46,689,67
5.47,688,67
5.48,687,68
5.49,686,69
5.5,685,70
5.51,684,70
5.52,683,71
5.53,682,72
5.54,681,73
5.55,680,74
5.56,679,75
5.57,678,75
5.58,677,76
5.59,676,77
5.6,675,78
5.61,674,79
5.62,673,80
5.63,672,81
5.64,671,82
5.65,670,83
5.66,669,84
5.67,668,85
5.68,666,86
5.69,665,87
5.7,664,88
5.71,663,89
5.72,662,90
5.73,661,91
5.74,660,92
5.75,659,94
5.76,658,95
5.77,657,96
5.78,656,97
5.79,655,98
5.8,654,99
5.81,653,101
5.82,651,102
5.83,650,103
5.84,649,104
5.85,648,106
5.86,647,107
5.87,646,108
5.88,645,110
5.89,644,111
5.9,643,112
5.91,642,114
5.92,640,115
5.93,639,116
5.94,638,118
5.95,637,119
5.96,636,121
5.97,635,122
5.98,634,123
5.99,633,125
6,632,126
6.01,630,128
6.02,629,129
6.03,628,131
6.04,627,132
6.05,626,134
6.06,625,135
6.07,624,137
6.08,623,139
6.09,621,140
6.1,620,142
6.11,619,143
6.12,618,145
6.13,617,147
6.14,616,148
6.15,615,150
6.16,613,152
6.17,612,153
6.18,611,155
6.19,610,157
6.2,609,158
6.21,608,160
6.22,607,162
6.23,605,164
6.24,604,165
6.25,603,167
6.26,602,169
6.27,601,171
6.28,600,173
6.29,598,174
6.3,597,176
6.31,596,178
6.32,595,180
6.33,594,182
6.34,593,184
6.35,591,185
6.36,590,187
6.37,589,189
6.38,588,191
6.39,587,193
6.4,585,195
6.41,584,197
6.42,583,199
6.43,582,201
6.44,581,203
6.45,580,205
6.46,578,207
6.47,577,209
6.48,576,211
6.49,575,213
6.5,574,215
6.51,572,217
6.52,571,219
6.53,570,221
6.54,569,223
6.55,568,225
6.56,566,227
6.57,565,229
6.58,564,231
6.59,563,234
6.6,562,236
6.61,560,238
6.62,559,240
6.63,558,242
6.64,557,244
6.65,556,246
6.66,554,249
6.67,553,251
6.68,552,253
6.69,551,255
6.7,549,257
6.71,548,260
6.72,547,262
6.73,546,264
6.74,545,266
6.75,543,268
6.76,542,271
6.77,541,273
6.78,540,275
6.79,538,277
6.8,537,280
6.81,536,282
6.82,535,284
6.83,534,287
6.84,532,289
6.85,531,291
6.86,530,293
6.87,529,296
6.88,527,298
6.89,526,300
6.9,525,303
6.91,524,305
6.92,522,307
6.93,521,310
6.94,520,312
6.95,519,315
6.96,518,317
6.97,516,319
6.98,515,322
6.99,514,324
7,513,326
7.01,511,329
7.02,510,331
7.03,509,334
7.04,508,336
7.05,506,338
7.06,505,341
7.07,504,343
7.08,503,346
7.09,501,348
7.1,500,351
7.11,499,353
7.12,498,355
7.13,496,358
7.14,495,360
7.15,494,363
7.16,493,365
7.17,491,368
7.18,490,370
7.19,489,373
7.2,488,375
7.21,486,378
7.22,485,380
7.23,484,382
7.24,483,385
7.25,481,387
7.26,480,390
7.27,479,392
7.28,478,395
7.29,476,397
7.3,475,400
7.31,474,402
7.32,473,405
7.33,471,407
7.34,470,410
7.35,469,412
7.36,468,415
7.37,466,417
7.38,465,420
7.39,464,422
7.4,463,425
7.41,461,427
7.42,460,430
7.43,459,432
7.44,458,435
7.45,456,437
7.46,455,440
7.47,454,442
7.48,453,445
7.49,451,447
7.5,450,450
7.51,449,453
7.52,447,455
7.53,446,458
7.54,445,460
7.55,444,463
7.56,442,465
7.57,441,468
7.58,440,470
7.59,439,473
7.6,437,475
7.61,436,478
7.62,435,480
7.63,434,483
7.64,432,485
7.65,431,488
7.66,430,490
7.67,429,493
7.68,427,495
7.69,426,498
7.7,425,500
7.71,424,503
7.72,422,505
7.73,421,508
7.74,420,510
7.75,419,513
7.76,417,515
7.77,416,518
7.78,415,520
7.79,414,522
7.8,412,525
7.81,411,527
7.82,410,530
7.83,409,532
7.84,407,535
7.85,406,537
7.86,405,540
7.87,404,542
7.88,402,545
7.89,401,547
7.9,400,549
7.91,399,552
7.92,397,554
7.93,396,557
7.94,395,559
7.95,394,562
7.96,392,564
7.97,391,566
7.98,390,569
7.99,389,571
8,387,574
8.01,386,576
8.02,385,578
8.03,384,581
8.04,382,583
8.05,381,585
8.06,380,588
8.07,379,590
8.08,378,593
8.09,376,595
8.1,375,597
8.11,374,600
8.12,373,602
8.13,371,604
8.14,370,607
8.15,369,609
8.16,368,611
8.17,366,613
8.18,365,616
8.19,364,618
8.2,363,620
8.21,362,623
8.22,360,625
8.23,359,627
8.24,358,629
8.25,357,632
8.26,355,634
8.27,354,636
8.28,353,638
8.29,352,640
8.3,351,643
8.31,349,645
8.32,348,647
8.33,347,649
8.34,346,651
8.35,344,654
8.36,343,656
8.37,342,658
8.38,341,660
8.39,340,662
8.4,338,664
8.41,337,666
8.42,336,669
8.43,335,671
8.44,334,673
8.45,332,675
8.46,331,677
8.47,330,679
8.48,329,681
8.49,328,683
8.5,326,685
8.51,325,687
8.52,324,689
8.53,323,691
8.54,322,693
8.55,320,695
8.56,319,697
8.57,318,699
8.58,317,701
8.59,316,703
8.6,315,705
8.61,313,707
8.62,312,709
8.63,311,711
8.64,310,713
8.65,309,715
8.66,307,716
8.67,306,718
8.68,305,720
8.69,304,722
8.7,303,724
8.71,302,726
8.72,300,727
8.73,299,729
8.74,298,731
8.75,297,733
8.76,296,735
8.77,295,736
8.78,293,738
8.79,292,740
8.8,291,742
8.81,290,743
8.82,289,745
8.83,288,747
8.84,287,748
8.85,285,750
8.86,284,752
8.87,283,753
8.88,282,755
8.89,281,757
8.9,280,758
8.91,279,760
8.92,277,761
8.93,276,763
8.94,275,765
8.95,274,766
8.96,273,768
8.97,272,769
8.98,271,771
8.99,270,772
9,268,774
9.01,267,775
9.02,266,777
9.03,265,778
9.04,264,779
9.05,263,781
9.06,262,782
9.07,261,784
9.08,260,785
9.09,258,786
9.1,257,788
9.11,256,789
9.12,255,790
9.13,254,792
9.14,253,793
9.15,252,794
9.16,251,796
9.17,250,797
9.18,249,798
9.19,247,799
9.2,246,801
9.21,245,802
9.22,244,803
9.23,243,804
9.24,242,805
9.25,241,806
9.26,240,808
9.27,239,809
9.28,238,810
9.29,237,811
9.3,236,812
9.31,235,813
9.32,234,814
9.33,232,815
9.34,231,816
9.35,230,817
9.36,229,818
9.37,228,819
9.38,227,820
9.39,226,821
9.4,225,822
9.41,224,823
9.42,223,824
9.43,222,825
9.44,221,825
9.45,220,826
9.46,219,827
9.47,218,828
9.48,217,829
9.49,216,830
9.5,215,830
9.51,214,831
9.52,213,832
9.53,212,833
9.54,211,833
9.55,210,834
9.56,209,835
9.57,208,835
9.58,207,836
9.59,206,837
9.6,205,837
9.61,204,838
9.62,203,839
9.63,202,839
9.64,201,840
9.65,200,840
9.66,199,841
9.67,198,841
9.68,197,842
9.69,196,842
9.7,195,843
9.71,194,843
9.72,193,844
9.73,192,844
9.74,191,845
9.75,190,845
9.76,189,845
9.77,188,846
9.78,187,846
9.79,186,847
9.8,185,847
9.81,185,847
9.82,184,847
9.83,183,848
9.84,182,848
9.85,181,848
9.86,180,848
9.87,179,849
9.88,178,849
9.89,177,849
9.9,176,849
9.91,175,849
9.92,174,849
9.93,173,850
9.94,173,850
9.95,172,850
9.96,171,850
9.97,170,850
9.98,169,850
9.99,168,850
10,167,850
10.01,166,850
10.02,165,850
10.03,165,850
10.04,164,850
10.05,163,850
10.06,162,850
10.07,161,850
10.08,160,849
10.09,159,849
10.1,158,849
10.11,158,849
10.12,157,849
10.13,156,849
10.14,155,848
10.15,154,848
10.16,153,848
10.17,152,848
10.18,152,847
10.19,151,847
10.2,150,847
10.21,149,847
10.22,148,846
10.23,147,846
10.24,147,845
10.25,146,845
10.26,145,845
10.27,144,844
10.28,143,844
10.29,143,843
10.3,142,843
10.31,141,842
10.32,140,842
10.33,139,841
10.34,139,841
10.35,138,840
10.36,137,840
10.37,136,839
10.38,135,839
10.39,135,838
10.4,134,837
10.41,133,837
10.42,132,836
10.43,132,835
10.44,131,835
10.45,130,834
10.46,129,833
10.47,129,833
10.48,128,832
10.49,127,831
10.5,126,830
10.51,126,830
10.52,125,829
10.53,124,828
10.54,123,827
10.55,123,826
10.56,122,825
10.57,121,825
10.58,121,824
10.59,120,823
10.6,119,822
10.61,118,821
10.62,118,820
10.63,117,819
10.64,116,818
10.65,116,817
10.66,115,816
10.67,114,815
10.68,114,814
10.69,113,813
10.7,112,812
10.71,112,811
10.72,111,810
10.73,110,809
10.74,110,808
10.75,109,806
10.76,108,805
10.77,108,804
10.78,107,803
10.79,106,802
10.8,106,801
10.81,105,799
10.82,104,798
10.83,104,797
10.84,103,796
10.85,103,794
10.86,102,793
10.87,101,792
10.88,101,790
10.89,100,789
10.9,99,788
10.91,99,786
10.92,98,785
10.93,98,784
10.94,97,782
10.95,96,781
10.96,96,779
10.97,95,778
10.98,95,777
10.99,94,775
11,94,774
11.01,93,772
11.02,92,771
11.03,92,769
11.04,91,768
11.05,91,766
11.06,90,765
11.07,90,763
11.08,89,761
11.09,89,760
11.1,88,758
11.11,88,757
11.12,87,755
11.13,86,753
11.14,86,752
11.15,85,750
11.16,85,748
11.17,84,747
11.18,84,745
11.19,83,743
11.2,83,742
11.21,82,740
11.22,82,738
11.23,81,736
11.24,81,735
11.25,80,733
11.26,80,731
11.27,79,729
11.28,79,727
11.29,79,726
11.3,78,724
11.31,78,722
11.32,77,720
11.33,77,718
11.34,76,716
11.35,76,715
11.36,75,713
11.37,75,711
11.38,75,709
11.39,74,707
11.4,74,705
11.41,73,703
11.42,73,701
11.43,72,699
11.44,72,697
11.45,72,695
11.46,71,693
11.47,71,691
11.48,70,689
11.49,70,687
11.5,70,685
11.51,69,683
11.52,69,681
11.53,68,679
11.54,68,677
11.55,68,675
11.56,67,673
11.57,67,671
11.58,67,669
11.59,66,666
11.6,66,664
11.61,66,662
11.62,65,660
11.63,65,658
11.64,65,656
11.65,64,654
11.66,64,651
11.67,64,649
11.68,63,647
11.69,63,645
11.7,63,643
11.71,62,640
11.72,62,638
11.73,62,636
11.74,61,634
11.75,61,632
11.76,61,629
11.77,60,627
11.78,60,625
11.79,60,623
11.8,60,620
11.81,59,618
11.82,59,616
11.83,59,613
11.84,59,611
11.85,58,609
11.86,58,607
11.87,58,604
11.88,58,602
11.89,57,600
11.9,57,597
11.91,57,595
11.92,57,593
11.93,56,590
11.94,56,588
11.95,56,585
11.96,56,583
11.97,56,581
11.98,55,578
11.99,55,576
12,55,574
12.01,55,571
12.02,55,569
12.03,54,566
12.04,54,564
12.05,54,562
12.06,54,559
12.07,54,557
12.08,53,554
12.09,53,552
12.1,53,549
12.11,53,547
12.12,53,545
12.13,53,542
12.14,53,540
12.15,52,537
12.16,52,535
12.17,52,532
12.18,52,530
12.19,52,527
12.2,52,525
12.21,52,522
12.22,52,520
12.23,51,518
12.24,51,515
12.25,51,513
12.26,51,510
12.27,51,508
12.28,51,505
12.29,51,503
12.3,51,500
12.31,51,498
12.32,51,495
12.33,51,493
12.34,51,490
12.35,50,488
12.36,50,485
12.37,50,483
12.38,50,480
12.39,50,478
12.4,50,475
12.41,50,473
12.42,50,470
12.43,50,468
12.44,50,465
12.45,50,463
12.46,50,460
12.47,50,458
12.48,50,455
12.49,50,453
12.5,50,450
12.51,50,447
12.52,50,445
12.53,50,442
12.54,50,440
12.55,50,437
12.56,50,435
12.57,50,432
12.58,50,430
12.59,50,427
12.6,50,425
12.61,50,422
12.62,50,420
12.63,50,417
12.64,50,415
12.65,50,412
12.66,51,410
12.67,51,407
12.68,51,405
12.69,51,402
12.7,51,400
12.71,51,397
12.72,51,395
12.73,51,392
12.74,51,390
12.75,51,387
12.76,51,385
12.77,51,382
12.78,52,380
12.79,52,378
12.8,52,375
12.81,52,373
12.82,52,370
12.83,52,368
12.84,52,365
12.85,52,363
12.86,53,360
12.87,53,358
12.88,53,355
12.89,53,353
12.9,53,351
12.91,53,348
12.92,53,346
12.93,54,343
12.94,54,341
12.95,54,338
12.96,54,336
12.97,54,334
12.98,55,331
12.99,55,329
13,55,326
13.01,55,324
13.02,55,322
13.03,56,319
13.04,56,317
13.05,56,315
13.06,56,312
13.07,56,310
13.08,57,307
13.09,57,305
13.1,57,303
13.11,57,300
13.12,58,298
13.13,58,296
13.14,58,293
13.15,58,291
13.16,59,289
13.17,59,287
13.18,59,284
13.19,59,282
13.2,60,280
13.21,60,277
13.22,60,275
13.23,60,273
13.24,61,271
13.25,61,268
13.26,61,266
13.27,62,264
13.28,62,262
13.29,62,260
13.3,63,257
13.31,63,255
13.32,63,253
13.33,64,251
13.34,64,249
13.35,64,246
13.36,65,244
13.37,65,242
13.38,65,240
13.39,66,238
13.4,66,236
13.41,66,234
13.42,67,231
13.43,67,229
13.44,67,227
13.45,68,225
13.46,68,223
13.47,68,221
13.48,69,219
13.49,69,217
13.5,70,215
13.51,70,213
13.52,70,211
13.53,71,209
13.54,71,207
13.55,72,205
13.56,72,203
13.57,72,201
13.58,73,199
13.59,73,197
13.6,74,195
13.61,74,193
13.62,75,191
13.63,75,189
13.64,75,187
13.65,76,185
13.66,76,184
13.67,77,182
13.68,77,180
13.69,78,178
13.7,78,176
13.71,79,174
13.72,79,173
13.73,79,171
13.74,80,169
13.75,80,167
13.76,81,165
13.77,81,164
13.78,82,162
13.79,82,160
13.8,83,158
13.81,83,157
13.82,84,155
13.83,84,153
13.84,85,152
13.85,85,150
13.86,86,148
13.87,86,147
13.88,87,145
13.89,88,143
13.9,88,142
13.91,89,140
13.92,89,139
13.93,90,137
13.94,90,135
13.95,91,134
13.96,91,132
13.97,92,131
13.98,92,129
13.99,93,128
14,94,126
14.01,94,125
14.02,95,123
14.03,95,122
14.04,96,121
14.05,96,119
14.06,97,118
14.07,98,116
14.08,98,115
14.09,99,114
14.1,99,112
14.11,100,111
14.12,101,110
14.13,101,108
14.14,102,107
14.15,103,106
14.16,103,104
14.17,104,103
14.18,104,102
14.19,105,101
14.2,106,99
14.21,106,98
14.22,107,97
14.23,108,96
14.24,108,95
14.25,109,94
14.26,110,92
14.27,110,91
14.28,111,90
14.29,112,89
14.3,112,88
14.31,113,87
14.32,114,86
14.33,114,85
14.34,115,84
14.35,116,83
14.36,116,82
14.37,117,81
14.38,118,80
14.39,118,79
14.4,119,78
14.41,120,77
14.42,121,76
14.43,121,75
14.44,122,75
14.45,123,74
14.46,123,73
14.47,124,72
14.48,125,71
14.49,126,70
14.5,126,70
14.51,127,69
14.52,128,68
14.53,129,67
14.54,129,67
14.55,130,66
14.56,131,65
14.57,132,65
14.58,132,64
14.59,133,63
14.6,134,63
14.61,135,62
14.62,135,61
14.63,136,61
14.64,137,60
14.65,138,60
14.66,139,59
14.67,139,59
14.68,140,58
14.69,141,58
14.7,142,57
14.71,143,57
14.72,143,56
14.73,144,56
14.74,145,55
14.75,146,55
14.76,147,55
14.77,147,54
14.78,148,54
14.79,149,53
14.8,150,53
14.81,151,53
14.82,152,53
14.83,152,52
14.84,153,52
14.85,154,52
14.86,155,52
14.87,156,51
14.88,157,51
14.89,158,51
14.9,158,51
14.91,159,51
14.92,160,51
14.93,161,50
14.94,162,50
14.95,163,50
14.96,164,50
14.97,165,50
14.98,165,50
14.99,166,50
15,167,50
15.01,168,50
15.02,169,50
15.03,170,50
15.04,171,50
15.05,172,50
15.06,173,50
15.07,173,50
15.08,174,51
15.09,175,51
15.1,176,51
15.11,177,51
15.12,178,51
15.13,179,51
15.14,180,52
15.15,181,52
15.16,182,52
15.17,183,52
15.18,184,53
15.19,185,53
15.2,185,53
15.21,186,53
15.22,187,54
15.23,188,54
15.24,189,55
15.25,190,55
15.26,191,55
15.27,192,56
15.28,193,56
15.29,194,57
15.3,195,57
15.31,196,58
15.32,197,58
15.33,198,59
15.34,199,59
15.35,200,60
15.36,201,60
15.37,202,61
15.38,203,61
15.39,204,62
15.4,205,63
15.41,206,63
15.42,207,64
15.43,208,65
15.44,209,65
15.45,210,66
15.46,211,67
15.47,212,67
15.48,213,68
15.49,214,69
15.5,215,70
15.51,216,70
15.52,217,71
15.53,218,72
15.54,219,73
15.55,220,74
15.56,221,75
15.57,222,75
15.58,223,76
15.59,224,77
15.6,225,78
15.61,226,79
15.62,227,80
15.63,228,81
15.64,229,82
15.65,230,83
15.66,231,84
15.67,232,85
15.68,234,86
15.69,235,87
15.7,236,88
15.71,237,89
15.72,238,90
15.73,239,91
15.74,240,92
15.75,241,94
15.76,242,95
15.77,243,96
15.78,244,97
15.79,245,98
15.8,246,99
15.81,247,101
15.82,249,102
15.83,250,103
15.84,251,104
15.85,252,106
15.86,253,107
15.87,254,108
15.88,255,110
15.89,256,111
15.9,257,112
15.91,258,114
15.92,260,115
15.93,261,116
15.94,262,118
15.95,263,119
15.96,264,121
15.97,265,122
15.98,266,123
15.99,267,125
16,268,126
16.01,270,128
16.02,271,129
16.03,272,131
16.04,273,132
16.05,274,134
16.06,275,135
16.07,276,137
16.08,277,139
16.09,279,140
16.1,280,142
16.11,281,143
16.12,282,145
16.13,283,147
16.14,284,148
16.15,285,150
16.16,287,152
16.17,288,153
16.18,289,155
16.19,290,157
16.2,291,158
16.21,292,160
16.22,293,162
16.23,295,164
16.24,296,165
16.25,297,167
16.26,298,169
16.27,299,171
16.28,300,173
16.29,302,174
16.3,303,176
16.31,304,178
16.32,305,180
16.33,306,182
16.34,307,184
16.35,309,185
16.36,310,187
16.37,311,189
16.38,312,191
16.39,313,193
16.4,315,195
16.41,316,197
16.42,317,199
16.43,318,201
16.44,319,203
16.45,320,205
16.46,322,207
16.47,323,209
16.48,324,211
16.49,325,213
16.5,326,215
16.51,328,217
16.52,329,219
16.53,330,221
16.54,331,223
16.55,332,225
16.56,334,227
16.57,335,229
16.58,336,231
16.59,337,234
16.6,338,236
16.61,340,238
16.62,341,240
16.63,342,242
16.64,343,244
16.65,344,246
16.66,346,249
16.67,347,251
16.68,348,253
16.69,349,255
16.7,351,257
16.71,352,260
16.72,353,262
16.73,354,264
16.74,355,266
16.75,357,268
16.76,358,271
16.77,359,273
16.78,360,275
16.79,362,277
16.8,363,280
16.81,364,282
16.82,365,284
16.83,366,287
16.84,368,289
16.85,369,291
16.86,370,293
16.87,371,296
16.88,373,298
16.89,374,300
16.9,375,303
16.91,376,305
16.92,378,307
16.93,379,310
16.94,380,312
16.95,381,315
16.96,382,317
16.97,384,319
16.98,385,322
16.99,386,324
17,387,326
17.01,389,329
17.02,390,331
17.03,391,334
17.04,392,336
17.05,394,338
17.06,395,341
17.07,396,343
17.08,397,346
17.09,399,348
17.1,400,351
17.11,401,353
17.12,402,355
17.13,404,358
17.14,405,360
17.15,406,363
17.16,407,365
17.17,409,368
17.18,410,370
17.19,411,373
17.2,412,375
17.21,414,378
17.22,415,380
17.23,416,382
17.24,417,385
17.25,419,387
17.26,420,390
17.27,421,392
17.28,422,395
17.29,424,397
17.3,425,400
17.31,426,402
17.32,427,405
17.33,429,407
17.34,430,410
17.35,431,412
17.36,432,415
17.37,434,417
17.38,435,420
17.39,436,422
17.4,437,425
17.41,439,427
17.42,440,430
17.43,441,432
17.44,442,435
17.45,444,437
17.46,445,440
17.47,446,442
17.48,447,445
17.49,449,447
17.5,450,450
17.51,451,453
17.52,453,455
17.53,454,458
17.54,455,460
17.55,456,463
17.56,458,465
17.57,459,468
17.58,460,470
17.59,461,473
17.6,463,475
17.61,464,478
17.62,465,480
17.63,466,483
17.64,468,485
17.65,469,488
17.66,470,490
17.67,471,493
17.68,473,495
17.69,474,498
17.7,475,500
17.71,476,503
17.72,478,505
17.73,479,508
17.74,480,510
17.75,481,513
17.76,483,515
17.77,484,518
17.78,485,520
17.79,486,522
17.8,488,525
17.81,489,527
17.82,490,530
17.83,491,532
17.84,493,535
17.85,494,537
17.86,495,540
17.87,496,542
17.88,498,545
17.89,499,547
17.9,500,549
17.91,501,552
17.92,503,554
17.93,504,557
17.94,505,559
17.95,506,562
17.96,508,564
17.97,509,566
17.98,510,569
17.99,511,571
18,513,574
18.01,514,576
18.02,515,578
18.03,516,581
18.04,518,583
18.05,519,585
18.06,520,588
18.07,521,590
18.08,522,593
18.09,524,595
18.1,525,597
18.11,526,600
18.12,527,602
18.13,529,604
18.14,530,607
18.15,531,609
18.16,532,611
18.17,534,613
18.18,535,616
18.19,536,618
18.2,537,620
18.21,538,623
18.22,540,625
18.23,541,627
18.24,542,629
18.25,543,632
18.26,545,634
18.27,546,636
18.28,547,638
18.29,548,640
18.3,549,643
18.31,551,645
18.32,552,647
18.33,553,649
18.34,554,651
18.35,556,654
18.36,557,656
18.37,558,658
18.38,559,660
18.39,560,662
18.4,562,664
18.41,563,666
18.42,564,669
18.43,565,671
18.44,566,673
18.45,568,675
18.46,569,677
18.47,570,679
18.48,571,681
18.49,572,683
18.5,574,685
18.51,575,687
18.52,576,689
18.53,577,691
18.54,578,693
18.55,580,695
18.56,581,697
18.57,582,699
18.58,583,701
18.59,584,703
18.6,585,705
18.61,587,707
18.62,588,709
18.63,589,711
18.64,590,713
18.65,591,715
18.66,593,716
18.67,594,718
18.68,595,720
18.69,596,722
18.7,597,724
18.71,598,726
18.72,600,727
18.73,601,729
18.74,602,731
18.75,603,733
18.76,604,735
18.77,605,736
18.78,607,738
18.79,608,740
18.8,609,742
18.81,610,743
18.82,611,745
18.83,612,747
18.84,613,748
18.85,615,750
18.86,616,752
18.87,617,753
18.88,618,755
18.89,619,757
18.9,620,758
18.91,621,760
18.92,623,761
18.93,624,763
18.94,625,765
18.95,626,766
18.96,627,768
18.97,628,769
18.98,629,771
18.99,630,772
19,632,774
19.01,633,775
19.02,634,777
19.03,635,778
19.04,636,779
19.05,637,781
19.06,638,782
19.07,639,784
19.08,640,785
19.09,642,786
19.1,643,788
19.11,644,789
19.12,645,790
19.13,646,792
19.14,647,793
19.15,648,794
19.16,649,796
19.17,650,797
19.18,651,798
19.19,653,799
19.2,654,801
19.21,655,802
19.22,656,803
19.23,657,804
19.24,658,805
19.25,659,806
19.26,660,808
19.27,661,809
19.28,662,810
19.29,663,811
19.3,664,812
19.31,665,813
19.32,666,814
19.33,668,815
19.34,669,816
19.35,670,817
19.36,671,818
19.37,672,819
19.38,673,820
19.39,674,821
19.4,675,822
19.41,676,823
19.42,677,824
19.43,678,825
19.44,679,825
19.45,680,826
19.46,681,827
19.47,682,828
19.48,683,829
19.49,684,830
19.5,685,830
19.51,686,831
19.52,687,832
19.53,688,833
19.54,689,833
19.55,690,834
19.56,691,835
19.57,692,835
19.58,693,836
19.59,694,837
19.6,695,837
19.61,696,838
19.62,697,839
19.63,698,839
19.64,699,840
19.65,700,840
19.66,701,841
19.67,702,841
19.68,703,842
19.69,704,842
19.7,705,843
19.71,706,843
19.72,707,844
19.73,708,844
19.74,709,845
19.75,710,845
19.76,711,845
19.77,712,846
19.78,713,846
19.79,714,847
19.8,715,847
19.81,715,847
19.82,716,847
19.83,717,848
19.84,718,848
19.85,719,848
19.86,720,848
19.87,721,849
19.88,722,849
19.89,723,849
19.9,724,849
19.91,725,849
19.92,726,849
19.93,727,850
19.94,727,850
19.95,728,850
19.96,729,850
19.97,730,850
19.98,731,850
19.99,732,850
20,733,850
