t,theta_1,theta_2,omega_1,omega_2,f_torque1,f_torque2,c_torque1,c_torque2,e_theta1,e_theta2
0.5340456962585449,0.5702824155476431,2.0584195574058795,-0.27214813,0.029422421,0.47584534,-0.24225235,0,0,1.124093762261058,2.360252265845198
0.5579812526702881,0.5683491984989981,2.058064313723018,0.17066526,-0.01838781,0.39796472,-0.20307541,0,0,1.124093762261058,2.358718285057312
0.6048557758331299,0.5994530479100089,2.014822812868526,0.99017763,-1.0822549,2.0372086,-0.6448698,0,0,1.124093762261058,2.3525823619057697
0.6267969608306885,0.6199482242253165,1.9973123987449906,1.1972315,-1.2327603,1.1669952,-1.7413902,0,0,1.124093762261058,2.351048381117884
0.6547226905822754,0.6577963987973074,1.9611180742515824,1.214194,-0.959358,-0.14429152,-1.7167807,0,0,1.1302296854126004,2.349514400329998
0.6726739406585693,0.680924073853765,1.942097516848018,1.0635427,-0.6759968,-1.05254,-1.4970303,0,0,1.1317636662004862,2.349514400329998
0.7215442657470703,0.7162328521397452,1.9206450899376175,0.4018994,-0.2526215,-2.2228813,-1.5686893,0,0,1.2084627055947683,2.343378477178456
0.7375013828277588,0.7166117588665823,1.9206450899376175,0.39278537,-0.2526215,-2.2258937,-1.5686893,0,0,1.2161326095341964,2.343378477178456
0.7594418525695801,0.7200418869641165,1.916418405367305,-0.06689572,-0.07903557,-2.122687,-1.6008615,0,0,1.219200571109968,2.343378477178456
0.7953464984893799,0.709855274358068,1.900084348513057,-0.38565233,-0.43334374,-0.8292204,-1.4794874,0,0,1.228404455837282,2.343378477178456
0.8292555809020996,0.6950273076680045,1.883475633455684,-0.37319556,-0.32919875,0.1452303,-1.2871361,0,0,1.2422102829282524,2.343378477178456
0.8511970043182373,0.6884344379093985,1.8753751238121292,-0.20980865,-0.4380252,0.8482212,-1.3021374,0,0,1.2468122252919098,2.343378477178456
0.8771278858184814,0.6862739483502249,1.8678620775474808,-0.06858531,-0.5647969,1.3041228,-1.2581873,0,0,1.262152033170766,2.343378477178456
0.9020609855651855,0.6891568462040762,1.8505810220970413,0.27325004,-0.54748505,1.5424752,-1.1085463,0,0,1.280559802625394,2.343378477178456
0.9240021705627441,0.6941724578526358,1.8452943285240433,0.39808422,-0.27860266,1.3550001,-1.0982561,0,0,1.2912976681405928,2.343378477178456
0.9429874420166016,0.7018689076092581,1.8402150591148636,0.5322557,-0.37046525,1.1440849,-1.1349535,0,0,1.2958996105042502,2.343378477178456
0.9639303684234619,0.7153275767948966,1.8342307527794144,0.6481722,-0.27378848,0.79791546,-1.2420082,0,0,1.3020355336557925,2.343378477178456
0.9828801155090332,0.7304886142399649,1.8291905840172074,0.71418476,-0.21902369,0.41818798,-1.3173246,0,0,1.305103495231564,2.343378477178456
1.00382399559021,0.7414037148144583,1.8251274545921585,0.66399354,-0.22671947,0.08035898,-1.3524103,0,0,1.3081714568073348,2.343378477178456
1.0267622470855713,0.7551806728031973,1.820499273134639,0.5728474,-0.23106548,-0.13416111,-1.4310122,0,0,1.3127733991709922,2.343378477178456
1.0467092990875244,0.7650842229512076,1.8167394121422074,0.42829907,-0.18869518,-0.45011878,-1.476512,0,0,1.3173753415346487,2.343378477178456
1.0686509609222412,0.7745104591038565,1.8090017755760452,0.12853575,-0.28515583,-0.3785801,-1.5376949,0,0,1.3204433031104204,2.343378477178456
1.0885975360870361,0.7751853624966483,1.802937837435176,-0.011664156,-0.31053442,-0.11856079,-1.531496,0,0,1.3250452454740769,2.343378477178456
1.109541416168213,0.774060265221868,1.7946361025108597,-0.04477848,-0.3985974,0.13202071,-1.4300823,0,0,1.33118116862562,2.343378477178456
1.1314821243286133,0.7723893086102347,1.7876151521934769,-0.08220261,-0.4352691,0.5624211,-1.393199,0,0,1.3388510725650482,2.34184449639057
1.1484370231628418,0.7715506116536002,1.7796395738853714,-0.0060199574,-0.4081093,0.88635206,-1.3369751,0,0,1.3465209765044763,2.340310515602684
1.1743676662445068,0.7719535390522818,1.7708223779930374,0.038593583,-0.38952154,1.1291522,-1.3255692,0,0,1.3557248612317903,2.340310515602684
1.1963090896606445,0.7747230092671256,1.764607759310176,0.17260668,-0.34880337,1.2427145,-1.28788,0,0,1.366462726746989,2.3387765348147993
1.2142605781555176,0.7802889506008963,1.7581113298668167,0.27237326,-0.22019458,1.2218153,-1.3329458,0,0,1.3725986498985323,2.3387765348147993
1.2401916980743408,0.7852520505574088,1.7530888040794632,0.30018744,-0.32010183,1.2469703,-1.3035011,0,0,1.3787345730500746,2.3387765348147993
1.2780907154083252,0.7984005967762808,1.7422984560264847,0.35366708,-0.23247716,1.0377866,-1.2611008,0,0,1.3879384577773886,2.3387765348147993
1.3060154914855957,0.8092784444477896,1.7353628595604202,0.30400363,-0.17767152,0.8837652,-1.2927771,0,0,1.3956083617168167,2.3372425540269135
1.3249659538269043,0.8127951780941824,1.7338579614891312,0.24938512,-0.108472176,0.81903577,-1.3437939,0,0,1.4002103040804732,2.334174592451142
1.347902774810791,0.8170456449177603,1.7293208559288284,0.276517,-0.3231763,0.9466505,-1.3306522,0,0,1.401744284868359,2.332640611663256
1.3678505420684814,0.8204535404827933,1.7249921282066605,0.1763565,-0.34790143,1.1333412,-1.4033651,0,0,1.4078802080199022,2.3295726500874854
1.387800693511963,0.8249508301403861,1.7175086458458206,0.180613,-0.31878236,1.222704,-1.3892937,0,0,1.4155501119593303,2.3265046885117138
1.4067466259002686,0.828762368359838,1.7108815630211136,0.20609611,-0.3492702,1.320253,-1.3399506,0,0,1.4216860351108727,2.323436726935942
1.429685115814209,0.8322162787106375,1.7053478678001663,0.20721509,-0.31203768,1.3962394,-1.34274,0,0,1.4293559390503008,2.3203687653601714
1.4536211490631104,0.8408871452000479,1.6926053484215042,0.23945044,-0.28387007,1.4937425,-1.3144112,0,0,1.435491862201843,2.315766822996514
1.4785537719726562,0.845639900365148,1.6880029161705277,0.23163661,-0.18604612,1.4869541,-1.3455915,0,0,1.4416277853533863,2.3111648806328575
1.5184552669525146,0.858903364339147,1.6768845041527054,0.22698739,-0.11746215,1.3878781,-1.3586712,0,0,1.4523656508685852,2.3034949766934294
1.5373971462249756,0.8591885129597525,1.6768845041527054,0.24561106,-0.11746215,1.3842064,-1.3586712,0,0,1.4554336124443568,2.300427015117658
1.5553486347198486,0.8680255571987967,1.670972677065303,0.25150114,-0.2222137,1.5301001,-1.4913273,0,0,1.4585015740201284,2.297359053541886
1.5782873630523682,0.8729697028782706,1.6655415018333695,0.282821,-0.30127835,1.6400784,-1.3969803,0,0,1.4631035163837849,2.2927571111782297
1.6042566299438477,0.8815770904209952,1.6556795557274124,0.30149394,-0.32889104,1.6209108,-1.3323259,0,0,1.470773420323213,2.2866211880266873
1.6272907257080078,0.8835760513928275,1.653694959474971,0.2634709,-0.20844354,1.5582091,-1.3417482,0,0,1.4784433242626411,2.28201924566303
1.6502680778503418,0.8940652767804007,1.6451667269005081,0.2386367,-0.19165088,1.4829111,-1.4166307,0,0,1.4830452666262985,2.2774173032993734
1.692368984222412,0.9051344553616385,1.633229108644893,0.23912033,-0.2557025,1.6638148,-1.3798714,0,0,1.4907151705657267,2.2682134185720595
1.716336965560913,0.9095608154919486,1.6286257227196,0.291305,-0.28837872,1.7287737,-1.387217,0,0,1.496851093717269,2.262077495420517
1.7393338680267334,0.9137283126499991,1.624224515749385,0.2640773,-0.25735387,1.7559022,-1.376524,0,0,1.5029870168688113,2.255941572268974
1.7703254222869873,0.9203176061299185,1.6182678659691117,0.2646123,-0.21671095,1.7290157,-1.3863802,0,0,1.5106569208082394,2.2498056491174316
1.7983474731445312,0.9303289214756827,1.6107767542137406,0.25411013,-0.24726854,1.708734,-1.3663578,0,0,1.5167928439597826,2.2421357451780035
1.8233084678649902,0.9363783756878714,1.6071918924583695,0.26366237,-0.15710822,1.5901607,-1.3849854,0,0,1.5213947863234392,2.237533802814347
1.851337194442749,0.9426390091564993,1.6017931421531937,0.2869088,-0.25772688,1.6750634,-1.3704181,0,0,1.5259967286870966,2.229863898874918
1.8773324489593506,0.9474077383663992,1.5972898920311234,0.29506394,-0.23057261,1.6636604,-1.3365722,0,0,1.532132651838639,2.2237279757233757
1.8963680267333984,0.9548322717335562,1.5915502031578324,0.24082452,-0.22292307,1.6388142,-1.3671327,0,0,1.5367345942022954,2.219126033359719
1.9213507175445557,0.9648529450085501,1.5833710153831742,0.2748466,-0.20920773,1.7437983,-1.4117336,0,0,1.5428705173538386,2.211456129420291
1.937349796295166,0.9693249622967581,1.5793360193504593,0.27170995,-0.23239797,1.7914379,-1.4223957,0,0,1.5459384789296093,2.2068541870566336
1.9573566913604736,0.9732279936459403,1.5763014276756546,0.26257607,-0.16597092,1.7610508,-1.4157009,0,0,1.5505404212932667,2.202252244692977
1.977362871170044,0.9799338738110404,1.5713075121177933,0.29210195,-0.22803718,1.787107,-1.4069605,0,0,1.5536083828690375,2.1976503023293197
2.008925676345825,0.987632350125585,1.5655964334739945,0.3204213,-0.2242549,1.7530358,-1.4089751,0,0,1.5597443060205807,2.1915143791777774
2.0403826236724854,0.9958570758488516,1.5599764307274124,0.22748712,-0.10869041,1.663239,-1.3865972,0,0,1.565880229172123,2.185378456026235
2.0613815784454346,1.0012408653881888,1.5574086626304886,0.23752579,-0.18562475,1.6465497,-1.4174056,0,0,1.5689481907478937,2.1807765136625776
2.0825212001800537,1.0036196867611746,1.5544556101097367,0.19629139,-0.21425965,1.7570746,-1.4283466,0,0,1.5720161523236653,2.176174571298921
2.1124415397644043,1.0077618519451956,1.5490625818504593,0.21103925,-0.23797736,1.889692,-1.3989639,0,0,1.5766180946873227,2.170038648147378
2.136457920074463,1.0159734050419669,1.5415633638633988,0.24580467,-0.19981158,1.939134,-1.3730836,0,0,1.582754017838865,2.1639027249958356
2.1604528427124023,1.0203067223217825,1.5383871515526077,0.25115305,-0.12818949,1.9102782,-1.4288116,0,0,1.5873559602025216,2.159300782632179
2.1854424476623535,1.0260527292874198,1.5343912561668656,0.28425083,-0.14117673,1.9498485,-1.4024353,0,0,1.591957902566179,2.153164859480636
2.205472946166992,1.0310824076321463,1.5312212427391312,0.27032802,-0.13195044,1.9074327,-1.4003277,0,0,1.5965598449298355,2.150096897904865
2.225480794906616,1.0415061275151114,1.5251635034813187,0.2879591,-0.19598755,1.9342983,-1.4108658,0,0,1.599627806505607,2.1454949555412077
2.248505115509033,1.047977284589086,1.520774217440059,0.2962098,-0.19732071,1.9151618,-1.4165378,0,0,1.6026957680813778,2.140893013177551
2.2689995765686035,1.0528207580235343,1.5174463709129593,0.28615764,-0.18367149,1.9099882,-1.3935399,0,0,1.6072977104450352,2.136291070813894
2.287489891052246,1.058036700883184,1.5142916162742874,0.27162912,-0.14965318,1.8742877,-1.4075184,0,0,1.6118996528086917,2.133223109238123
2.3105080127716064,1.0630136291172843,1.51076683600085,0.2562917,-0.14253682,1.906327,-1.3880539,0,0,1.6149676143844633,2.1270871860865808
2.329542875289917,1.0677185813572745,1.5070713480247757,0.19180076,-0.20074713,1.9227138,-1.3508296,0,0,1.618035575960235,2.1224852437229234
2.348520040512085,1.0719975988056998,1.5040214975609085,0.20368317,-0.16490732,1.9372461,-1.3437629,0,0,1.6211035375360057,2.117883301359267
2.3725078105926514,1.0761286477234702,1.5006507356895706,0.22039069,-0.1607846,1.9898298,-1.3333797,0,0,1.625705479899663,2.1132813589956094
2.398514986038208,1.0802054266121726,1.4975756128563187,0.21555528,-0.13725673,1.9786167,-1.3270879,0,0,1.6287734414754338,2.107145435844067
2.418491840362549,1.0849001268532614,1.494658323122432,0.16722162,-0.09109371,1.9627597,-1.3522553,0,0,1.6318414030512054,2.1025434934804097
2.4415395259857178,1.087932781377111,1.4927080591453812,0.18552786,-0.095332734,1.9902053,-1.3182235,0,0,1.634909364626977,2.0964075703288674
2.4605464935302734,1.0926101664688925,1.489789815737178,0.23474829,-0.13934664,2.0724149,-1.3235545,0,0,1.6379773262027477,2.091805627965211
2.4815480709075928,1.096990511813436,1.487263532473018,0.2497232,-0.110450715,2.1136227,-1.3493419,0,0,1.6395113069906335,2.0887376663894393
2.500561237335205,1.101845339932714,1.4847629984154007,0.24502102,-0.11590301,2.1291332,-1.3586712,0,0,1.6425792685664051,2.0841357240257827
2.5205373764038086,1.1064951876786093,1.4826353510154984,0.2483401,-0.094728015,2.0908043,-1.3497138,0,0,1.6456472301421758,2.0795337816621253
2.5415539741516113,1.1122872392323355,1.4802926500572464,0.27754572,-0.10637966,2.0491645,-1.3454366,0,0,1.6471812109300616,2.074931839298469
2.5635526180267334,1.1187253753331046,1.4778588732017777,0.28259087,-0.07603097,2.0006757,-1.3439488,0,0,1.6487151917179474,2.071863877722697
2.589080810546875,1.1254202286389212,1.4755023439659378,0.22428405,-0.09041575,1.9829184,-1.3694882,0,0,1.651783153293719,2.065727954571155
2.6085548400878906,1.1288103918221335,1.474263521028926,0.2391039,-0.106298305,2.0050316,-1.3702011,0,0,1.653317134081604,2.0626599929953833
2.6290366649627686,1.1347662965443472,1.4714172800316117,0.18137762,-0.13670197,2.031983,-1.3692713,0,0,1.6548511148694898,2.0580580506317268
2.65054988861084,1.1393130282547812,1.46881708700793,0.18165351,-0.11621691,2.0223114,-1.3667917,0,0,1.6579190764452614,2.0534561082680693
2.673551559448242,1.1422607163575034,1.4670475443138382,0.17593181,-0.10566293,2.0881276,-1.3574934,0,0,1.6594530572331472,2.048854165904413
2.692577838897705,1.1458578566696982,1.4651106317772171,0.15096188,-0.108929165,2.0636697,-1.3619876,0,0,1.660987038021033,2.0442522235407554
2.734558582305908,1.1550150672581534,1.4611109216942093,0.20039667,-0.07128072,2.097478,-1.3051438,0,0,1.6655889803846895,2.0350483388134415
2.753547191619873,1.1576856831696372,1.460234494997432,0.22456558,-0.0835057,2.090579,-1.348629,0,0,1.6671229611725753,2.0319803772376708
2.794570207595825,1.1660429398205618,1.457105489565303,0.23498541,-0.08627484,2.107963,-1.3283587,0,0,1.6717249035362318,2.022776492510357
2.8225626945495605,1.1712592105057578,1.4555667360557816,0.20724428,-0.07670105,2.065643,-1.3305593,0,0,1.6732588843241176,2.0197085309345852
2.8445613384246826,1.1767205456879477,1.4539345224632523,0.21696453,-0.083001606,2.0509627,-1.320734,0,0,1.6763268458998892,2.013572607783043
2.867560863494873,1.1840502182629447,1.452283712221553,0.20302968,-0.047347255,1.9817438,-1.332078,0,0,1.677860826687775,2.0089706654193864
2.8915719985961914,1.1881615380432944,1.451119275881221,0.17650987,-0.060562596,2.0082507,-1.3146281,0,0,1.67939480747566,2.004368723055729
2.9125430583953857,1.1915240148690085,1.4500587900413773,0.1836289,-0.06151235,2.058377,-1.2921572,0,0,1.6809287882635457,1.9997667806920725
2.932546377182007,1.1954277912762503,1.4490192850364945,0.16128406,-0.054695718,2.0553937,-1.2975502,0,0,1.6824627690514316,1.9966988191163009
2.95255184173584,1.1979411403324942,1.448199125124385,0.18533622,-0.015636329,2.0945072,-1.3225007,0,0,1.6839967498393174,1.9920968767526444
2.971562147140503,1.201552883782659,1.4471324404014847,0.17168243,-0.053023815,2.1226537,-1.3133574,0,0,1.6839967498393174,1.987494934388987
2.996565818786621,1.2046144167569022,1.4465936144127152,0.16093053,-0.021023706,2.1208513,-1.2826419,0,0,1.6855307306272032,1.9828929920253304
3.0505495071411133,1.2129092971470694,1.4457157572044632,0.19684675,0.0041861404,2.0622926,-1.2977982,0,0,1.687064711415088,1.9767570688737872
3.079542636871338,1.2197010676052908,1.4450009783043167,0.20506674,-0.069461465,2.0437841,-1.2558317,0,0,1.6885986922029739,1.969087164934359
3.100537061691284,1.223007277646337,1.4448317011131546,0.15716447,-0.008872218,1.9234878,-1.2791705,0,0,1.6885986922029739,1.9644852225707026
3.1585276126861572,1.234611407914434,1.4441774805321,0.17080778,-0.0017710389,1.9848523,-1.2388158,0,0,1.6901326729908597,1.9552813378433886
3.185492753982544,1.2366826395180563,1.4441312273277542,0.1653478,-0.023897562,2.0535705,-1.2517405,0,0,1.6901326729908597,1.9506793954797312
3.2089836597442627,1.2427925328400473,1.4439819772972367,0.12242626,-0.0068338546,2.0348659,-1.2401485,0,0,1.6901326729908597,1.9460774531160747
3.230464458465576,1.2465977827694754,1.4439323862327835,0.1671268,-0.021803832,2.0009325,-1.2387538,0,0,1.6916666537787455,1.9414755107524182
3.252450466156006,1.2502643028881888,1.4439342935814163,0.13543554,-0.010136776,2.0081673,-1.2351894,0,0,1.6916666537787455,1.9384075491766466
3.2834551334381104,1.253886447348867,1.4439209421409867,0.17694578,-0.010584049,2.00441,-1.2129045,0,0,1.6916666537787455,1.9338056068129892
3.3054282665252686,1.2567300657418112,1.4439676721824906,0.15693131,0.0147569105,1.991019,-1.2130594,0,0,1.6916666537787455,1.9307376452372185
3.34543514251709,1.263884530463491,1.4440220316185257,0.12832224,-0.0006195195,1.9401896,-1.176858,0,0,1.6916666537787455,1.9246017220856761
3.3664374351501465,1.2650214294579367,1.4440830667747757,0.10327047,0.012103787,1.934824,-1.171124,0,0,1.6916666537787455,1.9215337605099045
3.3864407539367676,1.267717138924871,1.444090696169307,0.12871248,-0.018731989,1.9822258,-1.0980392,0,0,1.6916666537787455,1.918465798934133
3.4134678840637207,1.2728257934239249,1.4443901499046585,0.13888279,0.021054816,1.9803649,-1.0512066,0,0,1.6916666537787455,1.9138638565704764
3.440459728240967,1.2766162315991263,1.4446357210411331,0.118232995,0.00693387,1.9626993,-1.0121226,0,0,1.6916666537787455,1.9107958949947048
3.467413902282715,1.2790505150940756,1.4448717554344437,0.11287095,0.0111481305,1.9470447,-0.9735656,0,0,1.6932006345666313,1.9061939526310483
3.491417646408081,1.2835891107704978,1.4455736597313187,0.13411003,0.021296285,1.9036859,-0.93488455,0,0,1.6932006345666313,1.9031259910552767
3.511409282684326,1.2860280434277396,1.4459751566185257,0.15347426,0.03070558,1.9230852,-0.9073615,0,0,1.6932006345666313,1.900058029479505
3.531376600265503,1.2884322563793997,1.4466813524498245,0.14955226,0.051723734,1.9704201,-0.8930421,0,0,1.6932006345666313,1.8985240486916202
3.5503416061401367,1.2910490492966513,1.44741234381335,0.108201414,0.049394988,1.971311,-0.83564043,0,0,1.6932006345666313,1.8954560871158486
3.5693607330322266,1.2936522225525717,1.4480894525779984,0.12458196,0.004664747,1.951095,-0.7962465,0,0,1.6932006345666313,1.8939221063279628
3.5902950763702393,1.2962253848698477,1.4490097482933304,0.13400477,0.04837412,1.9313192,-0.7814622,0,0,1.694734615354517,1.890854144752192
3.620292901992798,1.2984303096917014,1.449637742830684,0.12795204,0.041754555,1.9217458,-0.7258582,0,0,1.694734615354517,1.8877861831764204
3.6433987617492676,1.3015545765545706,1.4510806520714066,0.10937701,0.04125961,1.9030809,-0.6949258,0,0,1.694734615354517,1.8847182216006488
3.6663382053375244,1.303036824860845,1.4514249284996292,0.085052304,0.002196174,1.8654789,-0.6893468,0,0,1.694734615354517,1.883184240812763
3.686284065246582,1.3053853372719626,1.4522751291527054,0.06303407,0.04235565,1.9094532,-0.6398487,0,0,1.694734615354517,1.8801162792369923
3.7052340507507324,1.3063543299820761,1.4524210413231156,0.08259781,-0.018842176,1.917537,-0.6388259,0,0,1.694734615354517,1.8785822984491065
3.7302064895629883,1.3100441257145743,1.4549797495140335,0.09737681,0.07544849,1.9600644,-0.5178237,0,0,1.694734615354517,1.87398035608545
3.7481906414031982,1.3119323114540915,1.456133695436885,0.099976905,0.06262215,1.9169456,-0.46321154,0,0,1.694734615354517,1.8724463752975642
3.7687251567840576,1.3140180269863944,1.457086416078975,0.07710647,0.07105771,1.9122903,-0.42744398,0,0,1.694734615354517,1.8709123945096784
3.7901759147644043,1.3165161768582205,1.4586022814049027,0.12800321,0.06776634,1.8799412,-0.37918568,0,0,1.694734615354517,1.8678444329339068
3.8151776790618896,1.3187902132656912,1.4601119478477738,0.07729676,0.07483583,1.850666,-0.3628826,0,0,1.694734615354517,1.864776471358136
3.837153911590576,1.3221581588175635,1.4623411615623734,0.083760016,0.068116084,1.7673385,-0.3130436,0,0,1.694734615354517,1.8617085097823645
3.8541572093963623,1.3232326815512518,1.4631985147728226,0.116456315,0.09229129,1.7400985,-0.32234192,0,0,1.694734615354517,1.8586405482065929
3.8751838207244873,1.3251101682570319,1.4651449640526077,0.091743,0.11278171,1.7499452,-0.26621103,0,0,1.694734615354517,1.857106567418708
3.8932034969329834,1.3267524550345282,1.4670246561302445,0.09119584,0.083484285,1.7685996,-0.23893595,0,0,1.694734615354517,1.8555725866308221
3.9132027626037598,1.3281316618111472,1.468751283480098,0.08206337,0.08577374,1.7910979,-0.19284725,0,0,1.694734615354517,1.8525046250550505
3.9322092533111572,1.329664976396833,1.4702719171776077,0.091357455,0.0795303,1.760376,-0.13008356,0,0,1.694734615354517,1.8509706442671647
3.9521918296813965,1.331330538788114,1.4714220484031937,0.08921233,0.032308154,1.7351741,-0.050737858,0,0,1.694734615354517,1.849436663479279
3.9701602458953857,1.332672701278005,1.4727600534691117,0.049361892,0.07505055,1.7347224,0.006942749,0,0,1.694734615354517,1.8463687019035082
3.989197015762329,1.334097341695104,1.4739707430137894,0.07286606,0.10451411,1.735947,0.09090662,0,0,1.694734615354517,1.8448347211156224
4.008146047592163,1.3353877226498465,1.4758060892357132,0.059421495,0.10182393,1.7496687,0.0949049,0,0,1.694734615354517,1.8433007403277366
4.029135227203369,1.336819172897611,1.4781454523338577,0.03689206,0.11200748,1.751008,0.13216019,0,0,1.694734615354517,1.8417667595398508
4.070157766342163,1.33944828907517,1.4820259531273148,0.097756,0.11498083,1.6736156,0.18450975,0,0,1.694734615354517,1.83869879796408
4.0881078243255615,1.340798066058431,1.484726281954219,0.081584774,0.102791175,1.6725808,0.23453474,0,0,1.694734615354517,1.8371648171761943
4.11210823059082,1.341821507611547,1.4875372370018265,0.051882036,0.14159149,1.6757685,0.27616024,0,0,1.694734615354517,1.8356308363883085
4.1350884437561035,1.3427659879114966,1.4901741464866898,0.035347186,0.118542016,1.6794735,0.29280424,0,0,1.694734615354517,1.8340968556004227
4.1630871295928955,1.3444462726500372,1.4940212686790726,0.056224644,0.12992807,1.6869848,0.33216715,0,0,1.694734615354517,1.8340968556004227
4.195043087005615,1.3458752642062048,1.4968574960960648,0.03363609,0.14431305,1.6632285,0.3619218,0,0,1.694734615354517,1.831028894024652
4.217019557952881,1.3468114594605307,1.4992111643089554,0.05185897,0.15303247,1.6376731,0.39923906,0,0,1.694734615354517,1.831028894024652
4.236036539077759,1.3474747399475913,1.5027388056053421,0.092382655,0.1634088,1.6557883,0.4511237,0,0,1.6932006345666313,1.8294949132367662
4.256018400192261,1.347921178736959,1.5074675997032425,0.015618918,0.22031985,1.6679465,0.43999672,0,0,1.6901326729908597,1.8294949132367662
4.275993824005127,1.3484594533827643,1.5121038873924515,0.008549906,0.28234118,1.6867334,0.42096615,0,0,1.6855307306272032,1.8279609324488804
4.295983076095581,1.3490774194386344,1.5160869081749222,0.048603207,0.20659588,1.6587256,0.4333949,0,0,1.6809287882635457,1.8279609324488804
4.338454246520996,1.3504930744555335,1.52556118567126,0.017457489,0.20825528,1.6587318,0.41579008,0,0,1.670190922748346,1.8248929708731088
4.359962701797485,1.3515264401820044,1.5315478761925003,0.038422618,0.21899933,1.6470733,0.41600704,0,0,1.6655889803846895,1.8248929708731088
4.378438234329224,1.3520225445416312,1.5339530428184769,0.0034946483,0.2048526,1.6285294,0.41358948,0,0,1.660987038021033,1.8233589900852238
4.398417234420776,1.3529159734633307,1.5394504984154007,0.02825132,0.21683285,1.6015595,0.42081118,0,0,1.6579190764452614,1.821825009297338
4.424908399581909,1.3532751212504248,1.54320034582751,0.015969709,0.24971569,1.6065882,0.43271303,0,0,1.651783153293719,1.821825009297338
4.442859888076782,1.3536381582405905,1.5471294840111038,0.030620309,0.24853581,1.6037719,0.41256666,0,0,1.6471812109300616,1.8202910285094522
4.49283766746521,1.3545264909651618,1.5624388178123734,0.013746008,0.25468296,1.5541766,0.41281462,0,0,1.636443345414862,1.8187570477215664
4.512827157974243,1.3546251962569098,1.5662420709862015,0.0259673,0.2514998,1.5510191,0.4284978,0,0,1.6303074222633196,1.8172230669336806
4.530813932418823,1.354898409047399,1.5703009088768265,0.026267836,0.22965786,1.5391738,0.4583764,0,0,1.625705479899663,1.8172230669336806
4.558832168579102,1.3549367795374732,1.5751093347801468,0.011961328,0.20193945,1.5226316,0.45592785,0,0,1.6211035375360057,1.8156890861457948
4.584763526916504,1.3552115569498877,1.5809300859703324,0.028494589,0.26758298,1.5136559,0.44380903,0,0,1.6134336335965775,1.8156890861457948
4.609753608703613,1.3554939488556723,1.5873993356956742,0.0013068244,0.22648494,1.4871607,0.460577,0,0,1.608831691232921,1.8156890861457948
4.632833957672119,1.3556112955000739,1.5917776544822952,0.0011008084,0.2610901,1.4789296,0.50037384,0,0,1.6042297488692636,1.81415510535791
4.665746212005615,1.355788336196218,1.5994876344932816,0.02978304,0.26338783,1.4735557,0.48242807,0,0,1.5980938257177213,1.81415510535791
4.68473219871521,1.355832458534513,1.6029032190574906,0.031552058,0.1475955,1.4604692,0.51965237,0,0,1.5934918833540648,1.81415510535791
4.733693599700928,1.3559664050724844,1.6164501627220413,0.015415324,0.24568236,1.4528098,0.5529094,0,0,1.5812200370509792,1.81415510535791
4.772664546966553,1.3559905300524573,1.627200933290889,-0.018328603,0.29881042,1.4285749,0.5110359,0,0,1.5704821715357795,1.81415510535791
4.7936389446258545,1.356051162877355,1.6324065645469925,-0.008079514,0.32530156,1.393494,0.5477333,0,0,1.5643462483842372,1.8126211245700241
4.812616586685181,1.355964214601789,1.6389955003990433,-0.0041859387,0.27006578,1.3646069,0.5200863,0,0,1.5597443060205807,1.8126211245700241
4.838626861572266,1.3559115240958075,1.64435419638293,-0.0038898168,0.32419044,1.316693,0.505085,0,0,1.5536083828690375,1.8126211245700241
4.862088918685913,1.3558446625855307,1.6497710665001175,-0.027736165,0.20648862,1.2806118,0.52473545,0,0,1.5459384789296093,1.8126211245700241
4.885028123855591,1.355797485509191,1.6552484949363968,-0.035088263,0.24856552,1.2555486,0.45822144,0,0,1.5413365365659528,1.8126211245700241
4.90198278427124,1.3557467619564871,1.660366388155391,0.011341368,0.29481038,1.224082,0.49082756,0,0,1.5367345942022954,1.8126211245700241
4.926921844482422,1.3555464456465582,1.66542992193835,-0.0128443055,0.26730147,1.1709474,0.527277,0,0,1.530598671050753,1.8110871437821383
4.944873571395874,1.3551009009268622,1.6720741709007523,-0.020386146,0.32193938,1.1246878,0.5168009,0,0,1.5244627478992108,1.8110871437821383
4.964820623397827,1.354509756961141,1.6827729662193558,-0.021959562,0.29723117,1.0527308,0.51853657,0,0,1.5183268247476676,1.8110871437821383
5.014686346054077,1.3537053475764136,1.6959918459190628,0.0043654605,0.27868563,0.96147895,0.5073166,0,0,1.506054978444583,1.8110871437821383
5.040616989135742,1.3533080975201468,1.7002948244346878,-0.052020296,0.3022107,0.92818487,0.5135155,0,0,1.496851093717269,1.8110871437821383
5.061561107635498,1.3530701706793646,1.7056120355858109,-0.031477638,0.19177611,0.89957726,0.52523136,0,0,1.4922491513536125,1.8110871437821383
5.080510139465332,1.3525954196837287,1.7111671884788773,-0.037750684,0.2758172,0.8454883,0.560689,0,0,1.4891811897778409,1.8110871437821383
5.100485801696777,1.3517431477692465,1.717758508516719,-0.07074478,0.29179868,0.80281585,0.5788517,0,0,1.4830452666262985,1.8095531629942525
5.117978572845459,1.350947187342916,1.725026460482051,-0.030124202,0.29009,0.7357019,0.5789137,0,0,1.4784433242626411,1.8095531629942525
5.140476226806641,1.3500195304539542,1.7309955080284378,-0.028889924,0.31464797,0.6850718,0.56812763,0,0,1.4723074011110988,1.8095531629942525
5.1684370040893555,1.3492828170445303,1.7356522997154495,-0.07323014,0.3531269,0.67160773,0.5584574,0,0,1.4631035163837849,1.8095531629942525
5.195420265197754,1.3474053303387503,1.7462094743980667,-0.035106298,0.324482,0.6548579,0.49715042,0,0,1.4554336124443568,1.8095531629942525
5.220411539077759,1.3463386605170111,1.7536061723961136,-0.074084945,0.3446583,0.592781,0.5029154,0,0,1.4508316700806994,1.8095531629942525
5.242381572723389,1.3456076691534857,1.7594269235862992,-0.03029172,0.2971716,0.51681864,0.5739546,0,0,1.4431617661412712,1.8095531629942525
5.260379076004028,1.344706610837255,1.764689775301387,-0.047250666,0.29644197,0.5009992,0.51866055,0,0,1.4385598237776147,1.8095531629942525
5.280391216278076,1.3436537841942648,1.7712028940452835,-0.052530635,0.36227682,0.4232876,0.56639194,0,0,1.4324239006260724,1.8095531629942525
5.299370288848877,1.3424330810692648,1.7775748689903519,-0.026845172,0.32665706,0.39887115,0.55188656,0,0,1.4262879774745292,1.8095531629942525
5.320373773574829,1.3410238037493567,1.783803315950801,-0.077520594,0.2915648,0.39343983,0.46739578,0,0,1.418618073535101,1.8095531629942525
5.342357158660889,1.339976311722074,1.787990899874141,-0.0714698,0.26040095,0.3614141,0.5526304,0,0,1.4124821503835587,1.8095531629942525
5.375323057174683,1.3373367796328406,1.7979501207603714,-0.06943919,0.34389922,0.29083505,0.53700924,0,0,1.4032782656562448,1.8095531629942525
5.398502588272095,1.3340271274235587,1.8090766390098831,-0.10489062,0.32026726,0.29501885,0.49962997,0,0,1.3956083617168167,1.8095531629942525
5.449361324310303,1.330196381607328,1.822137685610225,-0.041801654,0.14088781,0.2739194,0.48084736,0,0,1.3879384577773886,1.8080191822063667
5.500295639038086,1.3247568915274481,1.8404077013267777,-0.1431202,0.43441743,0.13145015,0.5357075,0,0,1.3695306883227607,1.8080191822063667
5.52328634262085,1.322701902189527,1.8472526987327835,-0.11743628,0.334885,0.12497887,0.47756195,0,0,1.358792822807561,1.8080191822063667
5.541429281234741,1.3208744237807135,1.8517945726646683,-0.13591114,0.2842098,0.11815399,0.53632736,0,0,1.3511229188681328,1.8080191822063667
5.579327583312988,1.3179678479817252,1.8605669458641312,-0.1042225,0.32876924,0.10941923,0.49863815,0,0,1.3388510725650482,1.8080191822063667
5.600301504135132,1.3142052749779563,1.8684137781395218,-0.11753198,0.21299373,0.11677712,0.4739046,0,0,1.332715149413505,1.8080191822063667
5.635264158248901,1.3098381022599082,1.8786924799217484,-0.11703399,0.38949317,0.10023594,0.50303936,0,0,1.3250452454740769,1.8080191822063667
5.695250034332275,1.3060451606896262,1.8884228189720413,-0.13789533,0.3273601,0.105048716,0.4612589,0,0,1.30663747601945,1.8080191822063667
5.757765769958496,1.2986711720612387,1.901779504610469,-0.0850585,0.24546498,0.15935779,0.35153866,0,0,1.297433591292136,1.8080191822063667
5.782271862030029,1.2970142821457724,1.9072955568565628,-0.01704492,0.12800533,0.1009348,0.4845047,0,0,1.2958996105042502,1.8080191822063667
5.824244022369385,1.2938330034401755,1.9239676912559769,-0.1425136,0.69185895,-0.30580014,0.55424213,0,0,1.2774918410496223,1.8080191822063667
5.840252161026001,1.287982509532247,1.9423407037987015,-0.17279023,0.428959,-0.32034487,0.44260025,0,0,1.2682879563223084,1.8080191822063667
5.894241809844971,1.276503370204244,1.9618690927757523,-0.29988602,0.3579861,-0.24888128,0.36437035,0,0,1.2406763021403666,1.8080191822063667
5.9122467041015625,1.2705492536213736,1.9668997247947952,-0.28601584,0.17217536,-0.0061020255,0.3518486,0,0,1.2330063982009385,1.8080191822063667
5.963238716125488,1.2529216865685324,1.9834330995811722,-0.24017563,0.22034135,0.19110501,0.42766094,0,0,1.2253364942615104,1.8080191822063667
6.041255712509155,1.242098526158605,1.9916938265098831,-0.13122293,0.35982072,0.12393683,0.5173588,0,0,1.202326782443226,1.8080191822063667
6.061268329620361,1.2390763024475913,2.0080278833641314,-0.069531284,0.1324947,0.16448975,0.355134,0,0,1.1961908592916837,1.8080191822063667
6.149260759353638,1.2277474860337119,2.0396302660240435,-0.16208968,0.21916953,-0.31450152,0.40751457,0,0,1.168579205109742,1.8080191822063667
6.184250593185425,1.2180777053025107,2.0533164461387896,-0.2872495,0.35963678,-0.361363,0.35711765,0,0,1.1547733780187706,1.8080191822063667
6.24324893951416,1.2071036855366568,2.061982484651973,-0.34600908,0.2643714,-0.07333279,0.31217575,0,0,1.142501531715686,1.8080191822063667
6.268397331237793,1.1917038718846182,2.072985025240352,-0.2471649,0.14586326,0.08712232,0.37831783,0,0,1.1363656085641436,1.8080191822063667
6.293289661407471,1.1845363537457327,2.0762237032188677,-0.19197682,0.14339256,0.24449617,0.55145264,0,0,1.133297646988372,1.8080191822063667
6.3193182945251465,1.1777278343823294,2.089754911257198,-0.18450204,0.4262868,0.0433442,0.52535534,0,0,1.1302296854126004,1.8080191822063667
6.350521564483643,1.175227747359548,2.0954793413414263,-0.20844969,0.49059132,-0.08910209,0.45158863,0,0,1.1179578391095157,1.8080191822063667
6.36947226524353,1.1704846183445792,2.1047519167198443,-0.19972466,0.31873795,-0.20195514,0.45078278,0,0,1.107219973594316,1.8080191822063667
6.391412258148193,1.1647216836598258,2.113962980104854,-0.21921185,0.29808947,-0.3291443,0.4412365,0,0,1.0995500696548879,1.8080191822063667
6.415349006652832,1.1588018695500235,2.1227696855797076,-0.267584,0.3449056,-0.37197322,0.35253048,0,0,1.090346184927574,1.8080191822063667
6.441278696060181,1.150463686385427,2.1325605829490923,-0.28038833,0.28529486,-0.32024056,0.30455112,0,0,1.0826762809881458,1.8080191822063667
6.4812843799591064,1.13991575042275,2.1407707651390337,-0.25425917,0.10346905,-0.169895,0.38891792,0,0,1.071938415472946,1.8080191822063667
6.51238751411438,1.1318520764496665,2.1451652963890337,-0.21547608,0.12671264,-0.14008999,0.39542675,0,0,1.0673364731092896,1.8080191822063667
6.534329652786255,1.1283195475724082,2.148067327333858,-0.23041585,0.28053072,-0.3394562,0.5189705,0,0,1.0658024923214038,1.8080191822063667
6.561285972595215,1.122947827973638,2.1573980768455767,-0.20192757,0.396388,-0.65985113,0.52176,0,0,1.0596665691698615,1.8080191822063667
6.582301139831543,1.1203602711346488,2.162443490816524,-0.21019037,0.40487865,-0.756647,0.44520378,0,0,1.0535306460183183,1.8080191822063667
6.603271007537842,1.1165688494828085,2.1684735735191607,-0.18434954,0.24070422,-0.7941562,0.4579115,0,0,1.0458607420788901,1.8080191822063667
6.632275581359863,1.1072930256512503,2.1806395967735552,-0.24713093,0.30392644,-0.9465274,0.38544655,0,0,1.0351228765636913,1.8080191822063667
6.66736364364624,1.0974657694485526,2.1900814493431353,-0.27979115,0.25912425,-0.99813074,0.44439793,0,0,1.0259189918363774,1.8080191822063667
6.696286678314209,1.0902238051083426,2.1967910249962115,-0.28492975,0.15676755,-0.98224044,0.4406786,0,0,1.0197830686848341,1.8080191822063667
6.753298759460449,1.0837859074261527,2.203060479952266,-0.27422717,0.2792811,-1.0802817,0.3602171,0,0,1.0075112223817495,1.8080191822063667
6.8052990436553955,1.0747268060829978,2.2108806093467974,-0.25732878,0.2873178,-1.0950706,0.3318882,0,0,0.995239376078664,1.8126211245700241
6.830341339111328,1.0649531642582755,2.2182191332115435,-0.11596773,0.24482483,-1.2167877,0.4357195,0,0,0.9937053952907791,1.81415510535791
6.8533103466033936,1.0610385100033621,2.230009885622432,-0.20388591,0.56673557,-2.0847106,0.3512287,0,0,0.9906374337150075,1.8172230669336806
6.886301755905151,1.0553675452854971,2.241151185823848,-0.32314387,0.4752494,-2.341947,0.27541637,0,0,0.9783655874119219,1.821825009297338
6.914319038391113,1.0423422614720206,2.2529099901451373,-0.41975433,0.29402572,-2.0700157,0.18671036,0,0,0.9645597603209515,1.8248929708731088
6.938319683074951,1.029308752217565,2.2596496065391802,-0.49244004,0.25716805,-2.0034795,0.18764019,0,0,0.959957817957295,1.8279609324488804
6.961314916610718,1.0168864289906363,2.2642301042808795,-0.4985752,0.24298763,-1.8228179,0.26128292,0,0,0.9522879140178664,1.8325628748125369
6.994308233261108,1.0069127241757254,2.269074292971065,-0.5091827,0.17982443,-1.7767847,0.283103,0,0,0.9461519908663236,1.840232778751966
7.014328956604004,0.9959368268635611,2.2723806818260455,-0.38011667,0.15690285,-1.5962732,0.32060623,0,0,0.9415500485026667,1.8448347211156224
7.036300182342529,0.9898003498700003,2.275606962038448,-0.29873025,0.20089927,-1.6673404,0.27907372,0,0,0.9384820869268955,1.8509706442671647
7.057316780090332,0.9828506867077689,2.2812965830101275,-0.2848798,0.21371269,-1.8997306,0.26903152,0,0,0.9354141253511243,1.857106567418708
7.082319498062134,0.9782577911999564,2.2856844385399127,-0.25755855,0.20818801,-2.0172148,0.2874422,0,0,0.9277442214116962,1.866310452146021
7.102344989776611,0.9723102609303336,2.2906630953087115,-0.2510468,0.18963836,-2.1008658,0.24628162,0,0,0.9231422790480392,1.875514336873335
7.127832889556885,0.9676034609463553,2.294148298098018,-0.30373135,0.18044116,-2.1362138,0.22012234,0,0,0.9185403366843823,1.8847182216006488
7.151329517364502,0.9614597717907767,2.298127027346065,-0.33250892,0.2208851,-2.227037,0.22390366,0,0,0.9154723751086111,1.892388125540077
7.182388782501221,0.9434144059803824,2.30645832617419,-0.40457356,0.15786049,-2.1442664,0.2236557,0,0,0.9093364519570684,1.9046599718431625
7.203332901000977,0.9380597035076956,2.308218808962276,-0.397977,0.10256465,-2.0073514,0.2186966,0,0,0.9062684903812972,1.9123298757825906
7.237855434417725,0.9223920265820365,2.313308091951778,-0.41703165,0.17494588,-2.0426745,0.25062084,0,0,0.9016665480176402,1.9230677412977903
7.258425712585449,0.9132019440319876,2.3163755853904986,-0.39831245,0.07816159,-1.8691015,0.2508688,0,0,0.8985985864418691,1.9292036644493327
7.2894086837768555,0.9038366238262991,2.3192676027550005,-0.39234155,0.14025798,-1.9589233,0.27045727,0,0,0.8939966440782121,1.9399415299645324
7.30536675453186,0.8936842838909964,2.323954435182979,-0.33931333,0.11042499,-1.9695419,0.25179863,0,0,0.8909286825024405,1.9460774531160747
7.340367555618286,0.8836888829853873,2.3281267603172564,-0.33331636,0.18123604,-2.1863194,0.23121834,0,0,0.8878607209266693,1.9537473570555028
7.3613669872283936,0.8739546696331839,2.332778783632686,-0.33049884,0.10487212,-2.1834779,0.2369833,0,0,0.8832587785630124,1.9644852225707026
7.400364875793457,0.8571747104313712,2.338224263979366,-0.36667946,0.14485642,-2.307692,0.20450115,0,0,0.8771228554114701,1.9767570688737872
7.438388824462891,0.8506987253811698,2.340788217379024,-0.42964938,0.15155995,-2.320643,0.22613525,0,0,0.8740548938356985,1.987494934388987
7.4543397426605225,0.8428787748005728,2.3424371202720904,-0.35411572,0.026200287,-2.0694776,0.2159071,0,0,0.8709869322599273,1.995164838328415
7.483360290527344,0.8324471871044974,2.3441351373924517,-0.34921628,0.030491991,-2.0617878,0.23059845,0,0,0.8694529514720419,2.004368723055729
7.5143656730651855,0.8169936100628714,2.348544927431514,-0.3295483,0.06265442,-2.2097468,0.23791313,0,0,0.8663849898962703,2.013572607783043
7.545381546020508,0.8063771287587027,2.350966783358028,-0.3286612,0.055597536,-2.2100139,0.2180767,0,0,0.8633170283204992,2.0243104732982427
7.57442569732666,0.796929613747869,2.3529914339317584,-0.3546188,0.11348477,-2.4046822,0.2198124,0,0,0.8617830475326134,2.0335143580255566
7.597911596298218,0.7910034219410758,2.3550780733360552,-0.34133148,0.11605835,-2.5352426,0.22501945,0,0,0.860249066744728,2.0411842619649847
7.617398023605347,0.7856183210995535,2.3562544306053423,-0.37751645,0.009949148,-2.47756,0.24566174,0,0,0.8571811051689564,2.047320185116527
7.6394195556640625,0.7768515507366995,2.3580807169212603,-0.40508467,0.09300296,-2.494775,0.19278526,0,0,0.855647124381071,2.054990089055955
7.658417224884033,0.7686072150853018,2.359308095766475,-0.43274412,0.06757818,-2.4775643,0.2075386,0,0,0.8541131435931852,2.0611260122074975
7.681394100189209,0.7548192302372794,2.360796304537227,-0.41719416,0.06748412,-2.3480387,0.19991398,0,0,0.8525791628052999,2.0687959161469256
7.707898378372192,0.7441815892842154,2.361995549990108,-0.39563212,0.029662102,-2.2909403,0.19991398,0,0,0.8510451820174141,2.0764658200863546
7.734407424926758,0.7367084185269217,2.362542959047725,-0.37553015,0.042262796,-2.2551584,0.2120018,0,0,0.8495112012295283,2.0856697048136676
7.755397796630859,0.7304520169880728,2.362903924776485,-0.33276916,-0.0042003375,-2.2078776,0.21906853,0,0,0.8479772204416429,2.091805627965211
7.7754034996032715,0.7240553657200675,2.3634890039696,-0.28055838,0.04210494,-2.3221369,0.20164967,0,0,0.8479772204416429,2.099475531904639
7.800410985946655,0.7190550128605704,2.363981576754024,-0.25072628,0.0154172,-2.470392,0.1947689,0,0,0.8464432396537571,2.1056114550561813
7.825401782989502,0.7116522351887564,2.364882798983028,-0.28561336,0.009309387,-2.5641108,0.16792774,0,0,0.8464432396537571,2.116349320571381
7.844383001327515,0.7068640748646597,2.3654168566002154,-0.3023578,0.035483707,-2.495739,0.13693333,0,0,0.8449092588658713,2.1224852437229234
7.861395359039307,0.7007010738041739,2.365491243196895,-0.31372675,0.011942988,-2.4797254,0.16185284,0,0,0.8449092588658713,2.1270871860865808
7.886391878128052,0.68988694349793,2.365725847078731,-0.36018193,-0.0016949382,-2.6034184,0.1426363,0,0,0.8449092588658713,2.136291070813894
7.907404661178589,0.6871845881131033,2.3657639940513873,-0.33790225,0.009522937,-2.5717378,0.14009476,0,0,0.843375278077986,2.142426993965437
7.933395624160767,0.6747443238880972,2.365794034792354,-0.3322811,-0.0008627195,-2.474218,0.1337719,0,0,0.843375278077986,2.150096897904865
7.958427429199219,0.6663547317173819,2.365673871828487,-0.3220027,-0.034176122,-2.307592,0.17307281,0,0,0.843375278077986,2.1577668018442933
7.987869739532471,0.659582988419805,2.365704389406612,-0.26335672,-0.009554271,-2.3383002,0.15714169,0,0,0.843375278077986,2.166970686571607
8.039730310440063,0.6434534351017813,2.3650692423118853,-0.2530169,-0.007452706,-2.5037832,0.05517006,0,0,0.8418412972901002,2.1807765136625776
8.057682514190674,0.6397085944798331,2.3647530992759966,-0.24521884,-0.025423642,-2.589537,0.037875175,0,0,0.8418412972901002,2.185378456026235
8.078627586364746,0.6334384242680411,2.3641680200828814,-0.25078815,-0.029287167,-2.6040065,0.009980202,0,0,0.8418412972901002,2.1899803983898916
8.099570512771606,0.6287527243283133,2.3635490854515337,-0.2731423,-0.046466574,-2.6125722,-0.029506683,0,0,0.8418412972901002,2.196116321541434
8.126498937606812,0.620616809525762,2.3626264055504107,-0.26137334,-0.045743182,-2.5600095,-0.06521225,0,0,0.8418412972901002,2.202252244692977
8.144450426101685,0.6178075830128531,2.362115712953975,-0.25446978,-0.050161123,-2.4960475,-0.0460577,0,0,0.8418412972901002,2.2068541870566336
8.168386459350586,0.6096643964436392,2.3609269579185748,-0.23709506,-0.035256863,-2.3820596,-0.07897377,0,0,0.8418412972901002,2.211456129420291
8.189330816268921,0.6071472922947745,2.3603094537987017,-0.243599,-0.04738567,-2.3674064,-0.12410164,0,0,0.8418412972901002,2.2175920525718333
8.214263916015625,0.5992856184628348,2.358385415865352,-0.21428798,-0.07672989,-2.555645,-0.18999577,0,0,0.8418412972901002,2.22219399493549
8.237498998641968,0.5961907664921622,2.357525678469112,-0.18485205,-0.03368447,-2.5889027,-0.23159027,0,0,0.8403073165022144,2.228329918087033
8.257446050643921,0.5920270244267325,2.3563135584129595,-0.1845162,-0.052855007,-2.5195754,-0.24119854,0,0,0.8403073165022144,2.2329318604506896
8.276394844055176,0.587918953099523,2.35544571478503,-0.19910415,-0.06580558,-2.557335,-0.29283524,0,0,0.8403073165022144,2.235999822026461
8.30332326889038,0.5844329158451895,2.353974672151973,-0.1955307,-0.0733053,-2.6314187,-0.33157825,0,0,0.8403073165022144,2.2421357451780035
8.324271202087402,0.5807429114964346,2.3533204515709185,-0.19386582,-0.0015459387,-2.616632,-0.33046246,0,0,0.8403073165022144,2.245203706753775
8.347208261489868,0.5761597315457205,2.3517259081138873,-0.2085476,-0.15477742,-2.573586,-0.38947582,0,0,0.8403073165022144,2.2498056491174316
8.364160537719727,0.572604970135961,2.3498624284996295,-0.20743741,-0.080838345,-2.582469,-0.4694414,0,0,0.8403073165022144,2.2528736106932032
8.385104179382324,0.5650165836003165,2.3466633280052447,-0.19675766,-0.08248257,-2.5456524,-0.5488491,0,0,0.8403073165022144,2.255941572268974
8.409039974212646,0.5607401887562613,2.3444140871300005,-0.18045743,-0.09648937,-2.5164962,-0.5817652,0,0,0.8403073165022144,2.2590095338447456
8.436965465545654,0.5572224418309073,2.3422969301475787,-0.17452715,-0.11625054,-2.4858212,-0.60129166,0,0,0.8403073165022144,2.262077495420517
8.459903955459595,0.5543938438084464,2.3406632860435748,-0.17510195,-0.0913114,-2.4757326,-0.6192684,0,0,0.8403073165022144,2.2666794377841737
8.481845378875732,0.5517034093525748,2.3385971506370806,-0.11467155,-0.100656055,-2.4316394,-0.64071655,0,0,0.8403073165022144,2.2697473993599453
8.500831604003906,0.5493696490910391,2.3363131006492877,-0.081784695,-0.12279144,-2.45422,-0.704751,0,0,0.8403073165022144,2.272815360935716
8.523771047592163,0.54723318020371,2.333907457186153,-0.09614357,-0.123319454,-2.501918,-0.72954655,0,0,0.8403073165022144,2.2758833225114876
8.548739910125732,0.5458418885853629,2.331722589327266,-0.09937451,-0.11980137,-2.5357723,-0.7791376,0,0,0.8403073165022144,2.278951284087259
8.572725296020508,0.5422876636174063,2.3279436548485064,-0.11495571,-0.105771564,-2.504897,-0.8530283,0,0,0.8403073165022144,2.28201924566303
8.593730926513672,0.539789275327001,2.3257559259666705,-0.06779691,-0.1136722,-2.4982965,-0.9639263,0,0,0.8403073165022144,2.2850872072388015
8.618730545043945,0.537148312726293,2.323318334413936,-0.11015494,-0.13635433,-2.4518669,-1.0463715,0,0,0.8403073165022144,2.288155168814573
8.641948223114014,0.5358430902150015,2.321775289369991,-0.1091133,-0.12695643,-2.4410856,-1.0812092,0,0,0.8403073165022144,2.289689149602458
8.665883302688599,0.5336846868183951,2.318761678530147,-0.08380238,-0.09374351,-2.4050033,-1.1205101,0,0,0.8403073165022144,2.291223130390344
8.68483281135559,0.5314492742207388,2.3154624422325396,-0.10042041,-0.14854136,-2.3823476,-1.1286306,0,0,0.8403073165022144,2.2927571111782297
8.706774711608887,0.5304318229344229,2.313454004122188,-0.089134276,-0.18575059,-2.3765314,-1.1683035,0,0,0.8403073165022144,2.2942910919661155
8.727751970291138,0.5282212058689932,2.3066423853172564,-0.057550486,-0.19922888,-2.3402655,-1.2522984,0,0,0.8403073165022144,2.2958250727540013
8.75174880027771,0.5273278514530997,2.303181501223018,-0.02670725,-0.16679235,-2.3353422,-1.303935,0,0,0.8403073165022144,2.297359053541886
8.774745464324951,0.5266656438496451,2.2997506578697466,-0.045645587,-0.19939135,-2.291057,-1.3398266,0,0,0.8403073165022144,2.300427015117658
8.80674409866333,0.5258584777500968,2.2960017641319537,-0.02875249,-0.15568577,-2.2769046,-1.3808012,0,0,0.843375278077986,2.3019609959055436
8.838790893554688,0.5253046313908438,2.2896398027672076,0.0030103805,-0.17256539,-2.3270643,-1.3561916,0,0,0.8495112012295283,2.3034949766934294
8.857753992080688,0.5245449105885367,2.2861507852806353,-0.0020443965,-0.18834624,-2.2936106,-1.4302683,0,0,0.8525791628052999,2.305028957481315
8.878792762756348,0.5241260091450552,2.2804935892357134,-0.026679039,-0.30564922,-2.2655976,-1.4142132,0,0,0.855647124381071,2.3065629382692
8.898788690567017,0.5238500396397452,2.2757352312340045,-0.054303955,-0.31953016,-2.2428584,-1.3822889,0,0,0.860249066744728,2.3065629382692
8.91977334022522,0.5237209359791617,2.2700923403038287,-0.007804485,-0.3360114,-2.229557,-1.3697672,0,0,0.8663849898962703,2.308096919057086
8.939779043197632,0.5233577052739005,2.2641499956383013,-0.014299687,-0.26477936,-2.2113907,-1.359787,0,0,0.8740548938356985,2.308096919057086
8.960782051086426,0.5227144519474844,2.2577579935325884,-0.026492883,-0.22740443,-2.1715033,-1.3567495,0,0,0.8801908169872412,2.308096919057086
8.980758428573608,0.522424773373876,2.2534640749229693,-0.010261415,-0.28295144,-2.1450758,-1.3504887,0,0,0.886326740138784,2.3096308998449717
9.00078797340393,0.5221811095860343,2.247944684816768,-0.022504615,-0.23032494,-2.1196496,-1.3383389,0,0,0.8909286825024405,2.3096308998449717
9.024715185165405,0.5221186439183096,2.2424877603782916,-0.017620817,-0.27211273,-2.1180809,-1.3350534,0,0,0.8970646056539833,2.3096308998449717
9.048737287521362,0.5221081535008292,2.237644048525264,-0.0014963783,-0.2393064,-2.0615208,-1.3530922,0,0,0.9016665480176402,2.3096308998449717
9.06769609451294,0.5223969976094107,2.228548856569698,0.019562779,-0.27734843,-2.0139396,-1.3385868,0,0,0.9078024711691826,2.3096308998449717
9.091721534729004,0.5226637879994254,2.22194847662585,0.026113499,-0.31694633,-1.9486427,-1.2729406,0,0,0.9139383943207253,2.3111648806328575
9.109733819961548,0.5230243961003165,2.2158101518883013,-0.013928997,-0.24973589,-1.9034898,-1.2080383,0,0,0.9200743174722681,2.3111648806328575
9.131730794906616,0.5232510129597525,2.209532113863399,0.0385586,-0.37333876,-1.813643,-1.2750483,0,0,0.9277442214116962,2.3111648806328575
9.151730298995972,0.5237040082600455,2.2031768282188677,0.008241052,-0.2567886,-1.7106533,-1.2796974,0,0,0.9338801445632385,2.3111648806328575
9.192155838012695,0.5247951308873038,2.1916688402427935,0.00013439544,-0.2294806,-1.5797842,-1.2750483,0,0,0.9461519908663236,2.3111648806328575
9.2131028175354,0.525592521825109,2.1864217241539263,0.03966431,-0.26442856,-1.501236,-1.2532282,0,0,0.9507539332299806,2.3111648806328575
9.230059385299683,0.5265647927906851,2.181176515413692,0.050828844,-0.29920816,-1.4430737,-1.2495708,0,0,0.9553558755936375,2.3126988614207433
9.264961242675781,0.5283516208317618,2.1713884790672564,0.058849417,-0.32711488,-1.3407266,-1.2293005,0,0,0.9645597603209515,2.3126988614207433
9.283910512924194,0.5288022319462637,2.168948980165889,0.027938101,-0.18300298,-1.3464844,-1.1923552,0,0,0.9706956834724938,2.3126988614207433
9.306849241256714,0.5299270908024649,2.1634920557274127,0.045913782,-0.21771978,-1.2820971,-1.2035131,0,0,0.976831606624037,2.3126988614207433
9.327792406082153,0.5312104980137686,2.1566766222252154,0.057632174,-0.27037495,-1.1548412,-1.2554598,0,0,0.9814335489876935,2.3126988614207433
9.352726221084595,0.5331148664143424,2.1481269319786334,0.11206065,-0.314083,-0.9960091,-1.309948,0,0,0.9875694721392358,2.3126988614207433
9.37267279624939,0.5340265790608267,2.1442445238365435,0.04984729,-0.26962844,-0.926106,-1.3613987,0,0,0.9921714145028933,2.3126988614207433
9.400598287582397,0.5358845750477652,2.1374696214927935,0.08908582,-0.24747208,-0.88382363,-1.337471,0,0,1.0013752992302072,2.3126988614207433
9.423537492752075,0.5380737344410758,2.1313069780601763,0.10619542,-0.285061,-0.79572916,-1.337595,0,0,1.0075112223817495,2.3126988614207433
9.447473526000977,0.5417371551182608,2.1203063448204302,0.14107019,-0.34090468,-0.72242975,-1.3169527,0,0,1.0151811263211776,2.3126988614207433
9.47041130065918,0.5443532029774527,2.113394590212276,0.09858799,-0.28947583,-0.66456795,-1.3362932,0,0,1.0228510302606058,2.3126988614207433
9.492352962493896,0.5461360971119742,2.10953507025378,0.11493279,-0.16973513,-0.7106888,-1.3077164,0,0,1.028986953412148,2.3126988614207433
9.5172860622406,0.5474341670658927,2.1075647791160845,0.04180736,-0.068068385,-0.7687259,-1.3291645,0,0,1.0335888957758055,2.3126988614207433
9.54022479057312,0.548301295438085,2.1069448908104205,0.03898658,0.04097174,-0.7990587,-1.287818,0,0,1.0351228765636913,2.3142328422086282
9.56316328048706,0.54850430885819,2.106610151125362,-0.0037039295,0.006803451,-0.81258535,-1.2803173,0,0,1.0366568573515762,2.3142328422086282
9.588096380233765,0.5483406345036368,2.1063631494774127,-0.017142382,-0.011605697,-0.7862079,-1.2738705,0,0,1.0366568573515762,2.3142328422086282
9.61502480506897,0.5476631681111197,2.105574937654903,-0.018480103,-0.022059107,-0.75081825,-1.248951,0,0,1.0366568573515762,2.3142328422086282
9.631980419158936,0.5476792613652091,2.105534883333614,-0.005803382,-0.030013204,-0.7473886,-1.2392187,0,0,1.0366568573515762,2.3142328422086282
9.653920412063599,0.547654585042272,2.1052711923851275,-0.0071212146,-0.024400378,-0.7414055,-1.220684,0,0,1.038190838139462,2.3142328422086282
9.678853988647461,0.5479276935246329,2.105258317781856,0.0061011314,-0.011266342,-0.76455355,-1.2307262,0,0,1.038190838139462,2.3142328422086282
9.704784393310547,0.5481150905278067,2.105223031832149,0.030702598,0.00745938,-0.77833056,-1.2185144,0,0,1.038190838139462,2.3142328422086282
9.727723121643066,0.5480454723027091,2.1051329096092486,-0.014526545,-0.022777237,-0.7635188,-1.2084723,0,0,1.038190838139462,2.3142328422086282
9.748667001724243,0.5480260411885123,2.1051777323021197,-0.010755831,-0.0069857985,-0.76498747,-1.2462854,0,0,1.038190838139462,2.3142328422086282
9.776592016220093,0.547776416936193,2.104880185915401,-0.0065356083,-0.03360916,-0.7456279,-1.221118,0,0,1.038190838139462,2.3142328422086282
9.797537565231323,0.5477188388493399,2.104863496614864,-0.026278539,-0.010574119,-0.7450855,-1.2121916,0,0,1.038190838139462,2.3142328422086282
9.820474624633789,0.5478643933918814,2.104801030947139,0.011419971,-0.011959704,-0.7581115,-1.2086582,0,0,1.038190838139462,2.3142328422086282
9.855382204055786,0.5479801456120352,2.1048434694542193,0.03397478,0.025435856,-0.7633686,-1.2306023,0,0,1.038190838139462,2.3142328422086282
9.89128589630127,0.5479193488743643,2.104685159517696,-0.01499548,0.00017367862,-0.7647872,-1.2273169,0,0,1.0397248189273478,2.3142328422086282
9.945140838623047,0.5479034940388541,2.104685159517696,-0.01901075,0.00017367862,-0.76352715,-1.2273169,0,0,1.0397248189273478,2.3142328422086282
9.971071720123291,0.5479063550618033,2.1046308000816607,0.0048484225,-0.0053264247,-0.7675159,-1.2193823,0,0,1.0397248189273478,2.3142328422086282
10.015952110290527,0.5478945533421378,2.1046160181297564,-0.00469906,0.009490933,-0.7530713,-1.2243414,0,0,1.0397248189273478,2.3142328422086282
10.058839082717896,0.5478711883213858,2.104481550051143,0.017480297,-0.01385706,-0.77389956,-1.2032032,0,0,1.0397248189273478,2.3142328422086282
10.103717565536499,0.5478162328389029,2.104436727358272,-0.025569092,0.020420691,-0.76159954,-1.2128735,0,0,1.0397248189273478,2.3142328422086282
10.13762617111206,0.5478567639973502,2.1043890436424517,-0.0030454881,0.017655052,-0.7658136,-1.2179565,0,0,1.0397248189273478,2.3142328422086282
10.154582023620605,0.5478689233448844,2.1042078455223345,-0.004776343,-0.023729704,-0.76393604,-1.2013435,0,0,1.0397248189273478,2.3142328422086282
10.182506561279297,0.547802404561315,2.1041487177147173,-0.027533088,-0.024709908,-0.75418115,-1.2061787,0,0,1.0397248189273478,2.3142328422086282
10.202453136444092,0.5478380481388907,2.1040814836754107,-0.015196338,-0.02294806,-0.7563007,-1.1944008,0,0,1.0397248189273478,2.3142328422086282
10.23536491394043,0.5478988448765616,2.104155393434932,0.012717599,0.022646427,-0.7661724,-1.2150431,0,0,1.0397248189273478,2.3142328422086282
10.2523193359375,0.547867969670568,2.104145856691768,-0.008291071,0.0063141533,-0.7524955,-1.2139273,0,0,1.0397248189273478,2.3142328422086282
10.273263692855835,0.547844604649816,2.104101033998897,-0.018801393,-0.036989614,-0.765121,-1.2015295,0,0,1.0397248189273478,2.3142328422086282
10.293248176574707,0.5478587905552725,2.104178758455684,-0.0007644631,0.023796195,-0.7595551,-1.2193203,0,0,1.0397248189273478,2.3142328422086282
10.312241792678833,0.5478667775776724,2.1040504892601275,0.0104887765,0.010200027,-0.77001095,-1.2202501,0,0,1.0397248189273478,2.3142328422086282
10.342230796813965,0.547878579297338,2.1040481050743365,0.009262448,-0.028330464,-0.75660944,-1.1901236,0,0,1.0397248189273478,2.3142328422086282
10.373215913772583,0.547905639806066,2.104086728884151,0.012792554,0.016960695,-0.7628095,-1.2284946,0,0,1.0397248189273478,2.3142328422086282
10.404278993606567,0.5478221933033804,2.1040552576317095,0.002826769,0.027014222,-0.756042,-1.2244654,0,0,1.0397248189273478,2.3142328422086282
10.42322826385498,0.5478037158635001,2.103971811129024,-0.0031478629,0.009365901,-0.7573521,-1.2002897,0,0,1.0397248189273478,2.3142328422086282
10.449307918548584,0.5477740327504019,2.103946061922481,-0.039788645,-0.0117525,-0.7546401,-1.2079763,0,0,1.0397248189273478,2.3142328422086282
10.470237731933594,0.5478224317219595,2.104030462099483,-0.003016794,0.012500104,-0.76496243,-1.2102079,0,0,1.0397248189273478,2.3142328422086282
10.499224185943604,0.5479046861317496,2.103965135408809,0.011385458,0.005323993,-0.75696826,-1.2191963,0,0,1.0397248189273478,2.3142328422086282
10.545215129852295,0.547886804738317,2.1039031465782427,0.023241112,-2.3678876e-06,-0.7554829,-1.2030172,0,0,1.0412587997152336,2.3142328422086282
10.578244924545288,0.5478440086033682,2.103891702486446,0.021646688,0.00053820387,-0.75005054,-1.2122536,0,0,1.0412587997152336,2.3142328422086282
10.600252628326416,0.5479183952000479,2.1038278063072466,0.011910843,-0.012163659,-0.75711846,-1.1895037,0,0,1.0412587997152336,2.3142328422086282
10.622233867645264,0.5478388826039176,2.1039045770897173,-0.024435224,0.013976608,-0.7632017,-1.1965084,0,0,1.0412587997152336,2.3142328422086282
10.644241333007812,0.547841147580419,2.103835912538936,0.006970182,-0.004098464,-0.74790597,-1.198926,0,0,1.0412587997152336,2.3142328422086282
10.665218114852905,0.5478300611164908,2.1038135011925005,-0.015324529,0.020861093,-0.7598555,-1.1950207,0,0,1.0412587997152336,2.3142328422086282
10.686226844787598,0.5478577176716666,2.1037810762657427,0.006008161,0.0023809895,-0.7569766,-1.1983681,0,0,1.0412587997152336,2.3142328422086282
10.705260992050171,0.5478099147465567,2.103795381380489,-0.020929033,0.008312765,-0.7564926,-1.1978722,0,0,1.0412587997152336,2.3142328422086282
10.728245973587036,0.5478870431568961,2.103800626589229,0.011371557,-0.0075511346,-0.76316833,-1.2022734,0,0,1.0412587997152336,2.3142328422086282
10.748295783996582,0.5478530685093741,2.103792997194698,0.011181735,0.014681263,-0.7708037,-1.2032652,0,0,1.0412587997152336,2.3142328422086282
10.767282009124756,0.547908023991857,2.103779645754268,0.0040639173,0.0003848332,-0.76244235,-1.2001657,0,0,1.0412587997152336,2.3142328422086282
10.788303852081299,0.5478777448323111,2.1036938150657916,0.0047198236,-0.011825334,-0.76625586,-1.1946487,0,0,1.0412587997152336,2.3142328422086282
10.811327457427979,0.5478393594410758,2.103699060274532,0.010145493,-0.016034413,-0.7560837,-1.2185764,0,0,1.0412587997152336,2.3142328422086282
10.838849544525146,0.5478522340443472,2.1036485155357623,0.0004120216,0.0017971108,-0.7586038,-1.1982441,0,0,1.0412587997152336,2.3142328422086282
10.865322828292847,0.547823385396276,2.1036561449302935,-0.01615526,-0.00023335218,-0.7616079,-1.19874,0,0,1.0412587997152336,2.3142328422086282
10.884326696395874,0.5477479259159903,2.103685708834102,-0.034511544,0.0018482939,-0.7530463,-1.2258911,0,0,1.0412587997152336,2.3142328422086282
10.905359268188477,0.5478355447438101,2.103572698427608,-0.0039493367,-0.035165966,-0.75253725,-1.204505,0,0,1.0412587997152336,2.3142328422086282
10.924365520477295,0.5478778640416007,2.1036232431663775,0.0068467595,0.015418476,-0.7518196,-1.1954546,0,0,1.0412587997152336,2.3142328422086282
10.945363998413086,0.5478686849263052,2.1035579164757037,0.002614189,-0.0151986275,-0.7553327,-1.1940908,0,0,1.0412587997152336,2.3142328422086282
10.966364860534668,0.5479195872929434,2.1036094148887896,0.012444153,0.023070408,-0.7689345,-1.1918592,0,0,1.0412587997152336,2.3142328422086282
10.98737096786499,0.5478590289738516,2.1035898645653033,0.014231557,0.00415813,-0.7665229,-1.2014675,0,0,1.0412587997152336,2.3142328422086282
11.010432958602905,0.5478313724186759,2.103537889315059,-0.004472183,0.0045268005,-0.7551408,-1.187582,0,0,1.0412587997152336,2.3142328422086282
11.029424905776978,0.547819928326879,2.103519292665889,-0.0011643553,-0.031760447,-0.7602227,-1.2059927,0,0,1.0412587997152336,2.3142328422086282
11.054410934448242,0.5478466312077384,2.1034372766746783,-0.01927084,-0.030963317,-0.76358557,-1.1704111,0,0,1.0412587997152336,2.3142328422086282
11.078910112380981,0.5478521148350577,2.1036299188865923,0.0138897905,0.012610298,-0.7686758,-1.2047529,0,0,1.0412587997152336,2.3142328422086282
11.104407787322998,0.5478103915837149,2.1034401376976275,0.006600069,-0.0387057,-0.76066494,-1.2001038,0,0,1.0412587997152336,2.3142328422086282
11.130411863327026,0.5478386441853385,2.1035836656822466,0.013841398,0.013186634,-0.76124907,-1.1982441,0,0,1.0412587997152336,2.3142328422086282
11.152390718460083,0.5478332797673087,2.1034449060692095,-0.0130339805,-0.029312853,-0.75564146,-1.1777258,0,0,1.0412587997152336,2.3142328422086282
11.171393632888794,0.547816471257482,2.1035197695030474,-0.00084698386,0.0057888543,-0.7469547,-1.1924791,0,0,1.0412587997152336,2.3142328422086282
11.19139289855957,0.5477855960514884,2.103499742342403,0.00036355853,0.0028000898,-0.7563591,-1.2055588,0,0,1.0412587997152336,2.3142328422086282
11.214412450790405,0.5478323260929923,2.103542657686641,-0.0013080314,0.022087986,-0.75261235,-1.1975002,0,0,1.0412587997152336,2.3142328422086282
11.235402822494507,0.5478460351612906,2.1034773309959673,-0.017084442,-0.0032685837,-0.7550323,-1.2120056,0,0,1.0412587997152336,2.3142328422086282
11.257419347763062,0.5478473464634757,2.103476377321651,-0.01935784,0.013117033,-0.760206,-1.2144852,0,0,1.0412587997152336,2.3142328422086282
11.28440237045288,0.5478390018132071,2.1034635027183795,-0.0010146536,-7.9236925e-06,-0.74967504,-1.2071085,0,0,1.0412587997152336,2.3142328422086282
11.30342698097229,0.5478729764607291,2.103420587374141,0.019781297,0.0072446167,-0.7647371,-1.1869001,0,0,1.0412587997152336,2.3142328422086282
11.326578855514526,0.5477897683766226,2.103459688021114,-0.012673657,-0.00019416166,-0.7559502,-1.2023973,0,0,1.0412587997152336,2.3142328422086282
11.358494281768799,0.5478202859547476,2.1033886392845416,-0.0041343793,-0.028826239,-0.7563591,-1.1838627,0,0,1.0412587997152336,2.3142328422086282
11.3789963722229,0.5477827350285391,2.1034172495140337,-0.0019071046,0.022050096,-0.7540977,-1.1905575,0,0,1.0412587997152336,2.3142328422086282
11.426446199417114,0.5478618899968009,2.103434415651729,0.010708744,0.0059437207,-0.7533467,-1.2113237,0,0,1.0412587997152336,2.3142328422086282
11.454478740692139,0.5477960864689688,2.103424402071407,-0.004366912,-0.00060484465,-0.75096846,-1.2127495,0,0,1.0412587997152336,2.3142328422086282
11.480466365814209,0.5478806058552603,2.103425355745723,0.0079794135,0.018276876,-0.76491237,-1.2118196,0,0,1.0412587997152336,2.3142328422086282
11.506533145904541,0.5478580752995352,2.103424878908565,0.008740749,0.015569652,-0.75730205,-1.2031412,0,0,1.0412587997152336,2.3142328422086282
11.526479482650757,0.5478002587941031,2.103427263094356,0.0040201116,0.011574347,-0.76049805,-1.1695433,0,0,1.0412587997152336,2.3142328422086282
11.548982381820679,0.5478471080448966,2.1034043749107623,-0.0006522364,1.8036459e-05,-0.7547486,-1.1913633,0,0,1.0412587997152336,2.3142328422086282
11.572455883026123,0.5478796521809439,2.103401037050655,0.012581204,0.015574775,-0.75879574,-1.1880159,0,0,1.0412587997152336,2.3142328422086282
11.591460943222046,0.5478605786946158,2.103399129702022,-0.003994558,0.018669048,-0.76673985,-1.2166548,0,0,1.0412587997152336,2.3142328422086282
11.61246109008789,0.547867969670568,2.103364320589473,0.003088314,-0.001269165,-0.75965524,-1.1939669,0,0,1.0412587997152336,2.3142328422086282
11.63445782661438,0.5477819005635123,2.103405805422237,-0.02714276,0.014689406,-0.7652712,-1.1953306,0,0,1.0412587997152336,2.3142328422086282
11.679471492767334,0.5478813211109976,2.103382917238643,0.027857013,0.007741951,-0.7548988,-1.1803913,0,0,1.0412587997152336,2.3142328422086282
11.701461791992188,0.5478344718602042,2.1033152063621783,-0.009699947,-0.016143432,-0.7596135,-1.1851645,0,0,1.0412587997152336,2.3142328422086282
11.726439237594604,0.547814087071691,2.103324266268184,0.0007575108,0.008651514,-0.74502707,-1.1979961,0,0,1.0412587997152336,2.3142328422086282
11.744442462921143,0.5478683272984366,2.1033738573326373,0.01049247,-0.0122323055,-0.7582116,-1.1828089,0,0,1.0412587997152336,2.3142328422086282
11.76342511177063,0.5478858510640006,2.103299947573116,0.012129421,-0.012396474,-0.7551992,-1.165762,0,0,1.0412587997152336,2.3142328422086282
11.784431457519531,0.5478046695378165,2.103304715944698,-0.019895438,-0.0123020075,-0.76221704,-1.1827469,0,0,1.0412587997152336,2.3142328422086282
11.806400537490845,0.5477637807515006,2.103361459566524,-0.024381332,0.00036685262,-0.7577026,-1.1983061,0,0,1.0412587997152336,2.3142328422086282
11.826423645019531,0.5478095571186881,2.103316636873653,0.0040400173,-0.0048226453,-0.7533884,-1.198864,0,0,1.0412587997152336,2.3142328422086282
11.850420236587524,0.5478649894383292,2.1033409555687212,-0.00056499126,0.02985095,-0.7645285,-1.182375,0,0,1.0412587997152336,2.3142328422086282
11.871412992477417,0.5478945533421378,2.1033104379905962,0.025283493,-0.009503944,-0.76569676,-1.18783,0,0,1.0412587997152336,2.3142328422086282
11.919417142868042,0.5478597442295889,2.103304715944698,-0.00097536296,0.0040532215,-0.75849533,-1.171031,0,0,1.0412587997152336,2.3142328422086282
11.948352813720703,0.5478871623661856,2.1032503565086627,0.028175838,-0.033944093,-0.75220346,-1.1724567,0,0,1.0412587997152336,2.3142328422086282
11.985337018966675,0.5478770295765738,2.103265615297725,0.0039085485,-0.028092304,-0.75838685,-1.1867142,0,0,1.0412587997152336,2.3142328422086282
12.009349584579468,0.5478225509312491,2.1032970865501666,0.0054877773,0.00804174,-0.7656884,-1.2106419,0,0,1.0412587997152336,2.3142328422086282
12.029350280761719,0.5478617707875113,2.1033533533348345,0.008539267,0.01470986,-0.7577193,-1.1976862,0,0,1.0412587997152336,2.3142328422086282
12.046290636062622,0.5478057424214224,2.103309961153438,-0.00025534257,0.015790954,-0.75549126,-1.1751842,0,0,1.0412587997152336,2.3142328422086282
12.069299221038818,0.547785953679357,2.1033385713829302,-0.012927696,0.0072538694,-0.7624757,-1.1952686,0,0,1.0412587997152336,2.3142328422086282
12.094274282455444,0.5478210012104849,2.103291364504268,-0.0003003627,-0.012854416,-0.76382756,-1.1760521,0,0,1.0412587997152336,2.3142328422086282
12.11626124382019,0.5478256503727774,2.1033466776146197,0.0077640396,0.025138147,-0.750643,-1.198678,0,0,1.0412587997152336,2.3142328422086282
12.139281272888184,0.5478415052082877,2.103298040224483,0.038847033,0.008803456,-0.76042295,-1.1789656,0,0,1.0412587997152336,2.3142328422086282
12.159214735031128,0.5477624694493155,2.10331472952502,0.0006303955,0.005844419,-0.75422287,-1.2036371,0,0,1.0412587997152336,2.3142328422086282
12.17820930480957,0.5478887120869498,2.1032660921348834,0.0029158872,-0.016485263,-0.76316833,-1.1770439,0,0,1.0412587997152336,2.3142328422086282
12.19715929031372,0.5479189912464957,2.103288980318477,-0.001332215,0.012438422,-0.7641113,-1.1770439,0,0,1.0412587997152336,2.3142328422086282
12.223157167434692,0.5479079047825675,2.103298040224483,0.01800311,0.009182086,-0.7610321,-1.1824989,0,0,1.0412587997152336,2.3142328422086282
12.242142915725708,0.5477978746083121,2.1033576448692584,-0.004864704,0.008740868,-0.7565093,-1.2174606,0,0,1.0412587997152336,2.3142328422086282
12.261096477508545,0.547797636189733,2.1033385713829302,0.026750088,0.04078211,-0.75119376,-1.2022114,0,0,1.0412587997152336,2.3142328422086282
12.284069776535034,0.5477426807072501,2.1032761057152056,-0.0010081613,-0.0015111389,-0.75440645,-1.2033892,0,0,1.0412587997152336,2.3142328422086282
12.316014051437378,0.5477740327504019,2.103270383669307,-0.0065240283,-0.003566037,-0.7533884,-1.1786556,0,0,1.0412587997152336,2.3142328422086282
