9.827613830566406250e-04,2.252163380136160686e-01,-1.187107868870849625e+00,3.139395856445914741e-04,-1.250893470045166302e-03,-8.025746792554855347e-03,-8.150070905685424805e-03,5.364990234375000000e-02,7.330000000000000000e+02,8.500000000000000000e+02,7.329750577297976406e+02,8.499913286566238639e+02
2.471728324890136719e-01,2.252611458053259685e-01,-1.186952419957275406e+00,1.831020868864779300e-02,-7.299302624320558319e-02,2.615649811923503876e-02,2.382715791463851929e-02,5.364990234375000000e-02,7.540000000000000000e+02,8.450000000000000000e+02,7.327310480597102469e+02,8.501318521641051120e+02
2.491581439971923828e-01,2.251501023521094158e-01,-1.186989613255615250e+00,4.410092320158719853e-03,-1.757560622944269457e-02,4.435842856764793396e-04,1.874501258134841919e-02,5.364990234375000000e-02,7.540000000000000000e+02,8.450000000000000000e+02,7.330217378152489118e+02,8.500026144141252189e+02
2.571904659271240234e-01,2.251858502378134563e-01,-1.187052555760498063e+00,1.521180239297305684e-02,-6.061730526612241904e-02,1.094801630824804306e-02,7.906573824584484100e-03,5.364990234375000000e-02,7.550000000000000000e+02,8.450000000000000000e+02,7.329957489709081528e+02,8.499970766106621340e+02
2.671966552734375000e-01,2.252180218448309734e-01,-1.187107868870849625e+00,6.756832444003994104e-03,-2.692270171855529193e-02,7.934855297207832336e-03,-1.820330135524272919e-02,5.364990234375000000e-02,7.560000000000000000e+02,8.440000000000000000e+02,7.329711585103777907e+02,8.499929333112809218e+02
2.772026062011718750e-01,2.252371102323202923e-01,-1.187141247471923844e+00,1.344187484828783183e-02,-5.355631440018741862e-02,2.271870896220207214e-02,-4.587640985846519470e-03,5.364990234375000000e-02,7.560000000000000000e+02,8.440000000000000000e+02,7.329570735507517156e+02,8.499901237734629831e+02
2.872111797332763672e-01,2.252148180951742962e-01,-1.187242336949462906e+00,8.121182940146869436e-03,-3.234716747367285400e-02,2.420632541179656982e-02,-1.734379306435585022e-02,5.364990234375000000e-02,7.570000000000000000e+02,8.440000000000000000e+02,7.330999140714849318e+02,8.499052857611409308e+02
2.973864078521728516e-01,2.252780884256033733e-01,-1.187569447239990250e+00,1.242398050713665325e-02,-4.944756691486273947e-02,2.061124145984649658e-02,-4.816667363047599792e-02,5.364990234375000000e-02,7.580000000000000000e+02,8.430000000000000000e+02,7.332485974774673423e+02,8.497598405733042455e+02
3.082270622253417969e-01,2.251077979554800823e-01,-1.187768765172119156e+00,8.969148157844568717e-03,-3.566802035441994645e-02,-1.090396754443645477e-02,-3.358261659741401672e-03,5.364990234375000000e-02,7.590000000000000000e+02,8.430000000000000000e+02,7.338229186089160976e+02,8.494723542820897819e+02
3.172194957733154297e-01,2.251395225276617840e-01,-1.188103504857177750e+00,1.182559168029809551e-02,-4.698798607578805187e-02,-2.840666472911834717e-02,-4.934968799352645874e-02,5.364990234375000000e-02,7.600000000000000000e+02,8.420000000000000000e+02,7.340516654653049500e+02,8.492922278170476602e+02
3.274908065795898438e-01,2.252144753684668377e-01,-1.188362904271240250e+00,9.509839475447085314e-03,-3.776525782208365462e-02,1.085555832833051682e-02,-2.308656089007854462e-02,5.364990234375000000e-02,7.600000000000000000e+02,8.420000000000000000e+02,7.341122891919744688e+02,8.492006404581834431e+02
3.385238647460937500e-01,2.252053260554938152e-01,-1.188593216618652360e+00,1.144980540408214835e-02,-4.544068413816251817e-02,-5.198527127504348755e-03,-2.214263007044792175e-02,5.364990234375000000e-02,7.610000000000000000e+02,8.410000000000000000e+02,7.343414947165791773e+02,8.490473142636378725e+02
3.482813835144042969e-01,2.252338766803412273e-01,-1.188787289342041031e+00,9.861226326293435693e-03,-3.911783418662052869e-02,-1.024680957198143005e-02,-3.212000802159309387e-02,5.364990234375000000e-02,7.620000000000000000e+02,8.400000000000000000e+02,7.344506570793793117e+02,8.489526544070149612e+02
3.572630882263183594e-01,2.251817822208075359e-01,-1.189094372471923844e+00,1.121961402318123920e-02,-4.446620978116059414e-02,4.106573760509490967e-04,-3.974341601133346558e-02,5.364990234375000000e-02,7.630000000000000000e+02,8.400000000000000000e+02,7.348487889638770412e+02,8.487104010437551551e+02
3.674159049987792969e-01,2.252237140884070232e-01,-1.189420529088134781e+00,1.011616321842281549e-02,-4.006116261155129310e-02,1.739999279379844666e-02,-4.633742570877075195e-02,5.364990234375000000e-02,7.640000000000000000e+02,8.390000000000000000e+02,7.350463659636470766e+02,8.485457087191030041e+02
3.775084018707275391e-01,2.252099305143027141e-01,-1.189674683293457047e+00,1.108037073316082977e-02,-4.384904421038809258e-02,7.398583926260471344e-03,-4.178180918097496033e-02,5.364990234375000000e-02,7.640000000000000000e+02,8.390000000000000000e+02,7.353080188003667672e+02,8.483732582256793648e+02
3.885622024536132812e-01,2.252104371537833050e-01,-1.189895935734863297e+00,1.029157505799305553e-02,-4.070373584880548901e-02,1.414343900978565216e-02,7.100428454577922821e-03,5.364990234375000000e-02,7.650000000000000000e+02,8.380000000000000000e+02,7.355068541924205192e+02,8.482350714562139729e+02
3.984160423278808594e-01,2.251886814584402874e-01,-1.190261192998046891e+00,1.099977589886480533e-02,-4.346124249342327855e-02,6.804040633141994476e-03,-2.213784307241439819e-02,5.364990234375000000e-02,7.660000000000000000e+02,8.380000000000000000e+02,7.358875320130592854e+02,8.479855760396362712e+02
4.084572792053222656e-01,2.251462727536825970e-01,-1.190522976597900406e+00,1.043331240549488087e-02,-4.119177412864666321e-02,-1.463893055915832520e-02,-4.259898513555526733e-02,5.364990234375000000e-02,7.670000000000000000e+02,8.370000000000000000e+02,7.362225821970889683e+02,8.477813749382753485e+02
4.176118373870849609e-01,2.252189159145026043e-01,-1.190759487828369156e+00,1.094772240490363667e-02,-4.320105216109310781e-02,1.225006487220525742e-02,-2.908221073448657990e-02,5.364990234375000000e-02,7.670000000000000000e+02,8.360000000000000000e+02,7.362681342933975657e+02,8.477023218579911372e+02
4.285783767700195312e-01,2.251414894809393719e-01,-1.191164799412841813e+00,1.054444592699918352e-02,-4.156007134751621424e-02,1.325711607933044434e-03,-3.108973056077957153e-02,5.364990234375000000e-02,7.680000000000000000e+02,8.360000000000000000e+02,7.368143222696980956e+02,8.473752286935437041e+02
4.386205673217773438e-01,2.251921981324820354e-01,-1.191437550267334000e+00,1.093418400807124463e-02,-4.306899629999012824e-02,-1.087187323719263077e-03,-2.913948334753513336e-02,5.364990234375000000e-02,7.690000000000000000e+02,8.350000000000000000e+02,7.369435909288457651e+02,8.472527949229029218e+02
4.486758708953857422e-01,2.251000344504980877e-01,-1.191823788365478531e+00,1.063818573711010004e-02,-4.185437096798724083e-02,-2.237623371183872223e-02,-3.149445354938507080e-02,5.364990234375000000e-02,7.700000000000000000e+02,8.340000000000000000e+02,7.375068964596663363e+02,8.469239520417668245e+02
4.577145576477050781e-01,2.251885473479895428e-01,-1.192086048802490250e+00,1.093434135992479850e-02,-4.299633910898175565e-02,-1.113634277135133743e-02,-2.528149075806140900e-02,5.364990234375000000e-02,7.700000000000000000e+02,8.340000000000000000e+02,7.375391005727790343e+02,8.468440607799548161e+02
4.677505493164062500e-01,2.251822441568045452e-01,-1.192367382725830094e+00,1.070643557043953788e-02,-4.206881457916299138e-02,-1.013486459851264954e-02,-2.540304139256477356e-02,5.364990234375000000e-02,7.710000000000000000e+02,8.330000000000000000e+02,7.378084736347366288e+02,8.466623873660237223e+02
4.788601398468017578e-01,2.252171873798041180e-01,-1.192804165562744156e+00,1.094937803414633599e-02,-4.297691734587215373e-02,1.614013686776161194e-02,-3.726936504244804382e-02,5.364990234375000000e-02,7.720000000000000000e+02,8.320000000000000000e+02,7.381230498682824646e+02,8.464228735540959860e+02
4.888381958007812500e-01,2.251832127322821453e-01,-1.192991085728759781e+00,1.077335714123215174e-02,-4.226310889580895541e-02,-9.273665957152843475e-03,-9.289335459470748901e-03,5.364990234375000000e-02,7.730000000000000000e+02,8.310000000000000000e+02,7.383711866447638386e+02,8.462740529403931760e+02
4.988799095153808594e-01,2.252617567529349163e-01,-1.193332501134033219e+00,1.095947792068152626e-02,-4.296061426422661395e-02,2.715102024376392365e-02,-3.545467928051948547e-02,5.364990234375000000e-02,7.740000000000000000e+02,8.310000000000000000e+02,7.384983595251018187e+02,8.461355346107693549e+02
5.079123973846435547e-01,2.252476453532843426e-01,-1.193572350224609391e+00,1.082852754028714240e-02,-4.241989142333368878e-02,2.687867730855941772e-03,-1.787834614515304565e-02,5.364990234375000000e-02,7.740000000000000000e+02,8.300000000000000000e+02,7.387484563679844314e+02,8.459726292584382463e+02
5.179586410522460938e-01,2.251639157285361126e-01,-1.193852253636474625e+00,1.098024366907978007e-02,-4.297716502140527806e-02,-1.739369332790374756e-02,-3.272518515586853027e-02,5.364990234375000000e-02,7.750000000000000000e+02,8.290000000000000000e+02,7.391964117462395052e+02,8.457189077528068992e+02
5.281562805175781250e-01,2.251835107555060222e-01,-1.194148369511718766e+00,1.088347153408875112e-02,-4.256710218485276059e-02,-2.502545714378356934e-02,-7.437800988554954529e-03,5.364990234375000000e-02,7.760000000000000000e+02,8.280000000000000000e+02,7.394194221968381271e+02,8.455530085247578427e+02
5.382351875305175781e-01,2.252078145494131878e-01,-1.194440670689697281e+00,1.521676787668832173e-02,-5.378648990774748118e-02,2.236559987068176270e-02,-2.251021564006805420e-02,5.364990234375000000e-02,7.760000000000000000e+02,8.270000000000000000e+02,7.396280951640152352e+02,8.453940098847592708e+02
5.473775863647460938e-01,2.252058326949744060e-01,-1.194839306553955094e+00,1.985027971449166567e-02,-6.550544151420262251e-02,6.199853029102087021e-03,-5.133044719696044922e-02,5.364990234375000000e-02,7.770000000000000000e+02,8.270000000000000000e+02,7.399942652338854714e+02,8.451440462490995742e+02
5.585324764251708984e-01,2.252255022277502849e-01,-1.195111580571289078e+00,2.000127758362747754e-02,-6.599341212265730228e-02,1.076687593013048172e-02,-2.693552337586879730e-02,5.364990234375000000e-02,7.780000000000000000e+02,8.260000000000000000e+02,7.401956337497657614e+02,8.449932834495193674e+02
5.675470829010009766e-01,2.251541852702765301e-01,-1.195600338658447281e+00,2.514741657256794674e-02,-8.389315717044393272e-02,-3.112725540995597839e-02,-4.719261825084686279e-02,7.226562500000000000e-02,7.790000000000000000e+02,8.250000000000000000e+02,7.408046879580028872e+02,8.446220062289421548e+02
5.786130428314208984e-01,2.252347856511740520e-01,-1.195995636662597672e+00,1.042413480523599750e-02,-7.307718146015212968e-02,7.128041237592697144e-03,-3.961021825671195984e-02,1.727905273437500000e-01,7.790000000000000000e+02,8.240000000000000000e+02,7.409764348815350559e+02,8.444525870537377159e+02
5.876688957214355469e-01,2.252498656263022259e-01,-1.196585007390136735e+00,1.360800395401980112e-02,-9.699859240612794531e-02,3.126537054777145386e-02,-3.129672259092330933e-02,2.249145507812500000e-01,7.800000000000000000e+02,8.230000000000000000e+02,7.414765918697664802e+02,8.441009060403162039e+02
5.986671447753906250e-01,2.251714557161001995e-01,-1.197192021092529313e+00,2.337318722418350175e-02,-1.213427851645920985e-01,-2.570147067308425903e-02,-4.216341674327850342e-02,2.249145507812500000e-01,7.810000000000000000e+02,8.220000000000000000e+02,7.422100651266352997e+02,8.436503442697980972e+02
6.077077388763427734e-01,2.252785950650839641e-01,-1.197975941380615250e+00,2.296466217450489344e-02,-1.256324672969842959e-01,2.220072597265243530e-02,-8.533010631799697876e-02,2.435302734375000000e-01,7.810000000000000000e+02,8.210000000000000000e+02,7.426737213089211309e+02,8.432656458329702218e+02
6.196765899658203125e-01,2.252636193980841472e-01,-1.198981114110107438e+00,2.437956391573223303e-02,-1.428203050316264044e-01,2.184640988707542419e-02,-9.131074696779251099e-02,2.956542968750000000e-01,7.820000000000000000e+02,8.200000000000000000e+02,7.436225736434636246e+02,8.426294093063706896e+02
6.278214454650878906e-01,2.251965641727118328e-01,-1.199869938572998063e+00,2.046541927012991702e-02,-1.428236856109442177e-01,2.782735228538513184e-02,-1.181000620126724243e-01,3.291625976562500000e-01,7.830000000000000000e+02,8.190000000000000000e+02,7.445871746720054034e+02,8.420169447906055211e+02
6.378092765808105469e-01,2.252324610700278118e-01,-1.200913258275146500e+00,2.750716972656194748e-02,-1.603672831700230783e-01,6.195120513439178467e-04,-1.192722544074058533e-01,3.291625976562500000e-01,7.830000000000000000e+02,8.180000000000000000e+02,7.454537790466486058e+02,8.414068640929122012e+02
6.488349437713623047e-01,2.252277821054129436e-01,-1.202033825596923844e+00,3.328152906166192970e-02,-1.753018267629208871e-01,-4.182424396276473999e-03,-1.195789575576782227e-01,3.291625976562500000e-01,7.840000000000000000e+02,8.170000000000000000e+02,7.464857603413306606e+02,8.407120258750683206e+02
6.578390598297119141e-01,2.252605944623617962e-01,-1.203331776341552750e+00,3.072109664599567691e-02,-1.722664929778880138e-01,1.194972451776266098e-02,-1.154373958706855774e-01,3.440551757812500000e-01,7.850000000000000000e+02,8.160000000000000000e+02,7.475931583692096183e+02,8.399445127085928107e+02
6.688802242279052734e-01,2.252205550422339275e-01,-1.204545326909179703e+00,2.613638978266775992e-02,-1.649715036675886703e-01,-4.792718216776847839e-03,-1.386889815330505371e-01,3.589477539062500000e-01,7.860000000000000000e+02,8.150000000000000000e+02,7.487939613987120993e+02,8.391619501034278983e+02
6.779696941375732422e-01,2.252466022720007732e-01,-1.206142254552001969e+00,2.729621727634760908e-02,-1.675747863578544994e-01,8.135947398841381073e-03,-1.778613626956939697e-01,3.589477539062500000e-01,7.860000000000000000e+02,8.140000000000000000e+02,7.501923260555197430e+02,8.382080259696408575e+02
6.871585845947265625e-01,2.252211808910040691e-01,-1.207277126988525406e+00,3.145345154332575277e-02,-1.782316231529878225e-01,-1.056755706667900085e-02,-1.010869741439819336e-01,3.589477539062500000e-01,7.870000000000000000e+02,8.130000000000000000e+02,7.512892870715294293e+02,8.374904179781588027e+02
6.972260475158691406e-01,2.252548426141409710e-01,-1.208531685551757828e+00,2.897498582991669958e-02,-1.755274953017313955e-01,3.923924639821052551e-03,-1.387747079133987427e-01,3.738403320312500000e-01,7.880000000000000000e+02,8.120000000000000000e+02,7.523590478532645420e+02,8.367562218945472523e+02
7.073421478271484375e-01,2.252142220487265423e-01,-1.210204907139892594e+00,2.828009122510831419e-02,-1.740879847221293852e-01,-4.180489107966423035e-03,-1.617071330547332764e-01,3.738403320312500000e-01,7.880000000000000000e+02,8.110000000000000000e+02,7.539864628493223790e+02,8.356994351260823350e+02
7.174093723297119141e-01,2.252069055785803631e-01,-1.211517639836425797e+00,2.982486997466504697e-02,-1.774345871672469155e-01,-2.400497347116470337e-02,-1.303195208311080933e-01,3.738403320312500000e-01,7.890000000000000000e+02,8.100000000000000000e+02,7.552072820047995947e+02,8.348950664550225156e+02
7.283718585968017578e-01,2.252442031850485638e-01,-1.213168450078125016e+00,2.930507833523177119e-02,-1.763695024102546749e-01,-4.619485698640346527e-04,-1.630439907312393188e-01,3.738403320312500000e-01,7.900000000000000000e+02,8.090000000000000000e+02,7.566355852468262810e+02,8.339290214508359895e+02
7.374074459075927734e-01,2.252863287677435711e-01,-1.214279003819580094e+00,3.060496933982172207e-02,-1.791869507055888766e-01,-9.945021942257881165e-03,-1.188561618328094482e-01,3.738403320312500000e-01,7.900000000000000000e+02,8.080000000000000000e+02,7.575576081749786681e+02,8.332962919291949220e+02
7.473759651184082031e-01,2.252755701293616131e-01,-1.215584583958740250e+00,3.015136811108085069e-02,-1.782543766863743107e-01,-6.194071844220161438e-03,-1.153637468814849854e-01,3.738403320312500000e-01,7.910000000000000000e+02,8.070000000000000000e+02,7.587830792047185469e+02,8.324978967157471743e+02
7.573828697204589844e-01,2.253186642875342205e-01,-1.216565437993164078e+00,3.126854642246174043e-02,-1.806776922168622790e-01,2.779965475201606750e-02,-9.738352894783020020e-02,3.738403320312500000e-01,7.920000000000000000e+02,8.060000000000000000e+02,7.595850026190946664e+02,8.319465337262017783e+02
7.684979438781738281e-01,2.252035081138281658e-01,-1.217277832707519547e+00,3.078339505919981678e-02,-1.796607050072472900e-01,1.475482806563377380e-02,-6.747927516698837280e-02,3.738403320312500000e-01,7.920000000000000000e+02,8.040000000000000000e+02,7.605096283260294285e+02,8.314110265085014362e+02
7.783417701721191406e-01,2.252817690124182537e-01,-1.219281979283447281e+00,3.211246901089713501e-02,-1.825705189859206934e-01,1.673419028520584106e-02,-2.396731078624725342e-01,3.738403320312500000e-01,7.930000000000000000e+02,8.030000000000000000e+02,7.621736380215098734e+02,8.302793705759895602e+02
7.876815795898437500e-01,2.253634124745993450e-01,-1.220357723912353531e+00,3.181160380843589541e-02,-1.819584000902984278e-01,2.953216060996055603e-02,-8.374924212694168091e-02,3.738403320312500000e-01,7.940000000000000000e+02,8.020000000000000000e+02,7.629751403763206099e+02,8.297099387440189275e+02
7.977485656738281250e-01,2.252796530475287273e-01,-1.221880741795654313e+00,3.293111221242915609e-02,-1.844073990998675028e-01,-1.056010555475950241e-02,-1.887395828962326050e-01,3.738403320312500000e-01,7.940000000000000000e+02,8.010000000000000000e+02,7.645767573679158886e+02,8.287216027484892038e+02
8.087594509124755859e-01,2.254486769189505413e-01,-1.223578758916015641e+00,3.291405203472379248e-02,-1.844235355061172033e-01,1.185317710041999817e-02,-1.443546414375305176e-01,3.738403320312500000e-01,7.950000000000000000e+02,7.990000000000000000e+02,7.657507350412996630e+02,8.278639141019480121e+02
8.178367614746093750e-01,2.254191428174643352e-01,-1.224747963627929703e+00,3.382651699315754323e-02,-1.864185746881656114e-01,1.777735352516174316e-02,-1.424639821052551270e-01,3.738403320312500000e-01,7.950000000000000000e+02,7.980000000000000000e+02,7.669011440697532862e+02,8.271404829532166332e+02
8.279278278350830078e-01,2.254237323751120403e-01,-1.226474590977783219e+00,3.394436899800902518e-02,-1.867276358076740139e-01,-4.913710057735443115e-03,-1.567537635564804077e-01,3.738403320312500000e-01,7.960000000000000000e+02,7.970000000000000000e+02,7.684888009679297056e+02,8.261188100791091529e+02
8.379631042480468750e-01,2.254160880794195965e-01,-1.227619953831787125e+00,4.117853420547373799e-02,-2.047127975851038839e-01,5.278933793306350708e-03,-1.253029406070709229e-01,3.738403320312500000e-01,7.970000000000000000e+02,7.960000000000000000e+02,7.695679627464116948e+02,8.254328006539340095e+02
8.495669364929199219e-01,2.253154754390387371e-01,-1.229377098759765641e+00,4.835777427370729908e-02,-2.227879230612274108e-01,-2.444121986627578735e-02,-1.638442873954772949e-01,3.738403320312500000e-01,7.970000000000000000e+02,7.940000000000000000e+02,7.714331861662664096e+02,8.243014668091554995e+02
8.585212230682373047e-01,2.254309147348074749e-01,-1.230647869786376969e+00,4.924105589664040661e-02,-2.247422863013875394e-01,1.267619896680116653e-02,-1.531116068363189697e-01,3.738403320312500000e-01,7.980000000000000000e+02,7.930000000000000000e+02,7.723426022106924620e+02,8.236571902083856003e+02
8.686127662658691406e-01,2.254125118007330730e-01,-1.232206173619384781e+00,5.201113288034192594e-02,-2.355449503481890916e-01,1.280104648321866989e-02,-1.543991714715957642e-01,3.887329101562500000e-01,7.990000000000000000e+02,7.920000000000000000e+02,7.738336406488955390e+02,8.227229189383310768e+02
8.786594867706298828e-01,2.254829346885351971e-01,-1.233904667576904313e+00,5.324435393647559966e-02,-2.386108582916324772e-01,2.779331058263778687e-03,-1.494004726409912109e-01,3.887329101562500000e-01,7.990000000000000000e+02,7.910000000000000000e+02,7.752484010278407141e+02,8.217896225787844742e+02
8.877623081207275391e-01,2.256308585157065227e-01,-1.235771961888427750e+00,5.844464329280978088e-02,-2.513578714484622223e-01,1.798251271247863770e-02,-1.998430490493774414e-01,3.887329101562500000e-01,8.000000000000000000e+02,7.890000000000000000e+02,7.766402405672234863e+02,8.208305302925177784e+02
8.987126350402832031e-01,2.256440162410406902e-01,-1.237642594060058610e+00,6.839584035688497932e-02,-2.762922620739187152e-01,-1.316714100539684296e-03,-1.526945978403091431e-01,3.887329101562500000e-01,8.000000000000000000e+02,7.880000000000000000e+02,7.783530722077215387e+02,8.197499411431235785e+02
9.077620506286621094e-01,2.257971405734686687e-01,-1.239398785313720719e+00,7.736233685159935036e-02,-2.984991698776452429e-01,-2.609603106975555420e-04,-1.857052892446517944e-01,3.887329101562500000e-01,8.010000000000000000e+02,7.870000000000000000e+02,7.796325751984927592e+02,8.188659494182065828e+02
9.188168048858642578e-01,2.260673731317190960e-01,-1.241571255406494156e+00,8.590138947994183094e-02,-3.197910355651539249e-01,2.583544701337814331e-02,-2.145355045795440674e-01,3.887329101562500000e-01,8.020000000000000000e+02,7.850000000000000000e+02,7.810277072259267470e+02,8.178489078699476522e+02
9.288516044616699219e-01,2.262959867467551067e-01,-1.243575878819580094e+00,9.177426249451868523e-02,-3.341637913287485162e-01,2.870430983603000641e-02,-1.919177919626235962e-01,3.887329101562500000e-01,8.020000000000000000e+02,7.840000000000000000e+02,7.823656478417683502e+02,8.168947941901360537e+02
9.394407272338867188e-01,2.265859931459097698e-01,-1.245992489537353531e+00,9.365967216713363963e-02,-3.386630912363318702e-01,3.697601705789566040e-02,-2.289659976959228516e-01,3.887329101562500000e-01,8.030000000000000000e+02,7.820000000000000000e+02,7.839471482290181257e+02,8.157616109342702657e+02
9.485127925872802734e-01,2.268555551519064739e-01,-1.248043366154785172e+00,9.423158835737251160e-02,-3.397288498982318772e-01,3.177177906036376953e-02,-2.317418158054351807e-01,3.887329101562500000e-01,8.030000000000000000e+02,7.810000000000000000e+02,7.852362501995169168e+02,8.148244598580731690e+02
9.575965404510498047e-01,2.271517157306341961e-01,-1.250499554356689469e+00,9.611034743241760048e-02,-3.441850937226934026e-01,1.488009467720985413e-02,-2.648149728775024414e-01,3.887329101562500000e-01,8.040000000000000000e+02,7.800000000000000000e+02,7.868452834717413680e+02,8.136821691506493153e+02
9.686939716339111328e-01,2.274633586158423260e-01,-1.252918072423095719e+00,1.022488716688727262e-01,-3.591367365780697707e-01,8.271755650639533997e-03,-2.556424438953399658e-01,3.887329101562500000e-01,8.050000000000000000e+02,7.780000000000000000e+02,7.883851579089352981e+02,8.125797733596859871e+02
9.777579307556152344e-01,2.280274122705130413e-01,-1.255813904484863297e+00,1.046940148704537943e-01,-3.649412268786653701e-01,6.201831251382827759e-02,-2.900549471378326416e-01,3.887329101562500000e-01,8.050000000000000000e+02,7.770000000000000000e+02,7.897828583262221400e+02,8.114365241700306797e+02
9.877431392669677734e-01,2.284947126855521038e-01,-1.258314915379638688e+00,1.053933674140049848e-01,-3.662828983638026781e-01,7.098172605037689209e-02,-2.519181966781616211e-01,3.887329101562500000e-01,8.060000000000000000e+02,7.750000000000000000e+02,7.910393162330100267e+02,8.104358652708910995e+02
9.987592697143554688e-01,2.289174884309439495e-01,-1.261061020573730485e+00,1.077596852181928744e-01,-3.718749853473041211e-01,4.531079530715942383e-02,-2.614777982234954834e-01,3.887329101562500000e-01,8.060000000000000000e+02,7.740000000000000000e+02,7.926345113134149187e+02,8.092612977376188610e+02
1.008916378021240234e+00,2.292845338334708050e-01,-1.263652153691406266e+00,1.086772127267812554e-01,-3.737379656515585902e-01,2.477452717721462250e-02,-2.811763286590576172e-01,3.887329101562500000e-01,8.070000000000000000e+02,7.720000000000000000e+02,7.942176695923543548e+02,8.081294976809258515e+02
1.019673347473144531e+00,2.298917114486365154e-01,-1.266532250126953141e+00,1.110595815702130340e-01,-3.793502913329297455e-01,1.640826091170310974e-02,-2.761944830417633057e-01,3.887329101562500000e-01,8.080000000000000000e+02,7.710000000000000000e+02,7.955108435197632843e+02,8.070545194453511613e+02
1.028836250305175781e+00,2.302837013950018719e-01,-1.268570728978271500e+00,1.117125687337634926e-01,-3.806463023392564482e-01,4.989930987358093262e-02,-2.172814160585403442e-01,3.887329101562500000e-01,8.080000000000000000e+02,7.690000000000000000e+02,7.965170395075958822e+02,8.062633540990232177e+02
1.037856340408325195e+00,2.306957185020117596e-01,-1.270982571324462906e+00,1.138242360171910633e-01,-3.856180659547976397e-01,4.915172979235649109e-02,-2.001960873603820801e-01,3.887329101562500000e-01,8.090000000000000000e+02,7.680000000000000000e+02,7.978317424848276005e+02,8.052848988246801127e+02
1.048991918563842773e+00,2.310063779105810955e-01,-1.272512264927978531e+00,1.199139849573935823e-01,-4.005068293282714187e-01,4.938010871410369873e-02,-1.580213755369186401e-01,3.887329101562500000e-01,8.090000000000000000e+02,7.660000000000000000e+02,7.985502742300768659e+02,8.047101930472094864e+02
1.058075189590454102e+00,2.315312862147955730e-01,-1.275538273533935563e+00,1.228124782569080947e-01,-4.073209799541515075e-01,6.873191893100738525e-02,-3.549157083034515381e-01,3.887329101562500000e-01,8.100000000000000000e+02,7.650000000000000000e+02,8.001859056372524037e+02,8.034984780995700930e+02
1.068082332611083984e+00,2.319139778365759685e-01,-1.278026409825439469e+00,1.237231937339093452e-01,-4.091758341504038721e-01,5.785344541072845459e-02,-2.174045443534851074e-01,3.887329101562500000e-01,8.100000000000000000e+02,7.630000000000000000e+02,8.016490589720752951e+02,8.024636344252821800e+02
1.078089237213134766e+00,2.324516266336111858e-01,-1.280931778630371110e+00,1.265214265926567494e-01,-4.157420614382760227e-01,6.097922474145889282e-02,-3.456808030605316162e-01,3.887329101562500000e-01,8.110000000000000000e+02,7.620000000000000000e+02,8.031460717065597237e+02,8.013409970705629348e+02
1.088156700134277344e+00,2.328698575248389080e-01,-1.283344097813720719e+00,1.274998356930166221e-01,-4.177799695695092463e-01,4.479579627513885498e-02,-2.011245638132095337e-01,3.887329101562500000e-01,8.110000000000000000e+02,7.600000000000000000e+02,8.044580956536835856e+02,8.003884060911118468e+02
1.098938703536987305e+00,2.333639204253821209e-01,-1.286440201481933610e+00,1.304682841131163396e-01,-4.247112865819899774e-01,4.998932778835296631e-02,-3.163136243820190430e-01,3.887329101562500000e-01,8.120000000000000000e+02,7.580000000000000000e+02,8.062463833730749911e+02,7.991341405501325426e+02
1.107912063598632812e+00,2.339822441091208294e-01,-1.289300747593994156e+00,1.362998381663440561e-01,-4.349197491341515454e-01,3.759365528821945190e-02,-2.628148496150970459e-01,3.738403320312500000e-01,8.120000000000000000e+02,7.570000000000000000e+02,8.075187638582941645e+02,7.981235029674703583e+02
1.119675397872924805e+00,2.345992713918356731e-01,-1.292232819279785172e+00,1.509111131749041601e-01,-4.676003385239156929e-01,6.790474802255630493e-02,-2.779684662818908691e-01,3.626708984375000000e-01,8.130000000000000000e+02,7.550000000000000000e+02,8.088656123521280961e+02,7.970784508865945099e+02
1.127766609191894531e+00,2.351765125741629436e-01,-1.294878788670654313e+00,1.561925012491633957e-01,-4.774277989610838935e-01,6.698869913816452026e-02,-2.810788154602050781e-01,3.515014648437500000e-01,8.130000000000000000e+02,7.540000000000000000e+02,8.100352452946675612e+02,7.961581281417729770e+02
1.138900279998779297e+00,2.357946127404837444e-01,-1.297786541661376969e+00,1.635092186286683513e-01,-4.910995622177127262e-01,5.444070696830749512e-02,-3.130582273006439209e-01,3.366088867187500000e-01,8.140000000000000000e+02,7.520000000000000000e+02,8.113619074572366117e+02,7.951378155808542942e+02
1.148110389709472656e+00,2.365091532220511272e-01,-1.300664730748291031e+00,1.828574639254713641e-01,-5.241983436287505072e-01,5.541499704122543335e-02,-2.907185256481170654e-01,2.807617187500000000e-01,8.140000000000000000e+02,7.500000000000000000e+02,8.124343637331086256e+02,7.942230862367659938e+02
1.157228231430053711e+00,2.371402173986105755e-01,-1.303555794438476578e+00,1.911133967972559744e-01,-5.395896335944584399e-01,7.823178917169570923e-02,-3.423228263854980469e-01,2.658691406250000000e-01,8.150000000000000000e+02,7.490000000000000000e+02,8.137199297312215549e+02,7.932339151545611458e+02
1.168744802474975586e+00,2.379245847215323284e-01,-1.307421513280029313e+00,1.975065902894679037e-01,-5.523377881500575182e-01,8.898865431547164917e-02,-3.453474938869476318e-01,2.546997070312500000e-01,8.160000000000000000e+02,7.470000000000000000e+02,8.155844577456628031e+02,7.918680880205779431e+02
1.178381919860839844e+00,2.388642221440939739e-01,-1.310952969273681656e+00,2.053152012963588846e-01,-5.675516464948924256e-01,6.373418867588043213e-02,-3.949987292289733887e-01,2.435302734375000000e-01,8.160000000000000000e+02,7.450000000000000000e+02,8.167624993054208744e+02,7.908229756569003257e+02
1.187468051910400391e+00,2.396422713746695354e-01,-1.314182587346191422e+00,2.078986737321089906e-01,-5.737786271898112078e-01,6.291022896766662598e-02,-3.733949661254882812e-01,2.435302734375000000e-01,8.160000000000000000e+02,7.440000000000000000e+02,8.180363107799166755e+02,7.898034113713169972e+02
1.197983980178833008e+00,2.406761735429434612e-01,-1.317803211888427750e+00,2.122494917218574195e-01,-5.834696802836050189e-01,7.308685034513473511e-02,-3.162190318107604980e-01,2.435302734375000000e-01,8.170000000000000000e+02,7.420000000000000000e+02,8.190840863772056082e+02,7.888084384342223530e+02
1.208987474441528320e+00,2.418386429299979046e-01,-1.321750469884033219e+00,2.193651104134990981e-01,-5.978414141638537238e-01,1.392705738544464111e-01,-4.069503545761108398e-01,2.323608398437500000e-01,8.180000000000000000e+02,7.400000000000000000e+02,8.201468542843558680e+02,7.877633609454901489e+02
1.218094825744628906e+00,2.428249209870962932e-01,-1.325526066502685563e+00,2.291456691152736203e-01,-6.169161243757844693e-01,1.016812697052955627e-01,-3.592115640640258789e-01,2.174682617187500000e-01,8.180000000000000000e+02,7.380000000000000000e+02,8.214664908522896667e+02,7.866639220874149032e+02
1.227360248565673828e+00,2.441770225515036419e-01,-1.329012699803466813e+00,2.325191277631948605e-01,-6.249046919720656623e-01,1.644546836614608765e-01,-4.069891273975372314e-01,2.174682617187500000e-01,8.180000000000000000e+02,7.370000000000000000e+02,8.216387591086323710e+02,7.860377533829428103e+02
1.238522529602050781e+00,2.452889173974661663e-01,-1.332905598363037125e+00,2.375838337923103505e-01,-6.363457762204997037e-01,1.301138103008270264e-01,-3.825036287307739258e-01,2.174682617187500000e-01,8.190000000000000000e+02,7.350000000000000000e+02,8.227814779923616015e+02,7.850033805304269663e+02
1.249431371688842773e+00,2.467285483827261761e-01,-1.337265797337646500e+00,2.423710871868621775e-01,-6.475568341261419558e-01,1.453436017036437988e-01,-4.484935700893402100e-01,2.174682617187500000e-01,8.200000000000000000e+02,7.330000000000000000e+02,8.236038882453559609e+02,7.840233308984711584e+02
1.257437229156494141e+00,2.478787690152792766e-01,-1.341215439519042985e+00,2.477959757570701027e-01,-6.598542714492808825e-01,1.214394345879554749e-01,-4.268287420272827148e-01,2.174682617187500000e-01,8.200000000000000000e+02,7.320000000000000000e+02,8.247198094617601782e+02,7.830127282789326273e+02
1.268518447875976562e+00,2.491719215860037639e-01,-1.345336743077392594e+00,2.527125896109685410e-01,-6.713458098562776755e-01,1.400244086980819702e-01,-4.348985254764556885e-01,2.174682617187500000e-01,8.200000000000000000e+02,7.300000000000000000e+02,8.256674171168966723e+02,7.820482928587748575e+02
1.278578519821166992e+00,2.504389971246390179e-01,-1.349607296666259781e+00,2.589040068178572462e-01,-6.854335479506388218e-01,1.228669509291648865e-01,-4.176504015922546387e-01,2.174682617187500000e-01,8.210000000000000000e+02,7.280000000000000000e+02,8.268280731624902273e+02,7.809970232848254454e+02
1.287792682647705078e+00,2.516782968988089397e-01,-1.354204483708496110e+00,2.650117395745342774e-01,-6.996430256500092426e-01,1.314090341329574585e-01,-4.531525671482086182e-01,2.174682617187500000e-01,8.210000000000000000e+02,7.260000000000000000e+02,8.283806721392105601e+02,7.797708006250850303e+02
1.297955274581909180e+00,2.530469685544638470e-01,-1.359120674809570328e+00,2.726602997978943566e-01,-7.171035989912133424e-01,1.407745480537414551e-01,-4.717853665351867676e-01,2.174682617187500000e-01,8.220000000000000000e+02,7.240000000000000000e+02,8.299442695075916845e+02,7.785112498441008029e+02
1.308033227920532227e+00,2.542713075627951458e-01,-1.363571949681396500e+00,2.791549085793729734e-01,-7.322013022020418260e-01,9.806543588638305664e-02,-4.451772868633270264e-01,2.174682617187500000e-01,8.220000000000000000e+02,7.220000000000000000e+02,8.314015242537135464e+02,7.773710230202859748e+02
1.317838191986083984e+00,2.555991798391012981e-01,-1.368160553654785172e+00,2.868970079498570080e-01,-7.499057942244253816e-01,1.304156631231307983e-01,-4.348016083240509033e-01,2.174682617187500000e-01,8.230000000000000000e+02,7.210000000000000000e+02,8.327525181785115365e+02,7.762646577255213742e+02
1.327784061431884766e+00,2.567643910398154095e-01,-1.372943707188720719e+00,2.946704542481222711e-01,-7.679347311056268222e-01,1.455878913402557373e-01,-4.988977909088134766e-01,2.174682617187500000e-01,8.230000000000000000e+02,7.190000000000000000e+02,8.346904442241004745e+02,7.749387331708007878e+02
1.337925910949707031e+00,2.580787330617575481e-01,-1.378190823277587906e+00,3.043820291699629865e-01,-7.901863348546729338e-01,1.055738627910614014e-01,-4.805560410022735596e-01,2.174682617187500000e-01,8.240000000000000000e+02,7.170000000000000000e+02,8.367378217982422939e+02,7.735319251289010936e+02
1.349620580673217773e+00,2.593963831414847210e-01,-1.383269139012451188e+00,3.135890624125573511e-01,-8.115266701128237559e-01,1.051025316119194031e-01,-5.200155973434448242e-01,2.174682617187500000e-01,8.240000000000000000e+02,7.150000000000000000e+02,8.386178816248966541e+02,7.722258917154458686e+02
1.357626676559448242e+00,2.606527298440604046e-01,-1.388056584080810563e+00,3.233923440043817710e-01,-8.340197814432046552e-01,1.351119577884674072e-01,-5.706580877304077148e-01,2.174682617187500000e-01,8.250000000000000000e+02,7.130000000000000000e+02,8.403630796656377697e+02,7.710217181034809073e+02
1.367712497711181641e+00,2.619569986810355022e-01,-1.393949814519042985e+00,3.355317606857556867e-01,-8.621088436333500526e-01,1.075485795736312866e-01,-6.034530997276306152e-01,2.174682617187500000e-01,8.250000000000000000e+02,7.110000000000000000e+02,8.431007790531705268e+02,7.693551973419853311e+02
1.377884149551391602e+00,2.634047955026297405e-01,-1.400348492344970719e+00,3.549975307234375932e-01,-9.046134235357092823e-01,1.571444422006607056e-01,-5.729693174362182617e-01,2.062988281250000000e-01,8.250000000000000000e+02,7.090000000000000000e+02,8.460092146139254510e+02,7.675987820948666922e+02
1.388972043991088867e+00,2.647714107980398968e-01,-1.406227894505615250e+00,3.693059740022349158e-01,-9.376217646508744341e-01,1.355431973934173584e-01,-6.043900251388549805e-01,2.062988281250000000e-01,8.260000000000000000e+02,7.070000000000000000e+02,8.486051753171356040e+02,7.660394631948820461e+02
1.398959875106811523e+00,2.664188533773093059e-01,-1.412843533238525406e+00,3.868400548645406500e-01,-9.781066521421601934e-01,1.597303003072738647e-01,-6.882854104042053223e-01,2.062988281250000000e-01,8.260000000000000000e+02,7.050000000000000000e+02,8.512747890653325840e+02,7.644039089086936656e+02
1.407109975814819336e+00,2.680951446046500042e-01,-1.418861695012207047e+00,4.089191478415178382e-01,-1.026807351966857906e+00,1.779252439737319946e-01,-6.467589735984802246e-01,1.951293945312500000e-01,8.270000000000000000e+02,7.040000000000000000e+02,8.532871223264312448e+02,7.630887257450031029e+02
1.417833805084228516e+00,2.696580975999502972e-01,-1.426403828343505875e+00,4.331225253728534508e-01,-1.082598396822017639e+00,1.833831667900085449e-01,-7.307402491569519043e-01,1.951293945312500000e-01,8.270000000000000000e+02,7.020000000000000000e+02,8.571156467471569158e+02,7.610266704257865058e+02
1.428839206695556641e+00,2.715486079206137493e-01,-1.434480019291992203e+00,4.740163434199956005e-01,-1.171805876865028351e+00,2.056591063737869263e-01,-8.185761570930480957e-01,1.690673828125000000e-01,8.280000000000000000e+02,6.990000000000000000e+02,8.607118691704382627e+02,7.590412309517091671e+02
1.438030242919921875e+00,2.734487741937308147e-01,-1.442058869084472672e+00,5.129642533015115191e-01,-1.258443964361409151e+00,1.983276456594467163e-01,-7.907274961471557617e-01,1.541748046875000000e-01,8.280000000000000000e+02,6.980000000000000000e+02,8.637994431275965326e+02,7.573213708912644506e+02
1.448076248168945312e+00,2.756065815438895061e-01,-1.450379200657959000e+00,5.586144010743812061e-01,-1.361115957668257659e+00,2.366700768470764160e-01,-9.618217945098876953e-01,1.392822265625000000e-01,8.280000000000000000e+02,6.960000000000000000e+02,8.670338039663606651e+02,7.555353835460587106e+02
1.457283735275268555e+00,2.779610842218069866e-01,-1.459653683385009781e+00,6.265289854853424156e-01,-1.511747417908821500e+00,2.337792217731475830e-01,-8.839818835258483887e-01,1.094970703125000000e-01,8.290000000000000000e+02,6.940000000000000000e+02,8.707826472072733850e+02,7.535562920652128014e+02
1.467854976654052734e+00,2.806031197061209514e-01,-1.471002407750244156e+00,7.015432541753855444e-01,-1.685364415498888935e+00,3.052804768085479736e-01,-1.160735130310058594e+00,1.094970703125000000e-01,8.290000000000000000e+02,6.920000000000000000e+02,8.759772821490073511e+02,7.510177163515145367e+02
1.478356838226318359e+00,2.840134590615897014e-01,-1.482378788670654313e+00,8.064324190177886154e-01,-1.925118239592463087e+00,2.984944880008697510e-01,-1.085738301277160645e+00,9.460449218750000000e-02,8.300000000000000000e+02,6.890000000000000000e+02,8.793771806668191857e+02,7.491742242927139159e+02
1.488279819488525391e+00,2.870780914773611858e-01,-1.492766209324951188e+00,9.180115263639309076e-01,-2.183453609682252328e+00,3.767881989479064941e-01,-1.202314019203186035e+00,9.460449218750000000e-02,8.300000000000000000e+02,6.870000000000000000e+02,8.826269208156610375e+02,7.475223475685379526e+02
1.499011278152465820e+00,2.908699601640372112e-01,-1.506015129765625016e+00,1.111624817494328399e+00,-2.632100677202347416e+00,3.859512805938720703e-01,-1.170027256011962891e+00,9.460449218750000000e-02,8.300000000000000000e+02,6.850000000000000000e+02,8.870911668074099907e+02,7.454208597512201777e+02
1.508062839508056641e+00,2.950891345491080120e-01,-1.516341038426513688e+00,1.339249228091686339e+00,-3.157217803464381412e+00,4.332503676414489746e-01,-1.117891073226928711e+00,8.343505859375000000e-02,8.310000000000000000e+02,6.830000000000000000e+02,8.875381971713704843e+02,7.448679517087998647e+02
1.518246889114379883e+00,3.002047627916006878e-01,-1.528320618352050797e+00,1.723608360369995429e+00,-4.048136528407242807e+00,5.460976958274841309e-01,-1.223520994186401367e+00,8.343505859375000000e-02,8.310000000000000000e+02,6.810000000000000000e+02,8.875492914109773892e+02,7.444819373669802189e+02
1.527323007583618164e+00,3.062396436681418255e-01,-1.540710278233642594e+00,2.441395781622226480e+00,-5.712079329215288936e+00,6.239042282104492188e-01,-1.215806722640991211e+00,8.343505859375000000e-02,8.310000000000000000e+02,6.800000000000000000e+02,8.857891780311292678e+02,7.447669476297737674e+02
1.537365674972534180e+00,3.133003204812674358e-01,-1.552707501134033219e+00,4.071887081142208764e+00,-9.491952015499723672e+00,7.323961257934570312e-01,-1.200472831726074219e+00,8.343505859375000000e-02,8.320000000000000000e+02,6.770000000000000000e+02,8.811688755927516468e+02,7.461084629709544060e+02
1.548417329788208008e+00,3.217757433404593304e-01,-1.565255947789306656e+00,1.332170619377418141e+01,-3.093492951314170369e+01,9.195954799652099609e-01,-1.264771461486816406e+00,8.343505859375000000e-02,8.320000000000000000e+02,6.750000000000000000e+02,8.737334439179460333e+02,7.484964691646887331e+02
1.559123992919921875e+00,3.323523491372732952e-01,-1.577650852879638688e+00,-1.077966185085290363e+01,2.493599956312902677e+01,1.049554109573364258e+00,-1.175084233283996582e+00,8.343505859375000000e-02,8.330000000000000000e+02,6.730000000000000000e+02,8.611049274386202796e+02,7.527820526924847400e+02
1.567890405654907227e+00,3.420539587487845257e-01,-1.589384384831542985e+00,-4.110934413625369821e+00,9.477812621178259178e+00,1.069899559020996094e+00,-9.830659627914428711e-01,7.226562500000000000e-02,8.330000000000000000e+02,6.710000000000000000e+02,8.499483430068751204e+02,7.567236045012527939e+02
1.577919483184814453e+00,3.497334509839682415e-01,-1.585341759404296891e+00,-5.285966963728744972e+00,1.220396856196961721e+01,5.850632190704345703e-01,1.174785971641540527e+00,5.737304687500000000e-02,8.330000000000000000e+02,6.690000000000000000e+02,8.272712939918407073e+02,7.646689507575201787e+02
1.587953329086303711e+00,3.544717818250326946e-01,-1.574916668614501969e+00,-1.850373906871157104e+01,4.284423242956610522e+01,4.455085992813110352e-01,7.322248816490173340e-01,5.737304687500000000e-02,8.340000000000000000e+02,6.670000000000000000e+02,8.051129249876383938e+02,7.726443850150690196e+02
1.597908020019531250e+00,3.554088264455466106e-01,-1.565139122685546891e+00,1.353295124442521669e+01,-3.142095778269607109e+01,-6.803449988365173340e-02,1.384850144386291504e+00,4.620361328125000000e-02,8.340000000000000000e+02,6.650000000000000000e+02,7.927907138592656793e+02,7.772211140453173357e+02
1.607044696807861328e+00,3.516521841039328411e-01,-1.552330322941894547e+00,4.125665268769301619e+00,-9.613275058933314909e+00,-4.964009225368499756e-01,8.243554830551147461e-01,4.620361328125000000e-02,8.340000000000000000e+02,6.630000000000000000e+02,7.886016903134531049e+02,7.788950242217451887e+02
1.618649244308471680e+00,3.465969353665976360e-01,-1.559758015355224625e+00,7.027164694910715603e+00,-1.633562103081217032e+01,-5.079470276832580566e-01,-1.192517161369323730e+00,3.131103515625000000e-02,8.350000000000000000e+02,6.600000000000000000e+02,8.083216740160286236e+02,7.715006650584095951e+02
1.628801584243774414e+00,3.394879787912039593e-01,-1.567275829991455094e+00,2.271573252009501331e+01,-5.269615672226255043e+01,-7.215827107429504395e-01,-6.659981012344360352e-01,-2.197265625000000000e-03,8.350000000000000000e+02,6.580000000000000000e+02,8.331411303031576381e+02,7.625116897369839535e+02
1.638799905776977539e+00,3.341533630838064983e-01,-1.580844231328125016e+00,-8.177856756992749609e+00,1.892838499418295939e+01,-3.821833133697509766e-01,-1.639583468437194824e+00,-3.198242187500000000e-02,8.350000000000000000e+02,6.560000000000000000e+02,8.600886517061784389e+02,7.531475474977946760e+02
1.648841381072998047e+00,3.311120360841421917e-01,-1.592140026768798844e+00,-3.953672290908481823e+00,9.144996414393183670e+00,-2.672424912452697754e-01,-7.114660739898681641e-01,-6.921386718750000000e-02,8.360000000000000000e+02,6.540000000000000000e+02,8.792420807209402938e+02,7.467925077241984582e+02
1.658962488174438477e+00,3.280942529191641643e-01,-1.588711567601318375e+00,-4.746870965328241709e+00,1.098637224537062629e+01,-2.936452329158782959e-01,8.117122054100036621e-01,-8.038330078125000000e-02,8.360000000000000000e+02,6.520000000000000000e+02,8.829521057732542886e+02,7.455140053742461532e+02
1.668900251388549805e+00,3.267664104451803997e-01,-1.579343624791259781e+00,-1.032162544663709980e+01,2.392268541253383063e+01,-1.034483760595321655e-01,9.623212218284606934e-01,-1.436767578125000000e-01,8.360000000000000000e+02,6.500000000000000000e+02,8.763640685247952433e+02,7.476280926237345739e+02
1.676944732666015625e+00,3.255135506143240764e-01,-1.567817040166015641e+00,2.966211424255130780e+01,-6.876692266348013050e+01,-1.763162165880203247e-01,1.440950632095336914e+00,-1.436767578125000000e-01,8.370000000000000000e+02,6.480000000000000000e+02,8.673695886705461362e+02,7.506369715521668695e+02
1.688611507415771484e+00,3.238245039930014446e-01,-1.555565663060302750e+00,5.787377777351271568e+00,-1.342193486018725679e+01,-1.030634343624114990e-01,6.122797727584838867e-01,-1.436767578125000000e-01,8.370000000000000000e+02,6.450000000000000000e+02,8.587134401650665723e+02,7.536620675121193926e+02
1.698699474334716797e+00,3.242890923967032268e-01,-1.562085457524414078e+00,1.021325932538044867e+01,-2.367879113806280600e+01,1.087380647659301758e-01,-1.152520298957824707e+00,-1.548461914062500000e-01,8.370000000000000000e+02,6.430000000000000000e+02,8.643630454406921899e+02,7.516802677488531117e+02
1.708745002746582031e+00,3.252718239774374798e-01,-1.570972271641845719e+00,-4.698551919631624969e+02,1.089209955582781959e+03,9.903607517480850220e-02,-7.986602783203125000e-01,-1.548461914062500000e-01,8.380000000000000000e+02,6.410000000000000000e+02,8.712405941808248144e+02,7.493254244157133144e+02
1.717844963073730469e+00,3.274256974210409954e-01,-1.582511254033203141e+00,-6.309372834020077647e+00,1.463109866543871895e+01,2.550991177558898926e-01,-1.195080518722534180e+00,-1.548461914062500000e-01,8.380000000000000000e+02,6.390000000000000000e+02,8.780805179247140586e+02,7.470752478850886291e+02
1.728488206863403320e+00,3.276758283128409222e-01,-1.579269238194580094e+00,-8.426549857858955050e+00,1.954314486137477758e+01,-1.296158432960510254e-01,1.183794260025024414e+00,-1.697387695312500000e-01,8.380000000000000000e+02,6.360000000000000000e+02,8.740876954946776323e+02,7.483910203333389290e+02
1.737504482269287109e+00,3.269834309568075970e-01,-1.569783993443603531e+00,6.463673514947581111e+01,-1.498280152984492588e+02,-5.672520399093627930e-02,7.830437421798706055e-01,-1.697387695312500000e-01,8.390000000000000000e+02,6.340000000000000000e+02,8.658682745069521616e+02,7.511437720151975554e+02
1.748488903045654297e+00,3.246032684793143108e-01,-1.561100788792724625e+00,5.258359128963434159e+00,-1.217224970306073040e+01,-3.513375520706176758e-01,1.131503582000732422e+00,-1.697387695312500000e-01,8.390000000000000000e+02,6.320000000000000000e+02,8.625813178537963495e+02,7.522933907427327540e+02
1.757618665695190430e+00,3.225566833963064983e-01,-1.561446972569580094e+00,5.169197593106058974e+00,-1.196376447817831590e+01,-1.129364818334579468e-01,-9.851776957511901855e-01,-1.697387695312500000e-01,8.390000000000000000e+02,6.300000000000000000e+02,8.678822275695545159e+02,7.504892041191751559e+02
1.769047498703002930e+00,3.217406064023642376e-01,-1.573215313634033219e+00,-1.865308486019148759e+01,4.326191455949895470e+01,-1.734370738267898560e-01,-5.620156526565551758e-01,-1.697387695312500000e-01,8.390000000000000000e+02,6.270000000000000000e+02,8.821200604540400718e+02,7.456863922241604996e+02
1.778053760528564453e+00,3.216332882394461468e-01,-1.580150910100097672e+00,-4.394705401767093456e+00,1.021072791163917159e+01,7.346692681312561035e-02,-1.039008975028991699e+00,-1.697387695312500000e-01,8.400000000000000000e+02,6.250000000000000000e+02,8.896317668213411025e+02,7.432310926702134566e+02
1.787774562835693359e+00,3.217931776990561321e-01,-1.580190487584228531e+00,-3.589252490137194496e+00,8.346310148361595793e+00,-5.912077426910400391e-02,1.009842514991760254e+00,-1.697387695312500000e-01,8.400000000000000000e+02,6.230000000000000000e+02,8.892858815425207695e+02,7.433450657122857592e+02
1.798827648162841797e+00,3.208572357644705608e-01,-1.567964382847900406e+00,1.159548799325638768e+01,-2.685752925370334765e+01,-4.038838297128677368e-02,8.830276131629943848e-01,-1.548461914062500000e-01,8.400000000000000000e+02,6.210000000000000000e+02,8.787772565364019783e+02,7.468000284699410258e+02
1.808045387268066406e+00,3.207166284074454143e-01,-1.560677357396240250e+00,2.897216358422127769e+00,-6.695910594249282255e+00,-9.445227682590484619e-02,9.794434309005737305e-01,-1.399536132812500000e-01,8.410000000000000000e+02,6.180000000000000000e+02,8.715269113642464163e+02,7.492626895854914437e+02
1.817158222198486328e+00,3.202113896360068157e-01,-1.558378048619384781e+00,2.332295152137880301e+00,-5.385799907385645291e+00,5.231100320816040039e-02,-5.543544292449951172e-01,-1.399536132812500000e-01,8.410000000000000000e+02,6.160000000000000000e+02,8.703563288731535295e+02,7.496746418959587572e+02
1.827265024185180664e+00,3.213134795179037884e-01,-1.570381947239990250e+00,6.248325223679850637e+01,-1.448290638828157171e+02,1.013565063476562500e-01,-9.868230819702148438e-01,-1.250610351562500000e-01,8.410000000000000000e+02,6.140000000000000000e+02,8.801955973288658015e+02,7.463246057784413097e+02
1.837302923202514648e+00,3.223753362645773723e-01,-1.578217335423584000e+00,-3.412251446255210929e+00,7.929225769950354774e+00,1.969820857048034668e-01,-9.935069084167480469e-01,-1.250610351562500000e-01,8.410000000000000000e+02,6.120000000000000000e+02,8.858114711699892041e+02,7.444795776914224916e+02
1.847359657287597656e+00,3.262581616391806438e-01,-1.591743298253173844e+00,-1.224232304728621212e+00,2.856679599257187618e+00,3.763682544231414795e-01,-1.073369383811950684e+00,-1.250610351562500000e-01,8.420000000000000000e+02,6.090000000000000000e+02,8.905762451922097398e+02,7.430364469863388877e+02
1.858279228210449219e+00,3.275812655439047649e-01,-1.586729832371826188e+00,-1.587257032432600967e+00,3.698511427844948685e+00,1.060808748006820679e-01,1.153329014778137207e+00,-1.250610351562500000e-01,8.420000000000000000e+02,6.070000000000000000e+02,8.821181608467524029e+02,7.457687587608138529e+02
1.868336439132690430e+00,3.293256252755789593e-01,-1.577848263463134781e+00,-3.668328540261717841e+00,8.522210453299283728e+00,1.692483127117156982e-01,7.228206992149353027e-01,-1.250610351562500000e-01,8.420000000000000000e+02,6.050000000000000000e+02,8.686178211490761214e+02,7.502277287405536299e+02
1.877324104309082031e+00,3.286250918855337932e-01,-1.565733738621826188e+00,4.897108375498484101e+00,-1.133697560598422704e+01,-2.017052918672561646e-01,1.589877843856811523e+00,-1.101684570312500000e-01,8.420000000000000000e+02,6.030000000000000000e+02,8.576930645935905204e+02,7.539440305361299579e+02
1.887301683425903320e+00,3.256674796094565227e-01,-1.553968258580322281e+00,1.500959280761111403e+00,-3.464657983417889664e+00,-3.055849671363830566e-01,6.845462322235107422e-01,-1.101684570312500000e-01,8.430000000000000000e+02,6.000000000000000000e+02,8.526140064975941186e+02,7.557795375431178400e+02
1.897420406341552734e+00,3.233110695829062298e-01,-1.558933087071533219e+00,2.092337419721678415e+00,-4.834959662944028125e+00,-2.206283360719680786e-01,-1.028437614440917969e+00,-1.101684570312500000e-01,8.430000000000000000e+02,5.980000000000000000e+02,8.634479422138421114e+02,7.520133401385146499e+02
1.907463312149047852e+00,3.198810308923392132e-01,-1.567768879613037125e+00,8.265754661901004496e+00,-1.914624950813665549e+01,-3.371264934539794922e-01,-7.521068453788757324e-01,-1.101684570312500000e-01,8.430000000000000000e+02,5.960000000000000000e+02,8.809350129825742215e+02,7.460814359542641796e+02
1.918477296829223633e+00,3.181719571103720501e-01,-1.580375500401611344e+00,-2.299910513883902219e+00,5.348630793025873409e+00,-7.103890925645828247e-02,-1.493128895759582520e+00,-1.101684570312500000e-01,8.430000000000000000e+02,5.930000000000000000e+02,8.982567722827903935e+02,7.404142237134801690e+02
1.928517103195190430e+00,3.183176606645254925e-01,-1.591522045811767594e+00,-7.372202400995904181e-01,1.728682398014229182e+00,-7.304193917661905289e-03,-6.329842805862426758e-01,-1.101684570312500000e-01,8.440000000000000000e+02,5.910000000000000000e+02,9.096053950386954057e+02,7.368685482227301691e+02
1.938676834106445312e+00,3.180072694768576458e-01,-1.587264843663330094e+00,-7.519097822869518222e-01,1.764201969012241022e+00,-2.510952763259410858e-02,8.865203261375427246e-01,-1.101684570312500000e-01,8.440000000000000000e+02,5.880000000000000000e+02,9.058847338603333128e+02,7.380089523120568629e+02
1.948705673217773438e+00,3.188896566381125286e-01,-1.578553028782959000e+00,-1.343148333976677211e+00,3.135369348296718428e+00,1.265521943569183350e-01,9.191166162490844727e-01,-1.101684570312500000e-01,8.440000000000000000e+02,5.860000000000000000e+02,8.946073415612635245e+02,7.415921563455854084e+02
1.958700418472290039e+00,3.195510297765402630e-01,-1.563926048955078141e+00,1.130812659632230988e+00,-2.598306052935947630e+00,2.718454971909523010e-02,1.476675987243652344e+00,-1.101684570312500000e-01,8.440000000000000000e+02,5.830000000000000000e+02,8.777270259929761096e+02,7.471636615963802797e+02
1.967817544937133789e+00,3.196394830693869427e-01,-1.553019352635498063e+00,4.665767889880854113e-01,-1.058931220137661722e+00,-1.844190061092376709e-02,7.015095353126525879e-01,-1.101684570312500000e-01,8.440000000000000000e+02,5.810000000000000000e+02,8.661707976353787899e+02,7.511450783984073496e+02
1.977935314178466797e+00,3.211216121663718059e-01,-1.556739636143798844e+00,5.643482495125189402e-01,-1.285203244922887400e+00,1.848432272672653198e-01,-8.516306281089782715e-01,-1.101684570312500000e-01,8.450000000000000000e+02,5.790000000000000000e+02,8.664551226978654768e+02,7.510094500828145101e+02
1.987862110137939453e+00,3.213584512223868206e-01,-1.562005825718994156e+00,9.281639712739628845e-01,-2.128933367187350711e+00,-4.236483573913574219e-02,-3.945550918579101562e-01,-1.101684570312500000e-01,8.450000000000000000e+02,5.770000000000000000e+02,8.713582509306040720e+02,7.493112504960749902e+02
1.997908115386962891e+00,3.214117973794607952e-01,-1.571207829197998063e+00,-1.869868354239462604e+01,4.337006581227894486e+01,1.803106442093849182e-02,-1.266182422637939453e+00,-1.101684570312500000e-01,8.450000000000000000e+02,5.740000000000000000e+02,8.808196831419380715e+02,7.461168449179212985e+02
2.007029056549072266e+00,3.217283874501852825e-01,-1.582234211644287125e+00,-6.824917239379096889e-01,1.604973172819899929e+00,-3.889558464288711548e-02,-7.630954980850219727e-01,-1.101684570312500000e-01,8.450000000000000000e+02,5.720000000000000000e+02,8.915828620820042261e+02,7.426048444146613292e+02
2.017665147781372070e+00,3.193381815900473431e-01,-1.579021282872314469e+00,-9.155289903011560870e-01,2.145530237295247389e+00,-3.113561570644378662e-01,8.335363864898681641e-01,-1.101684570312500000e-01,8.450000000000000000e+02,5.690000000000000000e+02,8.940104748093507396e+02,7.417895475193854509e+02
2.028670072555541992e+00,3.161355346192984417e-01,-1.571769543370361344e+00,-8.098550845582993318e+00,1.879676009066880482e+01,-3.183442354202270508e-01,6.099092960357666016e-01,-1.101684570312500000e-01,8.460000000000000000e+02,5.670000000000000000e+02,8.941844549683204377e+02,7.417107653714906519e+02
2.037722110748291016e+00,3.113576560964255169e-01,-1.561010189732666031e+00,7.883643672138997971e-01,-1.804424327974468056e+00,-5.079469680786132812e-01,1.172984004020690918e+00,-1.101684570312500000e-01,8.460000000000000000e+02,5.650000000000000000e+02,8.945247651936767852e+02,7.416308277710086259e+02
2.049455165863037109e+00,3.043407290925650432e-01,-1.548860378941650406e+00,3.677170401013329926e-01,-8.295738781347048452e-01,-6.395791769027709961e-01,1.132605552673339844e+00,-1.101684570312500000e-01,8.460000000000000000e+02,5.620000000000000000e+02,8.988680444793832294e+02,7.403438169643377478e+02
2.058537721633911133e+00,2.999593108644156292e-01,-1.549440212926025406e+00,3.617937469172057829e-01,-8.155079591834547559e-01,-3.738976716995239258e-01,-8.551669716835021973e-01,-1.101684570312500000e-01,8.460000000000000000e+02,5.600000000000000000e+02,9.101070722825515986e+02,7.367169580749487068e+02
2.068695783615112305e+00,2.957164436330466106e-01,-1.557973690709228531e+00,6.044531064714139257e-01,-1.378228557504206364e+00,-4.947429895401000977e-01,-3.154463768005371094e-01,-1.101684570312500000e-01,8.460000000000000000e+02,5.570000000000000000e+02,9.293510642565959188e+02,7.305584318046780936e+02
2.077624797821044922e+00,2.912442177285818889e-01,-1.561631031712646500e+00,8.036611598396584677e-01,-1.839701668253401312e+00,-2.832492589950561523e-01,-8.271429538726806641e-01,-1.101684570312500000e-01,8.460000000000000000e+02,5.550000000000000000e+02,9.440897042031988349e+02,7.260016088588840830e+02
2.087738275527954102e+00,2.901691585530905559e-01,-1.576278992375488297e+00,-1.336186030634058053e+00,3.120678832354447874e+00,-7.337999343872070312e-02,-1.127558350563049316e+00,-1.101684570312500000e-01,8.470000000000000000e+02,5.520000000000000000e+02,9.621434439626962103e+02,7.205670041326716273e+02
2.097722291946411133e+00,2.898286670198111370e-01,-1.584951229771728531e+00,-4.898617667980029733e-01,1.159035997001769180e+00,1.584324240684509277e-02,-8.714098930358886719e-01,-1.101684570312500000e-01,8.470000000000000000e+02,5.500000000000000000e+02,9.721439207592046614e+02,7.176843290682668339e+02
2.108818531036376953e+00,2.899481147279410198e-01,-1.584113903721923844e+00,-5.389243976571396200e-01,1.272529176642638316e+00,-6.426056474447250366e-02,7.482501268386840820e-01,-1.101684570312500000e-01,8.470000000000000000e+02,5.470000000000000000e+02,9.709653726758492667e+02,7.180207939352453650e+02
2.118731975555419922e+00,2.899054974069266155e-01,-1.575937100133056656e+00,-1.381558181800741192e+00,3.226099906806896289e+00,4.267428815364837646e-02,5.266126990318298340e-01,-1.101684570312500000e-01,8.470000000000000000e+02,5.450000000000000000e+02,9.624271952573086537e+02,7.204818405658261327e+02
2.127830028533935547e+00,2.902028947820334270e-01,-1.568706341466064469e+00,3.562764294610901938e+00,-8.236001848173359008e+00,1.325847953557968140e-02,9.674951434135437012e-01,-1.101684570312500000e-01,8.470000000000000000e+02,5.430000000000000000e+02,9.540753353135910402e+02,7.229614529600685273e+02
2.137980699539184570e+00,2.892740458001761272e-01,-1.557620831212158219e+00,5.632945088592689054e-01,-1.282509690447778183e+00,-1.390469074249267578e-01,1.331746220588684082e+00,-1.101684570312500000e-01,8.470000000000000000e+02,5.400000000000000000e+02,9.446840999573718136e+02,7.258502263023124215e+02
2.147003889083862305e+00,2.890319317330984905e-01,-1.556101628026123063e+00,5.199529194325920312e-01,-1.182255310108918822e+00,3.897641599178314209e-02,-7.562232017517089844e-01,-1.101684570312500000e-01,8.480000000000000000e+02,5.380000000000000000e+02,9.436798248090078687e+02,7.261694119173780564e+02
2.156997442245483398e+00,2.905857950200705364e-01,-1.566306420048828141e+00,1.625206609581201445e+00,-3.744192605894886672e+00,6.692463904619216919e-02,-5.827533006668090820e-01,-1.101684570312500000e-01,8.480000000000000000e+02,5.360000000000000000e+02,9.506133376697088124e+02,7.240065552200180719e+02
2.168761253356933594e+00,2.913765400399832561e-01,-1.572853394230957047e+00,-3.588772679232957064e+00,8.342582353113975557e+00,1.795829236507415771e-01,-1.085070967674255371e+00,-1.101684570312500000e-01,8.480000000000000000e+02,5.330000000000000000e+02,9.555784128783930100e+02,7.225115661887407441e+02
2.178923368453979492e+00,2.947771638383536175e-01,-1.586075611790771500e+00,-4.598628991011044498e-01,1.089426558672402123e+00,3.082897961139678955e-01,-1.021885871887207031e+00,-1.101684570312500000e-01,8.480000000000000000e+02,5.300000000000000000e+02,9.612274671169744806e+02,7.209046879116049240e+02
2.187873125076293945e+00,2.948629945268301800e-01,-1.582006283482666031e+00,-6.492039930019589677e-01,1.528144235215161517e+00,-7.844741642475128174e-02,1.014442205429077148e+00,-1.101684570312500000e-01,8.480000000000000000e+02,5.280000000000000000e+02,9.567177089331446496e+02,7.222109001814174007e+02
2.197917222976684570e+00,2.949990421285300091e-01,-1.575979061802978531e+00,-1.392003108856038729e+00,3.250240933279172850e+00,7.455192506313323975e-02,2.899449169635772705e-01,-1.101684570312500000e-01,8.480000000000000000e+02,5.250000000000000000e+02,9.500261656488103199e+02,7.241856551946434593e+02
2.207079172134399414e+00,2.944196849813132122e-01,-1.568173237523193375e+00,2.862198473780999564e+00,-6.611983614271633058e+00,-1.396552175283432007e-01,1.162656545639038086e+00,-1.101684570312500000e-01,8.480000000000000000e+02,5.230000000000000000e+02,9.432206825746603727e+02,7.262408194431072843e+02
2.217313528060913086e+00,2.906223922719626263e-01,-1.553362675389404313e+00,4.325689301036939605e-01,-9.795200082177575318e-01,-3.692042827606201172e-01,1.405598521232604980e+00,-1.101684570312500000e-01,8.480000000000000000e+02,5.210000000000000000e+02,9.369285626780260827e+02,7.282626335102495432e+02
2.227352857589721680e+00,2.895376771440176800e-01,-1.556924172124023453e+00,5.489370888667843840e-01,-1.249424989099234162e+00,-3.514774143695831299e-03,-1.307497501373291016e+00,-1.101684570312500000e-01,8.490000000000000000e+02,5.180000000000000000e+02,9.433095099244314952e+02,7.262744371623984989e+02
2.237465381622314453e+00,2.878238647927908733e-01,-1.563564129552001969e+00,1.011620539001764296e+00,-2.321796202783771079e+00,-2.534627914428710938e-01,-4.271597415208816528e-02,-1.101684570312500000e-01,8.490000000000000000e+02,5.160000000000000000e+02,9.544724898571431595e+02,7.228581439130775834e+02
2.248413801193237305e+00,2.869665413846640423e-01,-1.571122952183837906e+00,-2.239941237604821112e+01,5.194911994779572950e+01,8.841381967067718506e-02,-1.427248477935791016e+00,-1.101684570312500000e-01,8.490000000000000000e+02,5.130000000000000000e+02,9.645335410366158158e+02,7.198509842203229709e+02
2.258530378341674805e+00,2.878873437394766643e-01,-1.584112950047607438e+00,-5.224397218480805183e-01,1.234526776714630625e+00,4.175361245870590210e-02,-7.749391198158264160e-01,-1.101684570312500000e-01,8.490000000000000000e+02,5.100000000000000000e+02,9.760099327226208743e+02,7.165528541894400405e+02
2.268469810485839844e+00,2.869086056699423626e-01,-1.579758473118896500e+00,-7.987947045221620579e-01,1.875007281075700361e+00,-1.254411339759826660e-01,8.059146404266357422e-01,-1.101684570312500000e-01,8.490000000000000000e+02,5.080000000000000000e+02,9.737983830161224432e+02,7.171634145736602477e+02
2.277627229690551758e+00,2.864347189416556194e-01,-1.574587174138183610e+00,-1.874094408686531210e+00,4.367872487840594786e+00,-5.450775101780891418e-02,4.688308537006378174e-01,-1.101684570312500000e-01,8.490000000000000000e+02,5.060000000000000000e+02,9.694919822893027685e+02,7.183985556266306958e+02
2.289063453674316406e+00,2.842825740327505901e-01,-1.564217396458740250e+00,1.122185980128000748e+00,-2.578220701284103189e+00,-2.637873291969299316e-01,1.190894484519958496e+00,-1.101684570312500000e-01,8.490000000000000000e+02,5.030000000000000000e+02,9.638161271243918691e+02,7.200767856154534456e+02
2.298070430755615234e+00,2.807120769967703655e-01,-1.552083798131103531e+00,3.957393798041805022e-01,-8.940702301877714309e-01,-4.204041361808776855e-01,1.332020282745361328e+00,-1.101684570312500000e-01,8.490000000000000000e+02,5.010000000000000000e+02,9.597760383939040594e+02,7.213734901392640495e+02
2.307252883911132812e+00,2.786309808244376018e-01,-1.552320309361572281e+00,4.053540119757525484e-01,-9.164721038962541089e-01,-8.214232325553894043e-02,-8.983660936355590820e-01,-1.101684570312500000e-01,8.490000000000000000e+02,4.980000000000000000e+02,9.651131891167387948e+02,7.197913501793436808e+02
2.317248344421386719e+00,2.763954788198141888e-01,-1.559227772435302750e+00,6.228907329389442582e-01,-1.420578063374570599e+00,-4.020628035068511963e-01,-1.447191089391708374e-01,-1.101684570312500000e-01,8.490000000000000000e+02,4.960000000000000000e+02,9.778605993804679883e+02,7.160029867769953853e+02
2.327337980270385742e+00,2.741764276971487835e-01,-1.563204594334716813e+00,9.504719295813217617e-01,-2.180057440284639547e+00,-7.794249802827835083e-02,-1.009062290191650391e+00,-1.101684570312500000e-01,8.490000000000000000e+02,4.930000000000000000e+02,9.874978532935189151e+02,7.132130269242825307e+02
2.337363719940185547e+00,2.740887790670065716e-01,-1.576145477971191422e+00,-1.283822130976050024e+00,2.999624813663860134e+00,-2.857594750821590424e-02,-1.062233686447143555e+00,-1.101684570312500000e-01,8.490000000000000000e+02,4.910000000000000000e+02,1.001411998756468961e+03,7.092835039030264852e+02
2.348410129547119141e+00,2.742159455766348675e-01,-1.583740063389892594e+00,-5.291609287806062767e-01,1.250099266170311862e+00,6.653903424739837646e-02,-8.208532929420471191e-01,-1.101684570312500000e-01,8.500000000000000000e+02,4.880000000000000000e+02,1.009161887248712901e+03,7.071820176283235924e+02
2.358522653579711914e+00,2.739285617818503216e-01,-1.583424397191162125e+00,-5.335478234850794532e-01,1.260384273445979364e+00,-1.132743358612060547e-01,7.009730339050292969e-01,-1.101684570312500000e-01,8.500000000000000000e+02,4.860000000000000000e+02,1.009532986190289193e+03,7.070772709837187904e+02
2.368721008300781250e+00,2.731238692750601604e-01,-1.574396916112060563e+00,-1.942136011987505739e+00,4.525602001423246534e+00,6.078895181417465210e-03,5.014628171920776367e-01,-1.101684570312500000e-01,8.500000000000000000e+02,4.830000000000000000e+02,1.001928087933306188e+03,7.091346598406094017e+02
2.378726482391357422e+00,2.725338428964285686e-01,-1.567401715001220719e+00,2.062475332601752864e+00,-4.757733071504721245e+00,-1.352169662714004517e-01,8.991274237632751465e-01,-1.101684570312500000e-01,8.500000000000000000e+02,4.800000000000000000e+02,9.959667084172884870e+02,7.108019364757901712e+02
2.388867378234863281e+00,2.699855953206686809e-01,-1.554691620549316422e+00,4.522550482140014205e-01,-1.025090911974405827e+00,-2.947036623954772949e-01,1.409840106964111328e+00,-1.101684570312500000e-01,8.500000000000000000e+02,4.780000000000000000e+02,9.887870187695853019e+02,7.129118305337751735e+02
2.398123502731323242e+00,2.692499547948508098e-01,-1.555622883519287125e+00,4.715515508266248101e-01,-1.069708667268222557e+00,6.600827723741531372e-02,-1.088902592658996582e+00,-1.101684570312500000e-01,8.500000000000000000e+02,4.760000000000000000e+02,9.915746583924955075e+02,7.121117262862858297e+02
2.407293319702148438e+00,2.693780153741507366e-01,-1.563643761357421891e+00,9.942861632643372749e-01,-2.281567941306819947e+00,-4.400803521275520325e-02,-3.273154795169830322e-01,-1.101684570312500000e-01,8.500000000000000000e+02,4.730000000000000000e+02,9.997384752986899912e+02,7.097578117152966115e+02
2.418214321136474609e+00,2.692086487760214641e-01,-1.567419834813232438e+00,2.057468965861531718e+00,-4.746102286710449647e+00,8.256730437278747559e-02,-9.017539024353027344e-01,-1.101684570312500000e-01,8.500000000000000000e+02,4.710000000000000000e+02,1.004152633859784373e+03,7.085158129409865069e+02
2.427315473556518555e+00,2.714777081956534222e-01,-1.581181355198974625e+00,-6.581743965508949357e-01,1.549200212396033116e+00,2.592473328113555908e-01,-1.248131752014160156e+00,-1.101684570312500000e-01,8.500000000000000000e+02,4.680000000000000000e+02,1.013176238776069340e+03,7.060610918814131765e+02
2.437475442886352539e+00,2.744420855989126995e-01,-1.589205570897216813e+00,-3.614576970911865805e-01,8.614592695361681374e-01,3.619911968708038330e-01,-7.203729152679443359e-01,-1.101684570312500000e-01,8.500000000000000000e+02,4.660000000000000000e+02,1.014417829920835629e+03,7.057967214119689743e+02
2.447523117065429688e+00,2.768224268903403118e-01,-1.588385410985107438e+00,-3.865989276021873366e-01,9.196259163579658669e-01,1.724550873041152954e-01,5.967066884040832520e-01,-1.101684570312500000e-01,8.500000000000000000e+02,4.630000000000000000e+02,1.007692261573598557e+03,7.076330737079815663e+02
2.457557201385498047e+00,2.795985430230765179e-01,-1.582223721226806656e+00,-6.014627312740635778e-01,1.417753036674363587e+00,3.439002633094787598e-01,3.848535120487213135e-01,-1.101684570312500000e-01,8.500000000000000000e+02,4.610000000000000000e+02,9.943299836153274782e+02,7.113012412715352184e+02
2.468513965606689453e+00,2.823656290521292522e-01,-1.575620480260009781e+00,-1.476452911739969842e+00,3.445996028180689841e+00,2.299794256687164307e-01,9.583405256271362305e-01,-1.101684570312500000e-01,8.500000000000000000e+02,4.580000000000000000e+02,9.805490535785362454e+02,7.151914919698911035e+02
2.478618144989013672e+00,2.833364695062308147e-01,-1.564312763890380875e+00,1.119681154074801954e+00,-2.572292498433485619e+00,5.457453802227973938e-02,1.106788873672485352e+00,-1.101684570312500000e-01,8.500000000000000000e+02,4.550000000000000000e+02,9.662307694472900721e+02,7.193646804921227158e+02
2.488933086395263672e+00,2.828205615033774212e-01,-1.552421398839111344e+00,4.102156256745830842e-01,-9.277571350350812818e-01,-6.228048354387283325e-02,8.999178409576416016e-01,-1.101684570312500000e-01,8.500000000000000000e+02,4.530000000000000000e+02,9.549785085755839873e+02,7.227998233775151675e+02
2.498017311096191406e+00,2.831802457322745159e-01,-1.555579491337890641e+00,4.871612686851925500e-01,-1.106038134805300110e+00,7.934107631444931030e-02,-9.455410838127136230e-01,-1.101684570312500000e-01,8.500000000000000000e+02,4.500000000000000000e+02,9.574186603634883568e+02,7.220363723177974862e+02
2.508093595504760742e+00,2.825537413110403850e-01,-1.561549015721435563e+00,7.970378561028396147e-01,-1.824433394024725485e+00,-1.578308194875717163e-01,-1.985642611980438232e-01,-1.101684570312500000e-01,8.500000000000000000e+02,4.480000000000000000e+02,9.652329722908393705e+02,7.196726349934688187e+02
