0,0,0
0.0075,0.0188494861574937,0
0.015,0.037698553732576,0
0.0225,0.0565467841521309,0
0.03,0.0753937588616327,0
0.0375,0.0942390593344406,0
0.045,0.113082267081093,0
0.0525,0.131922963658601,0
0.06,0.150760730679738,0
0.0675,0.169595149822336,0
0.075,0.188425802838571,0
0.0825,0.207252271564249,0
0.09,0.226074137928098,0
0.0975,0.244890983961048,0
0.105,0.263702391805511,0
0.1125,0.282507943724667,0
0.12,0.301307222111731,0
0.1275,0.320099809499235,0
0.135,0.338885288568294,0
0.1425,0.357663242157874,0
0.15,0.376433253274057,0
0.1575,0.3951949050993,0
0.165,0.41394778100169,0
0.1725,0.432691464544198,0
0.18,0.451425539493927,0
0.1875,0.470149589831351,0
0.195,0.488863199759558,0
0.2025,0.507565953713482,0
0.21,0.52625743636913,0
0.2175,0.544937232652807,0
0.225,0.563604927750331,0
0.2325,0.582260107116246,0
0.24,0.600902356483028,0
0.2475,0.619531261870284,0
0.255,0.638146409593945,0
0.2625,0.656747386275452,0
0.27,0.675333778850936,0
0.2775,0.693905174580391,0
0.285,0.71246116105684,0
0.2925,0.731001326215494,0
0.3,0.749525258342898,0
0.3075,0.76803254608608,0
0.315,0.78652277846168,0
0.3225,0.804995544865081,0
0.33,0.823450435079525,0
0.3375,0.841887039285223,0
0.345,0.860304948068453,0
0.3525,0.878703752430659,0
0.36,0.897083043797525,0
0.3675,0.915442414028052,0
0.375,0.933781455423622,0
0.3825,0.95209976073705,0
0.39,0.97039692318163,0
0.3975,0.988672536440164,0
0.405,1.00692619467399,0
0.4125,1.02515749253199,0
0.42,1.04336602515959,0
0.4275,1.06155138820776,0
0.435,1.07971317784199,0
0.4425,1.09785099075123,0
0.45,1.11596442415692,0
0.4575,1.13405307582183,0
0.465,1.15211654405908,0
0.4725,1.17015442774102,0
0.48,1.18816632630814,0
0.4875,1.20615183977798,0
0.495,1.224110568754,0
0.5025,1.24204211443445,0
0.51,1.25994607862122,0
0.5175,1.2778220637287,0
0.525,1.2956696727926,0
0.5325,1.31348850947875,0
0.54,1.33127817809195,0
0.5475,1.34903828358467,0
0.555,1.36676843156593,0
0.5625,1.38446822830997,0
0.57,1.40213728076504,0
0.5775,1.4197751965621,0
0.585,1.43738158402356,0
0.5925,1.45495605217198,0
0.6,1.47249821073871,0
0.6075,1.49000767017261,0
0.615,1.50748404164865,0
0.6225,1.5249269370766,0
0.63,1.54233596910959,0
0.6375,1.55971075115275,0
0.645,1.5770508973718,0
0.6525,1.59435602270159,0
0.66,1.61162574285465,0
0.6675,1.62885967432976,0
0.675,1.64605743442044,0
0.6825,1.66321864122343,0
0.69,1.68034291364722,0
0.6975,1.69742987142049,0
0.705,1.71447913510051,0
0.7125,1.73149032608166,0
0.72,1.74846306660373,0
0.7275,1.76539697976041,0
0.735,1.78229168950759,0
0.7425,1.79914682067172,0
0.75,1.81596199895819,0
0.7575,1.83273685095957,0
0.765,1.84947100416397,0
0.7725,1.86616408696325,0
0.78,1.88281572866133,0
0.7875,1.89942555948238,0
0.795,1.91599321057904,0
0.8025,1.93251831404064,0
0.81,1.94900050290133,0
0.8175,1.96543941114824,0
0.825,1.98183467372963,0
0.8325,1.99818592656297,0
0.84,2.01449280654304,0
0.8475,2.03075495154999,0
0.855,2.04697200045738,0
0.8625,2.06314359314019,0
0.87,2.07926937048284,0
0.8775,2.09534897438714,0
0.885,2.11138204778027,0
0.8925,2.12736823462267,0
0.9,2.14330717991599,0
0.9075,2.15919852971094,0
0.915,2.17504193111517,0
0.9225,2.1908370323011,0
0.93,2.20658348251372,0
0.9375,2.22228093207841,0
0.945,2.23792903240867,0
0.9525,2.25352743601388,0
0.96,2.26907579650703,0
0.9675,2.28457376861236,0
0.975,2.30002100817311,0
0.9825,2.31541717215909,0
0.99,2.3307619186743,0
0.9975,2.3460549069646,0
1.005,2.36129579742518,0
1.0125,2.37648425160815,0
1.02,2.39161993223008,0
1.0275,2.40670250317941,0
1.035,2.42173162952401,0
1.0425,2.43670697751854,0
1.05,2.45162821461191,0
1.0575,2.46649500945464,0
1.065,2.48130703190622,0
1.0725,2.49606395304247,0
1.08,2.5107654451628,0
1.0875,2.52541118179751,0
1.095,2.54000083771504,0
1.1025,2.5545340889292,0
1.11,2.56901061270634,0
1.1175,2.58343008757254,0
1.125,2.59779219332073,0
1.1325,2.61209661101784,0
1.14,2.62634302301183,0
1.1475,2.64053111293875,0
1.155,2.65466056572983,0
1.1625,2.6687310676184,0
1.17,2.68274230614688,0
1.1775,2.69669397017375,0
1.185,2.71058574988041,0
1.1925,2.72441733677811,0
1.2,2.73818842371475,0
1.2075,2.75189870488176,0
1.215,2.76554787582083,0
1.2225,2.77913563343069,0
1.23,2.79266167597389,0
1.2375,2.80612570308342,0
1.245,2.81952741576945,0
1.2525,2.8328665164259,0
1.26,2.84614270883714,0
1.2675,2.85935569818448,0
1.275,2.87250519105275,0
1.2825,2.88559089543686,0
1.29,2.89861252074819,0
1.2975,2.91156977782113,0
1.305,2.92446237891946,0
1.3125,2.93729003774274,0
1.32,2.9500524694327,0
1.3275,2.9627493905795,0
1.335,2.9753805192281,0
1.3425,2.98794557488447,0
1.35,3.00044427852184,0
1.3575,3.01287635258688,0
1.365,3.02524152100589,0
1.3725,3.0375395091909,0
1.38,3.04977004404579,0
1.3875,3.06193285397235,0
1.395,3.07402766887631,0
1.4025,3.08605422017331,0
1.41,3.09801224079494,0
1.4175,3.10990146519456,0
1.425,3.12172162935332,0
1.4325,3.13347247078591,0
1.44,3.14515372854648,0
1.4475,3.15676514323435,0
1.455,3.16830645699987,0
1.4625,3.17977741355004,0
1.47,3.19117775815428,0
1.4775,3.20250723765006,0
1.485,3.21376560044851,0
1.4925,3.22495259654002,0
1.5,3.23606797749979,0
1.5075,3.24711149649335,0
1.515,3.25808290828204,0
1.5225,3.26898196922844,0
1.53,3.27980843730181,0
1.5375,3.29056207208344,0
1.545,3.301242634772,0
1.5525,3.31184988818884,0
1.56,3.32238359678325,0
1.5675,3.33284352663772,0
1.575,3.34322944547308,0
1.5825,3.35354112265372,0
1.59,3.36377832919268,0
1.5975,3.37394083775671,0
1.605,3.38402842267137,0
1.6125,3.39404085992601,0
1.62,3.40397792717877,0
1.6275,3.41383940376146,0
1.635,3.42362507068453,0
1.6425,3.4333347106419,0
1.65,3.44296810801577,0
1.6575,3.45252504888145,0
1.665,3.46200532101208,0
1.6725,3.47140871388332,0
1.68,3.4807350186781,0
1.6875,3.48998402829119,0
1.695,3.49915553733381,0
1.7025,3.50824934213822,0
1.71,3.51726524076222,0
1.7175,3.52620303299364,0
1.725,3.53506252035477,0
1.7325,3.54384350610681,0
1.74,3.55254579525418,0
1.7475,3.5611691945489,0
1.755,3.56971351249487,0
1.7625,3.5781785593521,0
1.77,3.58656414714094,0
1.7775,3.59487008964627,0
1.785,3.60309620242159,0
1.7925,3.61124230279317,0
1.8,3.61930820986408,0
1.8075,3.62729374451818,0
1.815,3.63519872942416,0
1.8225,3.64302298903942,0
1.83,3.65076634961401,0
1.8375,3.65842863919445,0
1.845,3.66600968762759,0
1.8525,3.67350932656435,0
1.86,3.68092738946348,0
1.8675,3.68826371159526,0
1.875,3.69551813004515,0
1.8825,3.7026904837174,0
1.89,3.70978061333865,0
1.8975,3.71678836146144,0
1.905,3.72371357246774,0
1.9125,3.73055609257238,0
1.92,3.73731576982645,0
1.9275,3.74399245412072,0
1.935,3.75058599718894,0
1.9425,3.75709625261115,0
1.95,3.7635230758169,0
1.9575,3.76986632408851,0
1.965,3.7761258565642,0
1.9725,3.78230153424122,0
1.98,3.78839321997898,0
1.9875,3.79440077850202,0
1.995,3.80032407640309,0
2.0025,3.80616298214606,0
2.01,3.81191736606887,0
2.0175,3.81758710038641,0
2.025,3.82317205919332,0
2.0325,3.82867211846683,0
2.04,3.8340871560695,0
2.0475,3.83941705175193,0
2.055,3.84466168715541,0
2.0625,3.84982094581459,0
2.07,3.85489471316004,0
2.0775,3.85988287652079,0
2.085,3.86478532512686,0
2.0925,3.86960195011167,0
2.1,3.87433264451452,0
2.1075,3.87897730328292,0
2.115,3.88353582327492,0
2.1225,3.88800810326145,0
2.13,3.89239404392851,0
2.1375,3.8966935478794,0
2.145,3.90090651963689,0
2.1525,3.90503286564535,0
2.16,3.90907249427277,0
2.1675,3.91302531581288,0
2.175,3.91689124248706,0
2.1825,3.92067018844636,0
2.19,3.92436206977334,0
2.1975,3.92796680448399,0
2.205,3.93148431252952,0
2.2125,3.93491451579814,0
2.22,3.93825733811682,0
2.2275,3.94151270525294,0
2.235,3.94468054491596,0
2.2425,3.94776078675903,0
2.25,3.95075336238055,0
2.2575,3.95365820532569,0
2.265,3.95647525108785,0
2.2725,3.9592044371101,0
2.28,3.9618457027866,0
2.2875,3.9643989894639,0
2.295,3.96686424044225,0
2.3025,3.9692414009769,0
2.31,3.97153041827925,0
2.3175,3.97373124151811,0
2.325,3.97584382182072,0
2.3325,3.97786811227393,0
2.34,3.9798040679252,0
2.3475,3.98165164578359,0
2.355,3.98341080482074,0
2.3625,3.98508150597177,0
2.37,3.98666371213612,0
2.3775,3.98815738817844,0
2.385,3.98956250092929,0
2.3925,3.99087901918596,0
2.4,3.99210691371309,0
2.4075,3.99324615724334,0
2.415,3.99429672447804,0
2.4225,3.99525859208768,0
2.43,3.9961317387125,0
2.4375,3.99691614496289,0
2.445,3.99761179341989,0
2.4525,3.99821866863553,0
2.46,3.9987367571332,0
2.4675,3.99916604740792,0
2.475,3.99950652992664,0
2.4825,3.99975819712841,0
2.49,3.99992104342455,0
2.4975,3.99999506519881,0
2.505,3.99998026080743,0
2.5125,3.99987663057916,0
2.52,3.99968417681526,0
2.5275,3.99940290378949,0
2.535,3.99903281774794,0
2.5425,3.99857392690895,0
2.55,3.99802624146293,0
2.5575,3.99738977357207,0
2.565,3.99666453737016,0
2.5725,3.9958505489622,0
2.58,3.99494782642407,0
2.5875,3.99395638980215,0
2.595,3.99287626111285,0
2.6025,3.99170746434211,0
2.61,3.9904500254449,0
2.6175,3.98910397234463,0
2.625,3.98766933493251,0
2.6325,3.98614614506693,0
2.64,3.98453443657269,0
2.6475,3.98283424524032,0
2.655,3.98104560882523,0
2.6625,3.97916856704691,0
2.67,3.977203161588,0
2.6775,3.97514943609341,0
2.685,3.97300743616936,0
2.6925,3.9707772093823,0
2.7,3.96845880525791,0
2.7075,3.96605227528001,0
2.715,3.96355767288936,0
2.7225,3.96097505348252,0
2.73,3.9583044744106,0
2.7375,3.95554599497802,0
2.745,3.95269967644112,0
2.7525,3.94976558200688,0
2.76,3.94674377683147,0
2.7675,3.94363432801881,0
2.775,3.9404373046191,0
2.7825,3.93715277762724,0
2.79,3.93378081998132,0
2.7975,3.93032150656094,0
2.805,3.9267749141856,0
2.8125,3.92314112161292,0
2.82,3.91942020953699,0
2.8275,3.91561226058648,0
2.835,3.91171735932289,0
2.8425,3.90773559223859,0
2.85,3.90366704775499,0
2.8575,3.89951181622048,0
2.865,3.89526998990852,0
2.8725,3.89094166301549,0
2.88,3.8865269316587,0
2.8875,3.88202589387417,0
2.895,3.87743864961452,0
2.9025,3.87276530074669,0
2.91,3.86800595104974,0
2.9175,3.86316070621249,0
2.925,3.85822967383119,0
2.9325,3.85321296340717,0
2.94,3.84811068634434,0
2.9475,3.84292295594678,0
2.955,3.83764988741617,0
2.9625,3.83229159784928,0
2.97,3.82684820623532,0
2.9775,3.82131983345336,0
2.985,3.81570660226957,0
2.9925,3.81000863733458,0
3,3.80422606518061,0
3.0075,3.79835901421877,0
3.015,3.79240761473613,0
3.0225,3.78637199889284,0
3.03,3.78025230071922,0
3.0375,3.77404865611277,0
3.045,3.76776120283516,0
3.0525,3.76139008050915,0
3.06,3.7549354306155,0
3.0675,3.74839739648984,0
3.075,3.74177612331947,0
3.0825,3.73507175814016,0
3.09,3.72828444983284,0
3.0975,3.72141434912036,0
3.105,3.71446160856407,0
3.1125,3.70742638256048,0
3.12,3.70030882733783,0
3.1275,3.6931091009526,0
3.135,3.68582736328599,0
3.1425,3.67846377604043,0
3.15,3.67101850273593,0
3.1575,3.66349170870644,0
3.165,3.65588356109624,0
3.1725,3.6481942288562,0
3.18,3.64042388273998,0
3.1875,3.63257269530033,0
3.195,3.62464084088516,0
3.2025,3.61662849563376,0
3.21,3.60853583747281,0
3.2175,3.6003630461125,0
3.225,3.59211030304246,0
3.2325,3.58377779152782,0
3.24,3.57536569660506,0
3.2475,3.56687420507794,0
3.255,3.55830350551335,0
3.2625,3.54965378823713,0
3.27,3.54092524532982,0
3.2775,3.5321180706224,0
3.285,3.52323245969201,0
3.2925,3.51426860985758,0
3.3,3.50522672017545,0
3.3075,3.49610699143498,0
3.315,3.48690962615404,0
3.3225,3.47763482857455,0
3.33,3.46828280465796,0
3.3375,3.45885376208062,0
3.345,3.44934791022922,0
3.3525,3.4397654601961,0
3.36,3.43010662477461,0
3.3675,3.42037161845434,0
3.375,3.41056065741637,0
3.3825,3.40067395952849,0
3.39,3.39071174434033,0
3.3975,3.38067423307852,0
3.405,3.37056164864173,0
3.4125,3.36037421559577,0
3.42,3.35011216016857,0
3.4275,3.33977571024517,0
3.435,3.32936509536265,0
3.4425,3.31888054670506,0
3.45,3.30832229709825,0
3.4575,3.2976905810047,0
3.465,3.28698563451836,0
3.4725,3.27620769535936,0
3.48,3.26535700286874,0
3.4875,3.25443379800315,0
3.495,3.24343832332949,0
3.5025,3.23237082301954,0
3.51,3.22123154284449,0
3.5175,3.21002073016953,0
3.525,3.19873863394836,0
3.5325,3.18738550471762,0
3.54,3.17596159459134,0
3.5475,3.16446715725539,0
3.555,3.15290244796176,0
3.5625,3.14126772352298,0
3.57,3.12956324230635,0
3.5775,3.11778926422825,0
3.585,3.10594605074832,0
3.5925,3.09403386486369,0
3.6,3.08205297110316,0
3.6075,3.07000363552125,0
3.615,3.05788612569237,0
3.6225,3.04570071070483,0
3.63,3.03344766115489,0
3.6375,3.02112724914073,0
3.645,3.00873974825645,0
3.6525,2.99628543358591,0
3.66,2.98376458169673,0
3.6675,2.97117747063405,0
3.675,2.95852437991444,0
3.6825,2.94580559051961,0
3.69,2.93302138489024,0
3.6975,2.92017204691967,0
3.705,2.90725786194761,0
3.7125,2.8942791167538,0
3.72,2.88123609955163,0
3.7275,2.86812909998176,0
3.735,2.85495840910569,0
3.7425,2.84172431939925,0
3.75,2.82842712474619,0
3.7575,2.81506712043156,0
3.765,2.80164460313523,0
3.7725,2.78815987092523,0
3.78,2.77461322325122,0
3.7875,2.76100496093775,0
3.795,2.74733538617763,0
3.8025,2.73360480252523,0
3.81,2.71981351488968,0
3.8175,2.70596182952817,0
3.825,2.69205005403909,0
3.8325,2.67807849735526,0
3.84,2.66404746973701,0
3.8475,2.64995728276531,0
3.855,2.63580824933487,0
3.8625,2.62160068364718,0
3.87,2.60733490120351,0
3.8775,2.59301121879797,0
3.885,2.57862995451037,0
3.8925,2.56419142769925,0
3.9,2.54969595899476,0
3.9075,2.53514387029151,0
3.915,2.52053548474148,0
3.9225,2.50587112674676,0
3.93,2.49115112195245,0
3.9375,2.47637579723934,0
3.945,2.46154548071669,0
3.9525,2.44666050171494,0
3.96,2.43172119077842,0
3.9675,2.41672787965795,0
3.975,2.40168090130354,0
3.9825,2.38658058985693,0
3.99,2.37142728064424,0
3.9975,2.35622131016846,0
4.005,2.34096301610204,0
4.0125,2.32565273727932,0
4.02,2.31029081368907,0
4.0275,2.2948775864669,0
4.035,2.2794133978877,0
4.0425,2.26389859135803,0
4.05,2.24833351140852,0
4.0575,2.23271850368619,0
4.065,2.21705391494678,0
4.0725,2.20134009304705,0
4.08,2.18557738693708,0
4.0875,2.16976614665248,0
4.095,2.15390672330664,0
4.1025,2.13799946908295,0
4.11,2.12204473722694,0
4.1175,2.10604288203845,0
4.125,2.0899942588638,0
4.1325,2.07389922408782,0
4.14,2.05775813512603,0
4.1475,2.04157135041661,0
4.155,2.02533922941253,0
4.1625,2.00906213257349,0
4.17,1.99274042135796,0
4.1775,1.97637445821515,0
4.185,1.95996460657695,0
4.1925,1.94351123084984,0
4.2,1.92701469640686,0
4.2075,1.91047536957943,0
4.215,1.89389361764925,0
4.2225,1.87726980884013,0
4.23,1.86060431230983,0
4.2375,1.84389749814185,0
4.245,1.8271497373372,0
4.2525,1.81036140180618,0
4.26,1.79353286436013,0
4.2675,1.77666449870311,0
4.275,1.75975667942366,0
4.2825,1.74280978198642,0
4.29,1.72582418272384,0
4.2975,1.70880025882779,0
4.305,1.69173838834121,0
4.3125,1.67463895014971,0
4.32,1.65750232397314,0
4.3275,1.64032889035716,0
4.335,1.6231190306648,0
4.3425,1.60587312706801,0
4.35,1.58859156253912,0
4.3575,1.5712747208424,0
4.365,1.55392298652546,0
4.3725,1.53653674491081,0
4.38,1.51911638208721,0
4.3875,1.50166228490113,0
4.395,1.48417484094821,0
4.4025,1.46665443856455,0
4.41,1.44910146681818,0
4.4175,1.43151631550039,0
4.425,1.41389937511703,0
4.4325,1.39625103687991,0
4.44,1.37857169269807,0
4.4475,1.36086173516908,0
4.455,1.34312155757032,0
4.4625,1.32535155385028,0
4.47,1.30755211861977,0
4.4775,1.28972364714316,0
4.485,1.27186653532964,0
4.4925,1.25398117972439,0
4.5,1.23606797749979,0
4.5075,1.21812732644659,0
4.515,1.20015962496511,0
4.5225,1.18216527205632,0
4.53,1.16414466731309,0
4.5375,1.14609821091119,0
4.545,1.12802630360052,0
4.5525,1.10992934669611,0
4.56,1.0918077420693,0
4.5675,1.07366189213874,0
4.575,1.05549219986149,0
4.5825,1.03729906872408,0
4.59,1.01908290273353,0
4.5975,1.00084410640837,0
4.605,0.982583084769704,0
4.6125,0.964300243332155,0
4.62,0.945995988094898,0
4.6275,0.92767072553264,0
4.635,0.909324862586586,0
4.6425,0.8909588066554,0
4.65,0.872572965586169,0
4.6575,0.85416774766534,0
4.665,0.835743561609646,0
4.6725,0.817300816557046,0
4.68,0.79883992205763,0
4.6875,0.780361288064514,0
4.695,0.761865324924759,0
4.7025,0.743352443370248,0
4.71,0.724823054508551,0
4.7175,0.70627756981382,0
4.725,0.68771640111764,0
4.7325,0.669139960599876,0
4.74,0.650548660779535,0
4.7475,0.631942914505597,0
4.755,0.613323134947844,0
4.7625,0.594689735587693,0
4.77,0.57604313020901,0
4.7775,0.557383732888919,0
4.785,0.538711957988611,0
4.7925,0.52002822014414,0
4.8,0.501332934257218,0
4.8075,0.482626515485994,0
4.815,0.463909379235845,0
4.8225,0.445181941150148,0
4.83,0.42644461710104,0
4.8375,0.4076978231802,0
4.845,0.388941975689598,0
4.8525,0.37017749113225,0
4.86,0.351404786202973,0
4.8675,0.332624277779133,0
4.875,0.31383638291138,0
4.8825,0.295041518814396,0
4.89,0.276240102857624,0
4.8975,0.257432552555999,0
4.905,0.238619285560683,0
4.9125,0.219800719649784,0
4.92,0.200977272719079,0
4.9275,0.182149362772738,0
4.935,0.163317407914041,0
4.9425,0.144481826336086,0
4.95,0.125643036312513,0
4.9575,0.106801456188211,0
4.965,0.0879575043700208,0
4.9725,0.069111599317458,0
4.98,0.0502641595334096,0
4.9875,0.0314156035548456,0
4.995,0.012566349943518,0
5.0025,-0.00628318272332441,0
5.01,-0.0251325758622355,0
5.0175,-0.0439814108928732,0
5.025,-0.0628292692472836,0
5.0325,-0.0816757323792016,0
5.04,-0.10052038177335,0
5.0475,-0.119362798954725,0
5.055,-0.138202565497887,0
5.0625,-0.157039263036275,0
5.07,-0.175872473271461,0
5.0775,-0.194701777982464,0
5.085,-0.213526759035041,0
5.0925,-0.23234699839095,0
5.1,-0.251162078117252,0
5.1075,-0.269971580395585,0
5.115,-0.288775087531442,0
5.1225,-0.307572181963446,0
5.13,-0.326362446272629,0
5.1375,-0.345145463191693,0
5.145,-0.363920815614278,0
5.1525,-0.382688086604232,0
5.16,-0.401446859404859,0
5.1675,-0.42019671744818,0
5.175,-0.43893724436418,0
5.1825,-0.457668023990062,0
5.19,-0.476388640379479,0
5.1975,-0.495098677811772,0
5.205,-0.513797720801211,0
5.2125,-0.532485354106209,0
5.22,-0.551161162738551,0
5.2275,-0.56982473197261,0
5.235,-0.58847564735455,0
5.2425,-0.607113494711533,0
5.25,-0.625737860160923,0
5.2575,-0.644348330119466,0
5.265,-0.662944491312478,0
5.2725,-0.681525930783029,0
5.28,-0.700092235901104,0
5.2875,-0.718642994372769,0
5.295,-0.737177794249333,0
5.3025,-0.755696223936485,0
5.31,-0.77419787220344,0
5.3175,-0.792682328192077,0
5.325,-0.81114918142605,0
5.3325,-0.829598021819911,0
5.34,-0.848028439688218,0
5.3475,-0.866440025754629,0
5.355,-0.884832371160989,0
5.3625,-0.903205067476414,0
5.37,-0.921557706706363,0
5.3775,-0.939889881301686,0
5.385,-0.958201184167687,0
5.3925,-0.976491208673161,0
5.4,-0.99475954865942,0
5.4075,-1.01300579844931,0
5.415,-1.03122955285624,0
5.4225,-1.04943040719315,0
5.43,-1.0676079572815,0
5.4375,-1.0857617994603,0
5.445,-1.10389153059498,0
5.4525,-1.12199674808644,0
5.46,-1.1400770498799,0
5.4675,-1.15813203447392,0
5.475,-1.17616130092921,0
5.4825,-1.19416444887766,0
5.49,-1.2121410785311,0
5.4975,-1.23009079069027,0
5.505,-1.24801318675366,0
5.5125,-1.26590786872634,0
5.52,-1.28377443922884,0
5.5275,-1.30161250150591,0
5.535,-1.31942165943541,0
5.5425,-1.33720151753704,0
5.55,-1.35495168098116,0
5.5575,-1.37267175559755,0
5.565,-1.39036134788415,0
5.5725,-1.4080200650158,0
5.58,-1.425647514853,0
5.5875,-1.44324330595057,0
5.595,-1.46080704756635,0
5.6025,-1.47833834966992,0
5.61,-1.4958368229512,0
5.6175,-1.51330207882915,0
5.625,-1.53073372946036,0
5.6325,-1.54813138774768,0
5.64,-1.56549466734881,0
5.6475,-1.58282318268489,0
5.655,-1.60011654894906,0
5.6625,-1.61737438211498,0
5.67,-1.6345962989454,0
5.6775,-1.65178191700063,0
5.685,-1.66893085464706,0
5.6925,-1.68604273106564,0
5.7,-1.70311716626029,0
5.7075,-1.7201537810664,0
5.715,-1.73715219715922,0
5.7225,-1.75411203706224,0
5.73,-1.77103292415561,0
5.7375,-1.78791448268448,0
5.745,-1.80475633776738,0
5.7525,-1.82155811540448,0
5.76,-1.83831944248595,0
5.7675,-1.85503994680023,0
5.775,-1.87171925704229,0
5.7825,-1.88835700282188,0
5.79,-1.90495281467176,0
5.7975,-1.92150632405587,0
5.805,-1.93801716337759,0
5.8125,-1.95448496598782,0
5.82,-1.97090936619317,0
5.8275,-1.98728999926406,0
5.835,-2.00362650144284,0
5.8425,-2.01991850995185,0
5.85,-2.03616566300148,0
5.8575,-2.05236759979822,0
5.865,-2.06852396055263,0
5.8725,-2.08463438648738,0
5.88,-2.10069851984518,0
5.8875,-2.11671600389676,0
5.895,-2.13268648294875,0
5.9025,-2.14860960235162,0
5.91,-2.1644850085075,0
5.9175,-2.18031234887811,0
5.925,-2.19609127199253,0
5.9325,-2.211821427455,0
5.94,-2.22750246595275,0
5.9475,-2.24313403926372,0
5.955,-2.25871580026431,0
5.9625,-2.27424740293706,0
5.97,-2.28972850237836,0
5.9775,-2.30515875480613,0
5.985,-2.3205378175674,0
5.9925,-2.33586534914595,0
6,-2.35114100916989,0
6.0075,-2.36636445841924,0
6.015,-2.38153535883342,0
6.0225,-2.39665337351878,0
6.03,-2.4117181667561,0
6.0375,-2.426729404008,0
6.045,-2.44168675192641,0
6.0525,-2.45658987835996,0
6.06,-2.47143845236134,0
6.0675,-2.48623214419467,0
6.075,-2.50097062534282,0
6.0825,-2.51565356851469,0
6.09,-2.5302806476525,0
6.0975,-2.544851537939,0
6.105,-2.55936591580471,0
6.1125,-2.57382345893512,0
6.12,-2.58822384627778,0
6.1275,-2.60256675804951,0
6.135,-2.61685187574344,0
6.1425,-2.63107888213614,0
6.15,-2.64524746129461,0
6.1575,-2.65935729858331,0
6.165,-2.67340808067117,0
6.1725,-2.68739949553854,0
6.18,-2.7013312324841,0
6.1875,-2.71520298213177,0
6.195,-2.72901443643759,0
6.2025,-2.74276528869654,0
6.21,-2.75645523354939,0
6.2175,-2.77008396698943,0
6.225,-2.78365118636926,0
6.2325,-2.79715659040747,0
6.24,-2.8105998791954,0
6.2475,-2.82398075420371,0
6.255,-2.83729891828909,0
6.2625,-2.85055407570082,0
6.27,-2.86374593208732,0
6.2775,-2.87687419450274,0
6.285,-2.8899385714134,0
6.2925,-2.90293877270432,0
6.3,-2.91587450968565,0
6.3075,-2.92874549509903,0
6.315,-2.94155144312406,0
6.3225,-2.95429206938457,0
6.33,-2.96696709095496,0
6.3375,-2.97957622636649,0
6.345,-2.99211919561353,0
6.3525,-3.00459572015977,0
6.36,-3.01700552294442,0
6.3675,-3.02934832838832,0
6.375,-3.04162386240012,0
6.3825,-3.05383185238234,0
6.39,-3.0659720272374,0
6.3975,-3.07804411737367,0
6.405,-3.09004785471146,0
6.4125,-3.10198297268894,0
6.42,-3.11384920626809,0
6.4275,-3.12564629194059,0
6.435,-3.13737396773364,0
6.4425,-3.1490319732158,0
6.45,-3.16062004950276,0
6.4575,-3.17213793926312,0
6.465,-3.18358538672406,0
6.4725,-3.19496213767706,0
6.48,-3.20626793948351,0
6.4875,-3.21750254108034,0
6.495,-3.2286656929856,0
6.5025,-3.23975714730399,0
6.51,-3.25077665773237,0
6.5175,-3.26172397956523,0
6.525,-3.27259886970009,0
6.5325,-3.28340108664298,0
6.54,-3.29413039051371,0
6.5475,-3.30478654305126,0
6.555,-3.31536930761905,0
6.5625,-3.32587844921018,0
6.57,-3.33631373445268,0
6.5775,-3.34667493161468,0
6.585,-3.35696181060953,0
6.5925,-3.36717414300094,0
6.6,-3.37731170200806,0
6.6075,-3.38737426251048,0
6.615,-3.39736160105327,0
6.6225,-3.40727349585189,0
6.63,-3.41710972679718,0
6.6375,-3.4268700754602,0
6.645,-3.43655432509709,0
6.6525,-3.4461622606539,0
6.66,-3.45569366877134,0
6.6675,-3.46514833778955,0
6.675,-3.47452605775277,0
6.6825,-3.483826620414,0
6.69,-3.49304981923968,0
6.6975,-3.5021954494142,0
6.705,-3.51126330784449,0
6.7125,-3.52025319316453,0
6.72,-3.52916490573981,0
6.7275,-3.53799824767178,0
6.735,-3.54675302280223,0
6.7425,-3.55542903671762,0
6.75,-3.56402609675347,0
6.7575,-3.57254401199857,0
6.765,-3.58098259329925,0
6.7725,-3.58934165326356,0
6.78,-3.59762100626548,0
6.7875,-3.60582046844898,0
6.795,-3.61393985773214,0
6.8025,-3.62197899381118,0
6.81,-3.62993769816447,0
6.8175,-3.6378157940565,0
6.825,-3.64561310654178,0
6.8325,-3.65332946246877,0
6.84,-3.66096469048367,0
6.8475,-3.66851862103427,0
6.855,-3.67599108637369,0
6.8625,-3.6833819205641,0
6.87,-3.69069095948046,0
6.8775,-3.69791804081407,0
6.885,-3.70506300407627,0
6.8925,-3.71212569060192,0
6.9,-3.71910594355301,0
6.9075,-3.72600360792205,0
6.915,-3.73281853053559,0
6.9225,-3.73955056005759,0
6.93,-3.74619954699277,0
6.9375,-3.75276534368994,0
6.945,-3.75924780434528,0
6.9525,-3.76564678500559,0
6.96,-3.77196214357146,0
6.9675,-3.77819373980045,0
6.975,-3.78434143531018,0
6.9825,-3.79040509358144,0
6.99,-3.79638457996118,0
6.9975,-3.80227976166552,0
7.005,-3.80809050778271,0
7.0125,-3.81381668927601,0
7.02,-3.81945817898657,0
7.0275,-3.82501485163628,0
7.035,-3.83048658383049,0
7.0425,-3.83587325406081,0
7.05,-3.84117474270777,0
7.0575,-3.84639093204351,0
7.065,-3.85152170623435,0
7.0725,-3.85656695134341,0
7.08,-3.8615265553331,0
7.0875,-3.86640040806763,0
7.095,-3.87118840131546,0
7.1025,-3.87589042875169,0
7.11,-3.88050638596042,0
7.1175,-3.88503617043708,0
7.125,-3.88947968159071,0
7.1325,-3.89383682074615,0
7.14,-3.89810749114631,0
7.1475,-3.90229159795424,0
7.155,-3.9063890482553,0
7.1625,-3.91039975105916,0
7.17,-3.91432361730189,0
7.1775,-3.91816055984787,0
7.185,-3.92191049349178,0
7.1925,-3.92557333496045,0
7.2,-3.92914900291475,0
7.2075,-3.93263741795137,0
7.215,-3.93603850260456,0
7.2225,-3.93935218134791,0
7.23,-3.94257838059599,0
7.2375,-3.94571702870598,0
7.245,-3.94876805597928,0
7.2525,-3.95173139466303,0
7.26,-3.95460697895166,0
7.2675,-3.9573947449883,0
7.275,-3.96009463086623,0
7.2825,-3.96270657663026,0
7.29,-3.96523052427803,0
7.2975,-3.96766641776132,0
7.305,-3.97001420298729,0
7.3125,-3.97227382781971,0
7.32,-3.97444524208003,0
7.3275,-3.97652839754862,0
7.335,-3.97852324796573,0
7.3425,-3.98042974903258,0
7.35,-3.98224785841232,0
7.3575,-3.98397753573098,0
7.365,-3.98561874257837,0
7.3725,-3.98717144250891,0
7.38,-3.98863560104246,0
7.3875,-3.99001118566508,0
7.395,-3.99129816582977,0
7.4025,-3.9924965129571,0
7.41,-3.9936062004359,0
7.4175,-3.99462720362382,0
7.425,-3.99555949984788,0
7.4325,-3.99640306840498,0
7.44,-3.99715789056236,0
7.4475,-3.997823949558,0
7.455,-3.99840123060103,0
7.4625,-3.998889720872,0
7.47,-3.99928940952324,0
7.4775,-3.99960028767901,0
7.485,-3.9998223484358,0
7.4925,-3.99995558686238,0
7.5,-4,0
7.5075,-3.99995558686238,0
7.515,-3.9998223484358,0
7.5225,-3.99960028767901,0
7.53,-3.99928940952324,0
7.5375,-3.998889720872,0
7.545,-3.99840123060103,0
7.5525,-3.997823949558,0
7.56,-3.99715789056236,0
7.5675,-3.99640306840498,0
7.575,-3.99555949984788,0
7.5825,-3.99462720362382,0
7.59,-3.9936062004359,0
7.5975,-3.9924965129571,0
7.605,-3.99129816582977,0
7.6125,-3.99001118566508,0
7.62,-3.98863560104246,0
7.6275,-3.98717144250891,0
7.635,-3.98561874257837,0
7.6425,-3.98397753573098,0
7.65,-3.98224785841232,0
7.6575,-3.98042974903258,0
7.665,-3.97852324796573,0
7.6725,-3.97652839754862,0
7.68,-3.97444524208003,0
7.6875,-3.97227382781971,0
7.695,-3.97001420298729,0
7.7025,-3.96766641776132,0
7.71,-3.96523052427803,0
7.7175,-3.96270657663026,0
7.725,-3.96009463086623,0
7.7325,-3.9573947449883,0
7.74,-3.95460697895166,0
7.7475,-3.95173139466303,0
7.755,-3.94876805597928,0
7.7625,-3.94571702870598,0
7.77,-3.94257838059599,0
7.7775,-3.93935218134791,0
7.785,-3.93603850260456,0
7.7925,-3.93263741795137,0
7.8,-3.92914900291475,0
7.8075,-3.92557333496045,0
7.815,-3.92191049349178,0
7.8225,-3.91816055984787,0
7.83,-3.91432361730189,0
7.8375,-3.91039975105916,0
7.845,-3.9063890482553,0
7.8525,-3.90229159795424,0
7.86,-3.89810749114631,0
7.8675,-3.89383682074615,0
7.875,-3.88947968159071,0
7.8825,-3.88503617043709,0
7.89,-3.88050638596042,0
7.8975,-3.87589042875169,0
7.905,-3.87118840131546,0
7.9125,-3.86640040806763,0
7.92,-3.8615265553331,0
7.9275,-3.85656695134341,0
7.935,-3.85152170623435,0
7.9425,-3.84639093204351,0
7.95,-3.84117474270777,0
7.9575,-3.83587325406081,0
7.965,-3.83048658383049,0
7.9725,-3.82501485163628,0
7.98,-3.81945817898657,0
7.9875,-3.81381668927601,0
7.995,-3.80809050778271,0
8.0025,-3.80227976166552,0
8.01,-3.79638457996118,0
8.0175,-3.79040509358144,0
8.025,-3.78434143531018,0
8.0325,-3.77819373980045,0
8.04,-3.77196214357146,0
8.0475,-3.76564678500559,0
8.055,-3.75924780434528,0
8.0625,-3.75276534368994,0
8.07,-3.74619954699277,0
8.0775,-3.73955056005759,0
8.085,-3.73281853053559,0
8.0925,-3.72600360792205,0
8.1,-3.71910594355301,0
8.1075,-3.71212569060192,0
8.115,-3.70506300407627,0
8.1225,-3.69791804081407,0
8.13,-3.69069095948046,0
8.1375,-3.68338192056411,0
8.145,-3.67599108637369,0
8.1525,-3.66851862103427,0
8.16,-3.66096469048367,0
8.1675,-3.65332946246877,0
8.175,-3.64561310654178,0
8.1825,-3.6378157940565,0
8.19,-3.62993769816447,0
8.1975,-3.62197899381118,0
8.205,-3.61393985773214,0
8.2125,-3.60582046844898,0
8.22,-3.59762100626548,0
8.2275,-3.58934165326357,0
8.235,-3.58098259329925,0
8.2425,-3.57254401199857,0
8.25,-3.56402609675347,0
8.2575,-3.55542903671762,0
8.265,-3.54675302280223,0
8.2725,-3.53799824767178,0
8.28,-3.52916490573981,0
8.2875,-3.52025319316453,0
8.295,-3.51126330784449,0
8.3025,-3.5021954494142,0
8.31,-3.49304981923968,0
8.3175,-3.483826620414,0
8.325,-3.47452605775277,0
8.3325,-3.46514833778955,0
8.34,-3.45569366877134,0
8.3475,-3.4461622606539,0
8.355,-3.43655432509709,0
8.3625,-3.4268700754602,0
8.37,-3.41710972679718,0
8.3775,-3.40727349585189,0
8.385,-3.39736160105327,0
8.3925,-3.38737426251048,0
8.4,-3.37731170200806,0
8.4075,-3.36717414300094,0
8.415,-3.35696181060953,0
8.4225,-3.34667493161468,0
8.43,-3.33631373445268,0
8.4375,-3.32587844921018,0
8.445,-3.31536930761905,0
8.4525,-3.30478654305126,0
8.46,-3.29413039051371,0
8.4675,-3.28340108664298,0
8.475,-3.27259886970009,0
8.4825,-3.26172397956523,0
8.49,-3.25077665773238,0
8.4975,-3.239757147304,0
8.505,-3.2286656929856,0
8.5125,-3.21750254108034,0
8.52,-3.20626793948351,0
8.5275,-3.19496213767706,0
8.535,-3.18358538672406,0
8.5425,-3.17213793926312,0
8.55,-3.16062004950276,0
8.5575,-3.1490319732158,0
8.565,-3.13737396773364,0
8.5725,-3.12564629194059,0
8.58,-3.11384920626809,0
8.5875,-3.10198297268894,0
8.595,-3.09004785471146,0
8.6025,-3.07804411737367,0
8.61,-3.0659720272374,0
8.6175,-3.05383185238234,0
8.625,-3.04162386240012,0
8.6325,-3.02934832838832,0
8.64,-3.01700552294441,0
8.6475,-3.00459572015977,0
8.655,-2.99211919561353,0
8.6625,-2.97957622636649,0
8.67,-2.96696709095496,0
8.6775,-2.95429206938457,0
8.685,-2.94155144312406,0
8.6925,-2.92874549509903,0
8.7,-2.91587450968565,0
8.7075,-2.90293877270432,0
8.715,-2.8899385714134,0
8.7225,-2.87687419450274,0
8.73,-2.86374593208733,0
8.7375,-2.85055407570082,0
8.745,-2.8372989182891,0
8.7525,-2.82398075420371,0
8.76,-2.8105998791954,0
8.7675,-2.79715659040747,0
8.775,-2.78365118636926,0
8.7825,-2.77008396698943,0
8.79,-2.7564552335494,0
8.7975,-2.74276528869654,0
8.805,-2.72901443643759,0
8.8125,-2.71520298213177,0
8.82,-2.7013312324841,0
8.8275,-2.68739949553854,0
8.835,-2.67340808067117,0
8.8425,-2.65935729858331,0
8.85,-2.64524746129461,0
8.8575,-2.63107888213614,0
8.865,-2.61685187574344,0
8.8725,-2.6025667580495,0
8.88,-2.58822384627778,0
8.8875,-2.57382345893512,0
8.895,-2.55936591580472,0
8.9025,-2.544851537939,0
8.91,-2.5302806476525,0
8.9175,-2.51565356851469,0
8.925,-2.50097062534282,0
8.9325,-2.48623214419467,0
8.94,-2.47143845236134,0
8.9475,-2.45658987835996,0
8.955,-2.44168675192641,0
8.9625,-2.426729404008,0
8.97,-2.4117181667561,0
8.9775,-2.39665337351879,0
8.985,-2.38153535883342,0
8.9925,-2.36636445841924,0
9,-2.35114100916989,0
9.0075,-2.33586534914594,0
9.015,-2.3205378175674,0
9.0225,-2.30515875480613,0
9.03,-2.28972850237837,0
9.0375,-2.27424740293706,0
9.045,-2.25871580026431,0
9.0525,-2.24313403926373,0
9.06,-2.22750246595275,0
9.0675,-2.211821427455,0
9.075,-2.19609127199253,0
9.0825,-2.18031234887812,0
9.09,-2.1644850085075,0
9.0975,-2.14860960235162,0
9.105,-2.13268648294875,0
9.1125,-2.11671600389676,0
9.12,-2.10069851984518,0
9.1275,-2.08463438648738,0
9.135,-2.06852396055263,0
9.1425,-2.05236759979822,0
9.15,-2.03616566300148,0
9.1575,-2.01991850995185,0
9.165,-2.00362650144284,0
9.1725,-1.98728999926406,0
9.18,-1.97090936619317,0
9.1875,-1.95448496598782,0
9.195,-1.93801716337759,0
9.2025,-1.92150632405587,0
9.21,-1.90495281467175,0
9.2175,-1.88835700282189,0
9.225,-1.87171925704229,0
9.2325,-1.85503994680023,0
9.24,-1.83831944248595,0
9.2475,-1.82155811540448,0
9.255,-1.80475633776738,0
9.2625,-1.78791448268449,0
9.27,-1.77103292415561,0
9.2775,-1.75411203706224,0
9.285,-1.73715219715922,0
9.2925,-1.7201537810664,0
9.3,-1.70311716626029,0
9.3075,-1.68604273106564,0
9.315,-1.66893085464706,0
9.3225,-1.65178191700063,0
9.33,-1.6345962989454,0
9.3375,-1.61737438211498,0
9.345,-1.60011654894906,0
9.3525,-1.5828231826849,0
9.36,-1.56549466734881,0
9.3675,-1.54813138774768,0
9.375,-1.53073372946036,0
9.3825,-1.51330207882915,0
9.39,-1.4958368229512,0
9.3975,-1.47833834966992,0
9.405,-1.46080704756635,0
9.4125,-1.44324330595057,0
9.42,-1.42564751485301,0
9.4275,-1.4080200650158,0
9.435,-1.39036134788415,0
9.4425,-1.37267175559755,0
9.45,-1.35495168098117,0
9.4575,-1.33720151753704,0
9.465,-1.31942165943541,0
9.4725,-1.30161250150591,0
9.48,-1.28377443922884,0
9.4875,-1.26590786872634,0
9.495,-1.24801318675366,0
9.5025,-1.23009079069027,0
9.51,-1.2121410785311,0
9.5175,-1.19416444887766,0
9.525,-1.17616130092922,0
9.5325,-1.15813203447392,0
9.54,-1.14007704987991,0
9.5475,-1.12199674808644,0
9.555,-1.10389153059499,0
9.5625,-1.0857617994603,0
9.57,-1.0676079572815,0
9.5775,-1.04943040719314,0
9.585,-1.03122955285624,0
9.5925,-1.01300579844931,0
9.6,-0.994759548659421,0
9.6075,-0.976491208673161,0
9.615,-0.958201184167689,0
9.6225,-0.939889881301684,0
9.63,-0.921557706706362,0
9.6375,-0.903205067476416,0
9.645,-0.884832371160991,0
9.6525,-0.866440025754628,0
9.66,-0.84802843968822,0
9.6675,-0.82959802181991,0
9.675,-0.81114918142605,0
9.6825,-0.792682328192082,0
9.69,-0.774197872203443,0
9.6975,-0.755696223936484,0
9.705,-0.737177794249334,0
9.7125,-0.718642994372769,0
9.72,-0.700092235901104,0
9.7275,-0.681525930783034,0
9.735,-0.662944491312481,0
9.7425,-0.644348330119469,0
9.75,-0.625737860160924,0
9.7575,-0.607113494711532,0
9.765,-0.588475647354549,0
9.7725,-0.569824731972608,0
9.78,-0.551161162738554,0
9.7875,-0.532485354106213,0
9.795,-0.513797720801212,0
9.8025,-0.495098677811775,0
9.81,-0.476388640379479,0
9.8175,-0.45766802399006,0
9.825,-0.438937244364183,0
9.8325,-0.420196717448183,0
9.84,-0.40144685940486,0
9.8475,-0.382688086604235,0
9.855,-0.363920815614279,0
9.8625,-0.345145463191694,0
9.87,-0.326362446272632,0
9.8775,-0.307572181963451,0
9.885,-0.288775087531443,0
9.8925,-0.269971580395588,0
9.9,-0.251162078117253,0
9.9075,-0.232346998390952,0
9.915,-0.213526759035044,0
9.9225,-0.194701777982469,0
9.93,-0.17587247327146,0
9.9375,-0.157039263036276,0
9.945,-0.138202565497889,0
9.9525,-0.119362798954724,0
9.96,-0.100520381773348,0
9.9675,-0.0816757323792048,0
9.975,-0.0628292692472833,0
9.9825,-0.0439814108928747,0
9.99,-0.0251325758622352,0
9.9975,-0.0062831827233241,0
10.005,0.01256634994352,0
10.0125,0.0314156035548424,0
10.02,0.0502641595334099,0
10.0275,0.0691115993174565,0
10.035,0.0879575043700211,0
10.0425,0.106801456188209,0
10.05,0.125643036312515,0
10.0575,0.144481826336083,0
10.065,0.16331740791404,0
10.0725,0.182149362772736,0
10.08,0.200977272719079,0
10.0875,0.219800719649783,0
10.095,0.238619285560685,0
10.1025,0.257432552555996,0
10.11,0.276240102857619,0
10.1175,0.295041518814394,0
10.125,0.313836382911381,0
10.1325,0.332624277779132,0
10.14,0.351404786202975,0
10.1475,0.37017749113225,0
10.155,0.388941975689593,0
10.1625,0.407697823180199,0
10.17,0.426444617101037,0
10.1775,0.445181941150146,0
10.185,0.463909379235844,0
10.1925,0.482626515485994,0
10.2,0.501332934257213,0
10.2075,0.520028220144139,0
10.215,0.538711957988608,0
10.2225,0.557383732888918,0
10.23,0.576043130209007,0
10.2375,0.594689735587693,0
10.245,0.613323134947839,0
10.2525,0.631942914505594,0
10.26,0.650548660779532,0
10.2675,0.669139960599875,0
10.275,0.687716401117637,0
10.2825,0.706277569813821,0
10.29,0.724823054508546,0
10.2975,0.743352443370244,0
10.305,0.761865324924757,0
10.3125,0.780361288064513,0
10.32,0.798839922057627,0
10.3275,0.817300816557048,0
10.335,0.835743561609647,0
10.3425,0.854167747665338,0
10.35,0.872572965586168,0
10.3575,0.890958806655401,0
10.365,0.909324862586585,0
10.3725,0.927670725532642,0
10.38,0.945995988094899,0
10.3875,0.964300243332153,0
10.395,0.982583084769703,0
10.4025,1.00084410640837,0
10.41,1.01908290273353,0
10.4175,1.03729906872408,0
10.425,1.05549219986149,0
10.4325,1.07366189213873,0
10.44,1.0918077420693,0
10.4475,1.10992934669611,0
10.455,1.12802630360052,0
10.4625,1.14609821091119,0
10.47,1.16414466731309,0
10.4775,1.18216527205632,0
10.485,1.2001596249651,0
10.4925,1.21812732644659,0
10.5,1.23606797749979,0
10.5075,1.25398117972439,0
10.515,1.27186653532964,0
10.5225,1.28972364714317,0
10.53,1.30755211861977,0
10.5375,1.32535155385028,0
10.545,1.34312155757032,0
10.5525,1.36086173516907,0
10.56,1.37857169269807,0
10.5675,1.39625103687991,0
10.575,1.41389937511703,0
10.5825,1.43151631550038,0
10.59,1.44910146681818,0
10.5975,1.46665443856455,0
10.605,1.4841748409482,0
10.6125,1.50166228490113,0
10.62,1.5191163820872,0
10.6275,1.53653674491081,0
10.635,1.55392298652546,0
10.6425,1.57127472084239,0
10.65,1.58859156253912,0
10.6575,1.60587312706801,0
10.665,1.6231190306648,0
10.6725,1.64032889035715,0
10.68,1.65750232397314,0
10.6875,1.67463895014971,0
10.695,1.69173838834121,0
10.7025,1.70880025882779,0
10.71,1.72582418272384,0
10.7175,1.74280978198642,0
10.725,1.75975667942366,0
10.7325,1.77666449870311,0
10.74,1.79353286436013,0
10.7475,1.81036140180618,0
10.755,1.8271497373372,0
10.7625,1.84389749814185,0
10.77,1.86060431230983,0
10.7775,1.87726980884013,0
10.785,1.89389361764925,0
10.7925,1.91047536957943,0
10.8,1.92701469640686,0
10.8075,1.94351123084984,0
10.815,1.95996460657695,0
10.8225,1.97637445821515,0
10.83,1.99274042135796,0
10.8375,2.00906213257349,0
10.845,2.02533922941253,0
10.8525,2.04157135041661,0
10.86,2.05775813512602,0
10.8675,2.07389922408782,0
10.875,2.08999425886379,0
10.8825,2.10604288203845,0
10.89,2.12204473722694,0
10.8975,2.13799946908295,0
10.905,2.15390672330664,0
10.9125,2.16976614665247,0
10.92,2.18557738693707,0
10.9275,2.20134009304705,0
10.935,2.21705391494678,0
10.9425,2.23271850368619,0
10.95,2.24833351140852,0
10.9575,2.26389859135803,0
10.965,2.27941339788769,0
10.9725,2.2948775864669,0
10.98,2.31029081368907,0
10.9875,2.32565273727932,0
10.995,2.34096301610204,0
11.0025,2.35622131016846,0
11.01,2.37142728064423,0
11.0175,2.38658058985693,0
11.025,2.40168090130354,0
11.0325,2.41672787965795,0
11.04,2.43172119077842,0
11.0475,2.44666050171494,0
11.055,2.46154548071668,0
11.0625,2.47637579723934,0
11.07,2.49115112195245,0
11.0775,2.50587112674676,0
11.085,2.52053548474148,0
11.0925,2.53514387029151,0
11.1,2.54969595899476,0
11.1075,2.56419142769925,0
11.115,2.57862995451036,0
11.1225,2.59301121879797,0
11.13,2.60733490120352,0
11.1375,2.62160068364717,0
11.145,2.63580824933487,0
11.1525,2.64995728276531,0
11.16,2.66404746973701,0
11.1675,2.67807849735526,0
11.175,2.69205005403909,0
11.1825,2.70596182952816,0
11.19,2.71981351488968,0
11.1975,2.73360480252523,0
11.205,2.74733538617763,0
11.2125,2.76100496093775,0
11.22,2.77461322325122,0
11.2275,2.78815987092523,0
11.235,2.80164460313522,0
11.2425,2.81506712043156,0
11.25,2.82842712474619,0
11.2575,2.84172431939925,0
11.265,2.85495840910569,0
11.2725,2.86812909998176,0
11.28,2.88123609955163,0
11.2875,2.8942791167538,0
11.295,2.90725786194761,0
11.3025,2.92017204691967,0
11.31,2.93302138489024,0
11.3175,2.94580559051961,0
11.325,2.95852437991444,0
11.3325,2.97117747063405,0
11.34,2.98376458169673,0
11.3475,2.99628543358591,0
11.355,3.00873974825645,0
11.3625,3.02112724914073,0
11.37,3.03344766115489,0
11.3775,3.04570071070483,0
11.385,3.05788612569237,0
11.3925,3.07000363552125,0
11.4,3.08205297110316,0
11.4075,3.09403386486369,0
11.415,3.10594605074831,0
11.4225,3.11778926422824,0
11.43,3.12956324230635,0
11.4375,3.14126772352298,0
11.445,3.15290244796176,0
11.4525,3.16446715725538,0
11.46,3.17596159459134,0
11.4675,3.18738550471761,0
11.475,3.19873863394836,0
11.4825,3.21002073016953,0
11.49,3.22123154284449,0
11.4975,3.23237082301954,0
11.505,3.24343832332949,0
11.5125,3.25443379800315,0
11.52,3.26535700286874,0
11.5275,3.27620769535936,0
11.535,3.28698563451836,0
11.5425,3.2976905810047,0
11.55,3.30832229709825,0
11.5575,3.31888054670506,0
11.565,3.32936509536265,0
11.5725,3.33977571024517,0
11.58,3.35011216016857,0
11.5875,3.36037421559577,0
11.595,3.37056164864173,0
11.6025,3.38067423307852,0
11.61,3.39071174434033,0
11.6175,3.40067395952849,0
11.625,3.41056065741637,0
11.6325,3.42037161845434,0
11.64,3.43010662477461,0
11.6475,3.4397654601961,0
11.655,3.44934791022921,0
11.6625,3.45885376208062,0
11.67,3.46828280465796,0
11.6775,3.47763482857455,0
11.685,3.48690962615403,0
11.6925,3.49610699143498,0
11.7,3.50522672017545,0
11.7075,3.51426860985758,0
11.715,3.52323245969201,0
11.7225,3.5321180706224,0
11.73,3.54092524532982,0
11.7375,3.54965378823713,0
11.745,3.55830350551335,0
11.7525,3.56687420507793,0
11.76,3.57536569660505,0
11.7675,3.58377779152782,0
11.775,3.59211030304246,0
11.7825,3.6003630461125,0
11.79,3.60853583747281,0
11.7975,3.61662849563376,0
11.805,3.62464084088516,0
11.8125,3.63257269530033,0
11.82,3.64042388273998,0
11.8275,3.6481942288562,0
11.835,3.65588356109624,0
11.8425,3.66349170870644,0
11.85,3.67101850273592,0
11.8575,3.67846377604043,0
11.865,3.68582736328599,0
11.8725,3.6931091009526,0
11.88,3.70030882733783,0
11.8875,3.70742638256048,0
11.895,3.71446160856407,0
11.9025,3.72141434912036,0
11.91,3.72828444983284,0
11.9175,3.73507175814016,0
11.925,3.74177612331947,0
11.9325,3.74839739648983,0
11.94,3.7549354306155,0
11.9475,3.76139008050915,0
11.955,3.76776120283516,0
11.9625,3.77404865611277,0
11.97,3.78025230071922,0
11.9775,3.78637199889284,0
11.985,3.79240761473613,0
11.9925,3.79835901421877,0
12,3.80422606518061,0
12.0075,3.81000863733458,0
12.015,3.81570660226957,0
12.0225,3.82131983345336,0
12.03,3.82684820623532,0
12.0375,3.83229159784928,0
12.045,3.83764988741617,0
12.0525,3.84292295594678,0
12.06,3.84811068634434,0
12.0675,3.85321296340717,0
12.075,3.85822967383119,0
12.0825,3.86316070621248,0
12.09,3.86800595104974,0
12.0975,3.87276530074669,0
12.105,3.87743864961452,0
12.1125,3.88202589387417,0
12.12,3.8865269316587,0
12.1275,3.89094166301549,0
12.135,3.89526998990852,0
12.1425,3.89951181622048,0
12.15,3.90366704775499,0
12.1575,3.90773559223859,0
12.165,3.91171735932289,0
12.1725,3.91561226058648,0
12.18,3.91942020953699,0
12.1875,3.92314112161292,0
12.195,3.9267749141856,0
12.2025,3.93032150656094,0
12.21,3.93378081998132,0
12.2175,3.93715277762724,0
12.225,3.9404373046191,0
12.2325,3.94363432801881,0
12.24,3.94674377683147,0
12.2475,3.94976558200688,0
12.255,3.95269967644112,0
12.2625,3.95554599497802,0
12.27,3.9583044744106,0
12.2775,3.96097505348252,0
12.285,3.96355767288935,0
12.2925,3.96605227528001,0
12.3,3.96845880525791,0
12.3075,3.9707772093823,0
12.315,3.97300743616936,0
12.3225,3.97514943609341,0
12.33,3.977203161588,0
12.3375,3.97916856704691,0
12.345,3.98104560882523,0
12.3525,3.98283424524032,0
12.36,3.98453443657269,0
12.3675,3.98614614506693,0
12.375,3.98766933493251,0
12.3825,3.98910397234463,0
12.39,3.9904500254449,0
12.3975,3.99170746434211,0
12.405,3.99287626111285,0
12.4125,3.99395638980215,0
12.42,3.99494782642407,0
12.4275,3.9958505489622,0
12.435,3.99666453737016,0
12.4425,3.99738977357207,0
12.45,3.99802624146293,0
12.4575,3.99857392690895,0
12.465,3.99903281774794,0
12.4725,3.99940290378949,0
12.48,3.99968417681526,0
12.4875,3.99987663057916,0
12.495,3.99998026080743,0
12.5025,3.99999506519881,0
12.51,3.99992104342455,0
12.5175,3.99975819712841,0
12.525,3.99950652992664,0
12.5325,3.99916604740792,0
12.54,3.9987367571332,0
12.5475,3.99821866863553,0
12.555,3.99761179341989,0
12.5625,3.99691614496289,0
12.57,3.9961317387125,0
12.5775,3.99525859208768,0
12.585,3.99429672447804,0
12.5925,3.99324615724334,0
12.6,3.99210691371309,0
12.6075,3.99087901918596,0
12.615,3.98956250092929,0
12.6225,3.98815738817844,0
12.63,3.98666371213612,0
12.6375,3.98508150597177,0
12.645,3.98341080482074,0
12.6525,3.98165164578359,0
12.66,3.9798040679252,0
12.6675,3.97786811227393,0
12.675,3.97584382182072,0
12.6825,3.97373124151811,0
12.69,3.97153041827925,0
12.6975,3.9692414009769,0
12.705,3.96686424044225,0
12.7125,3.9643989894639,0
12.72,3.9618457027866,0
12.7275,3.95920443711011,0
12.735,3.95647525108785,0
12.7425,3.95365820532569,0
12.75,3.95075336238055,0
12.7575,3.94776078675903,0
12.765,3.94468054491596,0
12.7725,3.94151270525294,0
12.78,3.93825733811682,0
12.7875,3.93491451579814,0
12.795,3.93148431252952,0
12.8025,3.92796680448399,0
12.81,3.92436206977334,0
12.8175,3.92067018844636,0
12.825,3.91689124248706,0
12.8325,3.91302531581288,0
12.84,3.90907249427277,0
12.8475,3.90503286564535,0
12.855,3.90090651963689,0
12.8625,3.8966935478794,0
12.87,3.89239404392851,0
12.8775,3.88800810326145,0
12.885,3.88353582327493,0
12.8925,3.87897730328292,0
12.9,3.87433264451452,0
12.9075,3.86960195011167,0
12.915,3.86478532512686,0
12.9225,3.85988287652079,0
12.93,3.85489471316004,0
12.9375,3.84982094581459,0
12.945,3.84466168715541,0
12.9525,3.83941705175193,0
12.96,3.8340871560695,0
12.9675,3.82867211846683,0
12.975,3.82317205919332,0
12.9825,3.81758710038641,0
12.99,3.81191736606887,0
12.9975,3.80616298214606,0
13.005,3.80032407640309,0
13.0125,3.79440077850202,0
13.02,3.78839321997898,0
13.0275,3.78230153424122,0
13.035,3.7761258565642,0
13.0425,3.76986632408851,0
13.05,3.7635230758169,0
13.0575,3.75709625261115,0
13.065,3.75058599718894,0
13.0725,3.74399245412072,0
13.08,3.73731576982645,0
13.0875,3.73055609257238,0
13.095,3.72371357246774,0
13.1025,3.71678836146144,0
13.11,3.70978061333865,0
13.1175,3.7026904837174,0
13.125,3.69551813004515,0
13.1325,3.68826371159526,0
13.14,3.68092738946348,0
13.1475,3.67350932656435,0
13.155,3.66600968762759,0
13.1625,3.65842863919445,0
13.17,3.65076634961401,0
13.1775,3.64302298903943,0
13.185,3.63519872942416,0
13.1925,3.62729374451818,0
13.2,3.61930820986408,0
13.2075,3.61124230279318,0
13.215,3.60309620242159,0
13.2225,3.59487008964627,0
13.23,3.58656414714094,0
13.2375,3.5781785593521,0
13.245,3.56971351249487,0
13.2525,3.5611691945489,0
13.26,3.55254579525418,0
13.2675,3.54384350610681,0
13.275,3.53506252035477,0
13.2825,3.52620303299364,0
13.29,3.51726524076223,0
13.2975,3.50824934213823,0
13.305,3.49915553733381,0
13.3125,3.48998402829119,0
13.32,3.4807350186781,0
13.3275,3.47140871388332,0
13.335,3.46200532101207,0
13.3425,3.45252504888146,0
13.35,3.44296810801577,0
13.3575,3.4333347106419,0
13.365,3.42362507068453,0
13.3725,3.41383940376146,0
13.38,3.40397792717877,0
13.3875,3.39404085992602,0
13.395,3.38402842267137,0
13.4025,3.37394083775671,0
13.41,3.36377832919268,0
13.4175,3.35354112265372,0
13.425,3.34322944547308,0
13.4325,3.33284352663772,0
13.44,3.32238359678325,0
13.4475,3.31184988818884,0
13.455,3.301242634772,0
13.4625,3.29056207208344,0
13.47,3.27980843730181,0
13.4775,3.26898196922844,0
13.485,3.25808290828204,0
13.4925,3.24711149649335,0
13.5,3.23606797749979,0
13.5075,3.22495259654002,0
13.515,3.21376560044851,0
13.5225,3.20250723765006,0
13.53,3.19117775815429,0
13.5375,3.17977741355004,0
13.545,3.16830645699987,0
13.5525,3.15676514323435,0
13.56,3.14515372854648,0
13.5675,3.13347247078591,0
13.575,3.12172162935332,0
13.5825,3.10990146519457,0
13.59,3.09801224079494,0
13.5975,3.08605422017331,0
13.605,3.07402766887631,0
13.6125,3.06193285397235,0
13.62,3.0497700440458,0
13.6275,3.0375395091909,0
13.635,3.02524152100589,0
13.6425,3.01287635258688,0
13.65,3.00044427852184,0
13.6575,2.98794557488447,0
13.665,2.9753805192281,0
13.6725,2.9627493905795,0
13.68,2.9500524694327,0
13.6875,2.93729003774274,0
13.695,2.92446237891946,0
13.7025,2.91156977782113,0
13.71,2.89861252074819,0
13.7175,2.88559089543686,0
13.725,2.87250519105276,0
13.7325,2.85935569818448,0
13.74,2.84614270883714,0
13.7475,2.8328665164259,0
13.755,2.81952741576944,0
13.7625,2.80612570308343,0
13.77,2.79266167597389,0
13.7775,2.77913563343069,0
13.785,2.76554787582083,0
13.7925,2.75189870488176,0
13.8,2.73818842371475,0
13.8075,2.72441733677811,0
13.815,2.71058574988041,0
13.8225,2.69669397017374,0
13.83,2.68274230614688,0
13.8375,2.6687310676184,0
13.845,2.65466056572983,0
13.8525,2.64053111293876,0
13.86,2.62634302301183,0
13.8675,2.61209661101785,0
13.875,2.59779219332074,0
13.8825,2.58343008757254,0
13.89,2.56901061270634,0
13.8975,2.5545340889292,0
13.905,2.54000083771504,0
13.9125,2.52541118179751,0
13.92,2.5107654451628,0
13.9275,2.49606395304247,0
13.935,2.48130703190622,0
13.9425,2.46649500945463,0
13.95,2.45162821461191,0
13.9575,2.43670697751854,0
13.965,2.42173162952401,0
13.9725,2.40670250317941,0
13.98,2.39161993223007,0
13.9875,2.37648425160816,0
13.995,2.36129579742518,0
14.0025,2.3460549069646,0
14.01,2.33076191867431,0
14.0175,2.31541717215909,0
14.025,2.30002100817311,0
14.0325,2.28457376861237,0
14.04,2.26907579650703,0
14.0475,2.25352743601389,0
14.055,2.23792903240867,0
14.0625,2.22228093207841,0
14.07,2.20658348251372,0
14.0775,2.1908370323011,0
14.085,2.17504193111517,0
14.0925,2.15919852971094,0
14.1,2.14330717991599,0
14.1075,2.12736823462267,0
14.115,2.11138204778026,0
14.1225,2.09534897438714,0
14.13,2.07926937048284,0
14.1375,2.06314359314019,0
14.145,2.04697200045738,0
14.1525,2.03075495154999,0
14.16,2.01449280654304,0
14.1675,1.99818592656297,0
14.175,1.98183467372963,0
14.1825,1.96543941114824,0
14.19,1.94900050290133,0
14.1975,1.93251831404064,0
14.205,1.91599321057904,0
14.2125,1.89942555948238,0
14.22,1.88281572866133,0
14.2275,1.86616408696326,0
14.235,1.84947100416397,0
14.2425,1.83273685095957,0
14.25,1.81596199895819,0
14.2575,1.79914682067172,0
14.265,1.78229168950759,0
14.2725,1.76539697976041,0
14.28,1.74846306660373,0
14.2875,1.73149032608166,0
14.295,1.71447913510052,0
14.3025,1.69742987142049,0
14.31,1.68034291364723,0
14.3175,1.66321864122343,0
14.325,1.64605743442044,0
14.3325,1.62885967432976,0
14.34,1.61162574285465,0
14.3475,1.59435602270159,0
14.355,1.5770508973718,0
14.3625,1.55971075115275,0
14.37,1.54233596910959,0
14.3775,1.5249269370766,0
14.385,1.50748404164866,0
14.3925,1.49000767017261,0
14.4,1.47249821073871,0
14.4075,1.45495605217198,0
14.415,1.43738158402356,0
14.4225,1.4197751965621,0
14.43,1.40213728076504,0
14.4375,1.38446822830997,0
14.445,1.36676843156593,0
14.4525,1.34903828358467,0
14.46,1.33127817809195,0
14.4675,1.31348850947875,0
14.475,1.2956696727926,0
14.4825,1.2778220637287,0
14.49,1.25994607862122,0
14.4975,1.24204211443445,0
14.505,1.22411056875401,0
14.5125,1.20615183977798,0
14.52,1.18816632630814,0
14.5275,1.17015442774102,0
14.535,1.15211654405908,0
14.5425,1.13405307582182,0
14.55,1.11596442415692,0
14.5575,1.09785099075124,0
14.565,1.07971317784199,0
14.5725,1.06155138820776,0
14.58,1.04336602515959,0
14.5875,1.02515749253198,0
14.595,1.00692619467399,0
14.6025,0.98867253644017,0
14.61,0.970396923181634,0
14.6175,0.952099760737052,0
14.625,0.933781455423621,0
14.6325,0.915442414028049,0
14.64,0.897083043797527,0
14.6475,0.878703752430659,0
14.655,0.860304948068458,0
14.6625,0.841887039285225,0
14.67,0.823450435079525,0
14.6775,0.804995544865086,0
14.685,0.786522778461682,0
14.6925,0.76803254608608,0
14.7,0.749525258342903,0
14.7075,0.731001326215496,0
14.715,0.71246116105684,0
14.7225,0.693905174580395,0
14.73,0.675333778850937,0
14.7375,0.656747386275451,0
14.745,0.638146409593949,0
14.7525,0.619531261870286,0
14.76,0.600902356483028,0
14.7675,0.58226010711625,0
14.775,0.563604927750332,0
14.7825,0.544937232652806,0
14.79,0.526257436369134,0
14.7975,0.507565953713484,0
14.805,0.488863199759557,0
14.8125,0.470149589831355,0
14.82,0.451425539493928,0
14.8275,0.432691464544198,0
14.835,0.413947781001687,0
14.8425,0.395194905099302,0
14.85,0.376433253274057,0
14.8575,0.357663242157878,0
14.865,0.338885288568295,0
14.8725,0.320099809499234,0
14.88,0.301307222111728,0
14.8875,0.282507943724668,0
14.895,0.263702391805511,0
14.9025,0.244890983961052,0
14.91,0.2260741379281,0
14.9175,0.207252271564248,0
14.925,0.188425802838567,0
14.9325,0.169595149822338,0
14.94,0.150760730679737,0
14.9475,0.131922963658604,0
14.955,0.113082267081095,0
14.9625,0.0942390593344398,0
14.97,0.0753937588616295,0
14.9775,0.0565467841521324,0
14.985,0.0376985537325823,0
14.9925,0.0188494861574975,0
15,1.46957615897682e-15,0
