6.440401077270507812e-03,1.592283788197908834e+00,-1.551800537109375044e+00,1.529378843265448928e+00,1.227184567588235353e-02,1.871857419610023499e-02,1.133365184068679810e-02,1.115659947562531833e-02,0.000000000000000000e+00,1.250308901071548462e-01,-1.413345336914062500e-02
2.326586246490478516e-01,1.589021380120192006e+00,-1.551816272735595748e+00,1.529378843265448928e+00,1.227184567588235353e-02,-2.008653245866298676e-02,1.015937700867652893e-02,5.826502777914612796e-01,0.000000000000000000e+00,4.749083891510963440e-02,-1.233577728271484375e-02
2.376444339752197266e-01,1.588959022485886052e+00,-1.551873016357421919e+00,1.529378843265448928e+00,1.227184567588235353e-02,-8.752906695008277893e-03,-8.664095774292945862e-03,5.926020313992133026e-01,0.000000000000000000e+00,5.126770585775375366e-02,-1.621007919311523438e-02
2.446489334106445312e-01,1.588912758105669454e+00,-1.551883506774902388e+00,1.529378843265448928e+00,1.227184567588235353e-02,-8.928589522838592529e-05,-1.130692288279533386e-02,6.100446667025447578e-01,0.000000000000000000e+00,1.273325830698013306e-01,3.068447113037109375e-03
2.516543865203857422e-01,1.588988657170210317e+00,-1.551885890960693404e+00,1.529378843265448928e+00,1.227184567588235353e-02,2.625650726258754730e-03,-2.088890224695205688e-02,6.274176059145023521e-01,0.000000000000000000e+00,2.623805701732635498e-01,-1.726388931274414062e-02
2.586596012115478516e-01,1.589246627935443357e+00,-1.551912593841552779e+00,1.529378843265448928e+00,1.227184567588235353e-02,3.064855001866817474e-02,-1.071618124842643738e-02,6.447799075329258001e-01,0.000000000000000000e+00,3.812914490699768066e-01,-1.549720764160156250e-04
2.646634578704833984e-01,1.589805535101566747e+00,-1.551931667327880904e+00,1.529378843265448928e+00,1.227184567588235353e-02,1.096644327044487000e-01,-3.158943727612495422e-03,6.596826285192910477e-01,0.000000000000000000e+00,4.245854616165161133e-01,-4.773139953613281250e-03
2.716686725616455078e-01,1.590536504113350347e+00,-1.551947879791259810e+00,1.529378843265448928e+00,1.227184567588235353e-02,1.244497448205947876e-01,4.432793706655502319e-03,6.794629668070314432e-01,0.000000000000000000e+00,4.570004940032958984e-01,9.298324584960937500e-04
2.773873805999755859e-01,1.591461195671234563e+00,-1.551877307891845748e+00,1.529378843265448928e+00,1.227184567588235353e-02,1.734219789505004883e-01,8.607955649495124817e-03,6.936230850184890162e-01,0.000000000000000000e+00,4.525942802429199219e-01,-9.143352508544921875e-03
2.843644618988037109e-01,1.592687125378523305e+00,-1.552006053924560591e+00,1.529378843265448928e+00,1.227184567588235353e-02,1.934428662061691284e-01,-3.518666140735149384e-03,7.108852734534366613e-01,0.000000000000000000e+00,4.320956468582153320e-01,1.094102859497070312e-02
2.913956642150878906e-01,1.594277200349841550e+00,-1.551925945281982466e+00,1.529378843265448928e+00,1.227184567588235353e-02,2.489051222801208496e-01,1.228256523609161377e-02,7.282675488231160621e-01,0.000000000000000000e+00,4.187958240509033203e-01,-4.463195800781250000e-03
2.973356246948242188e-01,1.595710397758756116e+00,-1.551986026763916060e+00,1.529378843265448928e+00,1.227184567588235353e-02,2.378389835357666016e-01,-7.921921089291572571e-03,7.429427030237036877e-01,0.000000000000000000e+00,3.872627019882202148e-01,-1.069307327270507812e-02
3.045518398284912109e-01,1.597608235725436643e+00,-1.551921653747558638e+00,1.529378843265448928e+00,1.227184567588235353e-02,2.973965108394622803e-01,8.666140958666801453e-03,7.583238735587605195e-01,0.000000000000000000e+00,3.707168102264404297e-01,-1.146793365478515625e-02
3.105561733245849609e-01,1.599254355826650098e+00,-1.551893520355224654e+00,1.529378843265448928e+00,1.227184567588235353e-02,2.660927772521972656e-01,-8.647674694657325745e-03,7.731358580502833977e-01,0.000000000000000000e+00,3.597811460494995117e-01,-1.205682754516601562e-02
3.173465728759765625e-01,1.601138721280966237e+00,-1.551961231231689498e+00,1.529378843265448928e+00,1.227184567588235353e-02,2.596128880977630615e-01,3.205840475857257843e-03,7.922985495744716555e-01,0.000000000000000000e+00,3.747612535953521729e-01,5.331039428710937500e-03
3.246779441833496094e-01,1.603287738808665708e+00,-1.551904010772705123e+00,1.529378843265448928e+00,1.227184567588235353e-02,3.077169358730316162e-01,5.633974447846412659e-03,8.078408311754200488e-01,0.000000000000000000e+00,3.642731904983520508e-01,-1.177787780761718750e-02
3.304016590118408203e-01,1.605066550025020078e+00,-1.551875877380371138e+00,1.529378843265448928e+00,1.227184567588235353e-02,3.059633970260620117e-01,4.618770442903041840e-03,8.244320155788246174e-01,0.000000000000000000e+00,3.785143792629241943e-01,-1.462936401367187500e-02
3.373317718505859375e-01,1.607152939834866956e+00,-1.551943111419677779e+00,1.529378843265448928e+00,1.227184567588235353e-02,2.870443463325500488e-01,-1.635096222162246704e-02,8.414733614496548997e-01,0.000000000000000000e+00,3.841746449470520020e-01,-4.866123199462890625e-03
3.434741497039794922e-01,1.608958185711179212e+00,-1.551911640167236373e+00,1.529378843265448928e+00,1.227184567588235353e-02,3.097147047519683838e-01,1.804129220545291901e-02,8.565528246873941320e-01,0.000000000000000000e+00,3.899222910404205322e-01,-1.307964324951171875e-02
3.508837223052978516e-01,1.611112405606780484e+00,-1.551937389373779341e+00,1.529378843265448928e+00,1.227184567588235353e-02,3.010664582252502441e-01,-2.872739732265472412e-02,8.747385873220553387e-01,0.000000000000000000e+00,3.932927548885345459e-01,-5.331039428710937500e-03
3.584260940551757812e-01,1.613470570245061353e+00,-1.551889228820800826e+00,1.529378843265448928e+00,1.227184567588235353e-02,3.069714903831481934e-01,1.492553204298019409e-02,8.932216833169646097e-01,0.000000000000000000e+00,4.131592810153961182e-01,-2.603530883789062500e-03
3.634977340698242188e-01,1.614940607049737409e+00,-1.551950740814209029e+00,1.529378843265448928e+00,1.227184567588235353e-02,2.929542064666748047e-01,-1.070288009941577911e-02,9.056456357953823755e-01,0.000000000000000000e+00,4.298264086246490479e-01,-2.572536468505859375e-03
3.714647293090820312e-01,1.617227704324994519e+00,-1.551960277557373091e+00,1.529378843265448928e+00,1.227184567588235353e-02,2.669656872749328613e-01,-1.625063642859458923e-02,9.251337907721101095e-01,0.000000000000000000e+00,4.667176008224487305e-01,1.456737518310546875e-02
3.774147033691406250e-01,1.618980103233132795e+00,-1.551954555511474654e+00,1.529378843265448928e+00,1.227184567588235353e-02,2.825910151004791260e-01,-1.927629113197326660e-03,9.396769610224078306e-01,0.000000000000000000e+00,4.894494712352752686e-01,1.146793365478515625e-03
3.843748569488525391e-01,1.621032630154166654e+00,-1.551903057098388716e+00,1.529378843265448928e+00,1.227184567588235353e-02,2.638561129570007324e-01,2.147328294813632965e-02,9.566701970952113943e-01,0.000000000000000000e+00,5.117560029029846191e-01,-2.851486206054687500e-03
3.912353515625000000e-01,1.623162997015986875e+00,-1.552002239227294966e+00,1.529378843265448928e+00,1.227184567588235353e-02,2.983692288398742676e-01,-2.047725208103656769e-02,9.734023404319037676e-01,0.000000000000000000e+00,5.250109434127807617e-01,3.068447113037109375e-03
3.971087932586669922e-01,1.624784057089362577e+00,-1.551955509185791060e+00,1.529378843265448928e+00,1.227184567588235353e-02,2.791157364845275879e-01,-2.273492515087127686e-03,9.877144167475384595e-01,0.000000000000000000e+00,5.368864536285400391e-01,2.820491790771484375e-03
4.044046401977539062e-01,1.626882714280162290e+00,-1.551962184906005904e+00,1.529378843265448928e+00,1.227184567588235353e-02,3.114946484565734863e-01,-1.495278626680374146e-02,1.005470909100234511e+00,0.000000000000000000e+00,5.413239598274230957e-01,-1.369953155517578125e-02
4.103374481201171875e-01,1.628412128486905530e+00,-1.551921653747558638e+00,1.529378843265448928e+00,1.227184567588235353e-02,2.693093717098236084e-01,1.470894180238246918e-02,1.019898522078694025e+00,0.000000000000000000e+00,5.688741207122802734e-01,-5.300045013427734375e-03
4.175612926483154297e-01,1.630387068786893323e+00,-1.551906871795654341e+00,1.529378843265448928e+00,1.227184567588235353e-02,2.850464880466461182e-01,8.337266743183135986e-03,1.036049770560520722e+00,0.000000000000000000e+00,5.923872590065002441e-01,-4.091262817382812500e-03
4.243352413177490234e-01,1.632248447337422803e+00,-1.551980781555175826e+00,1.529378843265448928e+00,1.227184567588235353e-02,2.688975334167480469e-01,-3.891830332577228546e-03,1.053878979055823839e+00,0.000000000000000000e+00,6.066586971282958984e-01,5.362033843994140625e-03
4.313433170318603516e-01,1.634087027111325696e+00,-1.551994609832763716e+00,1.529378843265448928e+00,1.227184567588235353e-02,2.470986545085906982e-01,-1.926825754344463348e-02,1.070852973196107838e+00,0.000000000000000000e+00,6.433918476104736328e-01,1.307964324951171875e-02
4.377560615539550781e-01,1.635792234041963056e+00,-1.551915454864501998e+00,1.529378843265448928e+00,1.227184567588235353e-02,2.896642088890075684e-01,1.304461248219013214e-02,1.084021098876071232e+00,0.000000000000000000e+00,6.447911262512207031e-01,1.022815704345703125e-03
4.442458152770996094e-01,1.637546346583638623e+00,-1.551874923706054732e+00,1.529378843265448928e+00,1.227184567588235353e-02,2.617580890655517578e-01,2.473615482449531555e-02,1.102061105627257120e+00,0.000000000000000000e+00,6.860491633415222168e-01,-2.030134201049804688e-02
4.522519111633300781e-01,1.639578820266995862e+00,-1.551930713653564498e+00,1.529378843265448928e+00,1.227184567588235353e-02,2.650905549526214600e-01,3.747102804481983185e-03,1.121393113019747867e+00,0.000000000000000000e+00,7.028025984764099121e-01,-4.246234893798828125e-03
4.572553634643554688e-01,1.640861094990048841e+00,-1.551920223236084029e+00,1.529378843265448928e+00,1.227184567588235353e-02,2.568212747573852539e-01,-4.069311078637838364e-03,1.133454950193688582e+00,0.000000000000000000e+00,7.083762884140014648e-01,-5.950927734375000000e-03
4.642603397369384766e-01,1.642628335454736188e+00,-1.551926898956298873e+00,1.529378843265448928e+00,1.227184567588235353e-02,2.590610980987548828e-01,6.799886003136634827e-03,1.147962016067794799e+00,0.000000000000000000e+00,7.327181696891784668e-01,-1.701593399047851562e-02
4.712648391723632812e-01,1.644358583786759809e+00,-1.551922130584716841e+00,1.529378843265448928e+00,1.227184567588235353e-02,2.369565367698669434e-01,3.377151116728782654e-02,1.167178062833775121e+00,0.000000000000000000e+00,7.403206825256347656e-01,1.320362091064453125e-02
4.772696495056152344e-01,1.645905063548360303e+00,-1.552031326293945357e+00,1.529378843265448928e+00,1.227184567588235353e-02,2.706994414329528809e-01,-2.573660388588905334e-02,1.181606741862917920e+00,0.000000000000000000e+00,7.621007561683654785e-01,6.787776947021484375e-03
4.842743873596191406e-01,1.647612215080533460e+00,-1.551993656158447310e+00,1.529378843265448928e+00,1.227184567588235353e-02,2.537764906883239746e-01,-8.617173880338668823e-04,1.196053783358513423e+00,0.000000000000000000e+00,7.803697586059570312e-01,-5.857944488525390625e-03
4.912793636322021484e-01,1.649289556839738324e+00,-1.551949787139892623e+00,1.529378843265448928e+00,1.227184567588235353e-02,2.666745185852050781e-01,2.700047940015792847e-02,1.215196956811720908e+00,0.000000000000000000e+00,7.977600097656250000e-01,-2.203702926635742188e-02
4.972839355468750000e-01,1.650583663084779218e+00,-1.551966953277587935e+00,1.529378843265448928e+00,1.227184567588235353e-02,1.939513087272644043e-01,-9.412445127964019775e-03,1.229567644840509955e+00,0.000000000000000000e+00,8.240853548049926758e-01,-9.608268737792968750e-04
5.052895545959472656e-01,1.652576969065938428e+00,-1.551922130584716841e+00,1.529378843265448928e+00,1.227184567588235353e-02,2.562135457992553711e-01,1.441830582916736603e-02,1.246343425272848693e+00,0.000000000000000000e+00,8.363503813743591309e-01,8.089542388916015625e-03
5.112931728363037109e-01,1.654036858179841474e+00,-1.551996517181396529e+00,1.529378843265448928e+00,1.227184567588235353e-02,2.451903223991394043e-01,-5.444969981908798218e-03,1.263026941422824789e+00,0.000000000000000000e+00,8.523757457733154297e-01,-1.276969909667968750e-02
5.182991027832031250e-01,1.655655996003423169e+00,-1.552007961273193404e+00,1.529378843265448928e+00,1.227184567588235353e-02,2.057248651981353760e-01,9.508017450571060181e-03,1.277331599526782435e+00,0.000000000000000000e+00,8.715043067932128906e-01,2.169609069824218750e-04
5.243031978607177734e-01,1.657000572481427625e+00,-1.551921653747558638e+00,1.529378843265448928e+00,1.227184567588235353e-02,2.297579199075698853e-01,3.260736167430877686e-02,1.291667319586927265e+00,0.000000000000000000e+00,8.833020925521850586e-01,-2.727508544921875000e-03
5.323088169097900391e-01,1.658932180204663709e+00,-1.551977443695068404e+00,1.529378843265448928e+00,1.227184567588235353e-02,2.385473400354385376e-01,1.329564489424228668e-03,1.313024827527699889e+00,0.000000000000000000e+00,8.989790678024291992e-01,-7.190704345703125000e-03
5.383129119873046875e-01,1.660425023236546949e+00,-1.551994609832763716e+00,1.529378843265448928e+00,1.227184567588235353e-02,2.506110966205596924e-01,2.483229618519544601e-04,1.327276537703915515e+00,0.000000000000000000e+00,9.059280753135681152e-01,9.763240814208984375e-03
5.443170070648193359e-01,1.661748097338948682e+00,-1.551991748809814498e+00,1.530912824053334287e+00,1.227184567588235353e-02,2.228997200727462769e-01,9.048152714967727661e-04,1.341494295911946244e+00,0.000000000000000000e+00,9.232463836669921875e-01,-2.231597900390625000e-03
5.513222217559814453e-01,1.663286321857247785e+00,-1.551974105834960982e+00,1.530912824053334287e+00,1.227184567588235353e-02,2.071200907230377197e-01,1.374903321266174316e-02,1.355749315950031342e+00,0.000000000000000000e+00,9.609907865524291992e-01,-4.711151123046875000e-03
5.573265552520751953e-01,1.664743595817361310e+00,-1.551975059509277388e+00,1.530912824053334287e+00,1.227184567588235353e-02,2.223194837570190430e-01,5.519977770745754242e-03,1.369928054438721343e+00,0.000000000000000000e+00,9.625418186187744141e-01,1.844167709350585938e-02
5.643315315246582031e-01,1.666375526287827924e+00,-1.552001762390136763e+00,1.530912824053334287e+00,1.227184567588235353e-02,2.075165808200836182e-01,-1.708268746733665466e-02,1.388780554164688041e+00,0.000000000000000000e+00,9.766458868980407715e-01,-5.795955657958984375e-03
5.713360309600830078e-01,1.668035456040177777e+00,-1.551986026763916060e+00,1.532446804841220089e+00,1.227184567588235353e-02,2.325364053249359131e-01,1.154064387083053589e-02,1.405272590260204346e+00,0.000000000000000000e+00,9.900447726249694824e-01,1.453638076782226562e-02
5.773408412933349609e-01,1.669421398141656354e+00,-1.551941204071044966e+00,1.532446804841220089e+00,1.227184567588235353e-02,2.269637286663055420e-01,2.124809101223945618e-02,1.417081330751621016e+00,0.000000000000000000e+00,1.021539568901062012e+00,-6.477832794189453125e-03
5.843455791473388672e-01,1.671101578572068647e+00,-1.552037048339843794e+00,1.532446804841220089e+00,1.227184567588235353e-02,2.419594526290893555e-01,8.863167837262153625e-03,1.435838257364940862e+00,0.000000000000000000e+00,1.039674043655395508e+00,1.230478286743164062e-02
5.913505554199218750e-01,1.672678039469991162e+00,-1.551997947692871138e+00,1.533980785629105892e+00,1.227184567588235353e-02,2.338379621505737305e-01,-9.675091132521629333e-03,1.452255116525871692e+00,0.000000000000000000e+00,1.044588565826416016e+00,-4.866123199462890625e-03
5.983555316925048828e-01,1.674360566833291486e+00,-1.552008914947509810e+00,1.533980785629105892e+00,1.227184567588235353e-02,2.368496358394622803e-01,6.455712020397186279e-03,1.466307612905428659e+00,0.000000000000000000e+00,1.049905061721801758e+00,-1.379251480102539062e-02
6.043598651885986328e-01,1.675781146683965162e+00,-1.552048969268798873e+00,1.533980785629105892e+00,1.227184567588235353e-02,2.342144846916198730e-01,-7.077259942889213562e-04,1.480371856600133151e+00,0.000000000000000000e+00,1.065826654434204102e+00,1.425743103027343750e-03
6.113648414611816406e-01,1.677501746514115766e+00,-1.552046108245849654e+00,1.535514766416991250e+00,1.227184567588235353e-02,2.416789233684539795e-01,2.094540745019912720e-03,1.499013817076153776e+00,0.000000000000000000e+00,1.086644053459167480e+00,1.056909561157226562e-02
6.173691749572753906e-01,1.678892807164464429e+00,-1.552011299133300826e+00,1.535514766416991250e+00,1.227184567588235353e-02,2.396389842033386230e-01,-9.606244042515754700e-03,1.510694878009897435e+00,0.000000000000000000e+00,1.102784156799316406e+00,4.897117614746093750e-03
6.243739128112792969e-01,1.680591651299272016e+00,-1.552061367034912154e+00,1.537048747204877053e+00,1.227184567588235353e-02,2.421923875808715820e-01,3.541645593941211700e-03,1.526990341814269181e+00,0.000000000000000000e+00,1.118501782417297363e+00,4.153251647949218750e-03
6.323797702789306641e-01,1.682602928080831006e+00,-1.552032756805419966e+00,1.537048747204877053e+00,1.227184567588235353e-02,2.535930275917053223e-01,-9.191696299239993095e-04,1.545556951082634356e+00,0.000000000000000000e+00,1.120457053184509277e+00,-7.872581481933593750e-03
6.373829841613769531e-01,1.683905319371495679e+00,-1.552019405364990279e+00,1.537048747204877053e+00,1.227184567588235353e-02,2.642930448055267334e-01,1.738520897924900055e-02,1.559439489513219312e+00,0.000000000000000000e+00,1.129081249237060547e+00,-1.323461532592773438e-02
6.443881988525390625e-01,1.685596400001321271e+00,-1.552061843872070357e+00,1.538582727992762855e+00,1.227184567588235353e-02,2.602305710315704346e-01,-7.389150559902191162e-03,1.573348997774187463e+00,0.000000000000000000e+00,1.155346512794494629e+00,6.291866302490234375e-03
6.503925323486328125e-01,1.687138066687856153e+00,-1.552098083496093794e+00,1.538582727992762855e+00,1.227184567588235353e-02,2.592955827713012695e-01,-9.993121027946472168e-03,1.589495417560590873e+00,0.000000000000000000e+00,1.152809262275695801e+00,-1.859664916992187500e-04
6.583981513977050781e-01,1.689171225824628308e+00,-1.552043247222900435e+00,1.540116708780648214e+00,1.227184567588235353e-02,2.734940350055694580e-01,5.006894469261169434e-03,1.607929360655192097e+00,0.000000000000000000e+00,1.175712227821350098e+00,-5.331039428710937500e-03
6.644022464752197266e-01,1.690719814100537732e+00,-1.551946926116943404e+00,1.541650689568534016e+00,1.227184567588235353e-02,2.649300098419189453e-01,2.834703214466571808e-02,1.621739360926708340e+00,0.000000000000000000e+00,1.186395406723022461e+00,-3.592252731323242188e-02
6.704068183898925781e-01,1.692163267233643964e+00,-1.552115249633789107e+00,1.541650689568534016e+00,1.227184567588235353e-02,2.254628092050552368e-01,-4.069503396749496460e-02,1.635517716950744882e+00,0.000000000000000000e+00,1.208763837814331055e+00,-4.959106445312500000e-03
6.784133911132812500e-01,1.694352367022309735e+00,-1.551994609832763716e+00,1.543184670356419819e+00,1.227184567588235353e-02,2.610095739364624023e-01,4.911894910037517548e-03,1.653862225763991889e+00,0.000000000000000000e+00,1.226818442344665527e+00,-1.850366592407226562e-02
6.843407154083251953e-01,1.695915387072835401e+00,-1.552007007598876998e+00,1.543184670356419819e+00,1.227184567588235353e-02,2.591194510459899902e-01,8.532764390110969543e-03,1.667415178769694473e+00,0.000000000000000000e+00,1.235507845878601074e+00,-1.369953155517578125e-02
6.902670860290527344e-01,1.697620988884244397e+00,-1.552075672149658248e+00,1.544718651144305177e+00,1.227184567588235353e-02,3.005146980285644531e-01,-1.716803014278411865e-02,1.680943084064264514e+00,0.000000000000000000e+00,1.244431495666503906e+00,-1.899957656860351562e-02
6.975207328796386719e-01,1.699493096270833448e+00,-1.552059459686279341e+00,1.546252631932190980e+00,1.227184567588235353e-02,2.951502799987792969e-01,-3.310045227408409119e-03,1.697468757872329759e+00,0.000000000000000000e+00,1.267067313194274902e+00,8.089542388916015625e-03
7.043590545654296875e-01,1.701428459086690381e+00,-1.552008914947509810e+00,1.546252631932190980e+00,1.227184567588235353e-02,2.866382896900177002e-01,5.327669903635978699e-03,1.713011578408690783e+00,0.000000000000000000e+00,1.254360556602478027e+00,-5.052089691162109375e-03
7.107994556427001953e-01,1.702958286800656751e+00,-1.552078533172607466e+00,1.547786612720076338e+00,1.227184567588235353e-02,2.471664696931838989e-01,-2.529644034802913666e-02,1.726420273265221628e+00,0.000000000000000000e+00,1.277211308479309082e+00,6.415843963623046875e-03
7.177379131317138672e-01,1.704989568391118482e+00,-1.552058506011962935e+00,1.549320593507962140e+00,1.227184567588235353e-02,2.837253212928771973e-01,1.970256678760051727e-02,1.741030047810455894e+00,0.000000000000000000e+00,1.279815912246704102e+00,5.919933319091796875e-03
7.241652011871337891e-01,1.706918657818112806e+00,-1.552057552337646529e+00,1.550854574295847943e+00,1.227184567588235353e-02,2.926968932151794434e-01,-1.616415008902549744e-02,1.757868941966543419e+00,0.000000000000000000e+00,1.291449308395385742e+00,-7.655620574951171875e-03
7.314298152923583984e-01,1.708834664025578931e+00,-1.552087116241455123e+00,1.552388555083733301e+00,1.227184567588235353e-02,2.779573798179626465e-01,-2.234227955341339111e-02,1.774240637344111082e+00,0.000000000000000000e+00,1.306225657463073730e+00,8.058547973632812500e-03
7.375316619873046875e-01,1.710634903111730054e+00,-1.552038002014160201e+00,1.553922535871619104e+00,1.227184567588235353e-02,3.114312887191772461e-01,-3.733829595148563385e-03,1.787985525892814787e+00,0.000000000000000000e+00,1.301968812942504883e+00,-6.818771362304687500e-03
7.445402145385742188e-01,1.712564797201428846e+00,-1.552077579498291060e+00,1.555456516659504906e+00,1.227184567588235353e-02,2.588919699192047119e-01,2.677184063941240311e-03,1.803711325231765583e+00,0.000000000000000000e+00,1.322132587432861328e+00,-1.447439193725585938e-02
7.503874301910400391e-01,1.714257777729306653e+00,-1.552027034759521529e+00,1.555456516659504906e+00,1.227184567588235353e-02,2.758225798606872559e-01,2.784142270684242249e-03,1.816827843421032096e+00,0.000000000000000000e+00,1.357652664184570312e+00,7.624626159667968750e-03
7.573809623718261719e-01,1.716385499635014966e+00,-1.552068042755126998e+00,1.556990497447390265e+00,1.227184567588235353e-02,3.084343671798706055e-01,-8.440997451543807983e-03,1.832457268423212104e+00,0.000000000000000000e+00,1.358546614646911621e+00,-7.655620574951171875e-03
7.649543285369873047e-01,1.718568489947591260e+00,-1.552038478851318404e+00,1.558524478235276067e+00,1.227184567588235353e-02,2.786847352981567383e-01,-1.902036368846893311e-03,1.849360197087332569e+00,0.000000000000000000e+00,1.375572800636291504e+00,-1.125097274780273438e-02
7.713749408721923828e-01,1.720453099408421949e+00,-1.552057552337646529e+00,1.560058459023161870e+00,1.227184567588235353e-02,3.207585215568542480e-01,-4.114877432584762573e-03,1.863650815357993817e+00,0.000000000000000000e+00,1.374275207519531250e+00,3.936290740966796875e-03
7.782809734344482422e-01,1.722602681317601636e+00,-1.552054691314697310e+00,1.563126420598933031e+00,1.227184567588235353e-02,3.114219009876251221e-01,3.911180421710014343e-03,1.878991548424107982e+00,0.000000000000000000e+00,1.383233189582824707e+00,-1.183986663818359375e-02
7.841904163360595703e-01,1.724397019543919995e+00,-1.552043247222900435e+00,1.564660401386818389e+00,1.227184567588235353e-02,3.102937340736389160e-01,-4.537199623882770538e-03,1.892089853406866862e+00,0.000000000000000000e+00,1.398558139801025391e+00,-1.571416854858398438e-02
7.913250923156738281e-01,1.726686225333486036e+00,-1.552065181732177779e+00,1.566194382174704192e+00,1.227184567588235353e-02,3.180834949016571045e-01,1.121497992426156998e-02,1.907868039134052118e+00,0.000000000000000000e+00,1.398954510688781738e+00,-6.787776947021484375e-03
7.980656623840332031e-01,1.728961424031529859e+00,-1.552073764801025435e+00,1.567728362962589994e+00,1.227184567588235353e-02,3.346801698207855225e-01,-9.029550477862358093e-03,1.922745359979253443e+00,0.000000000000000000e+00,1.433700561523437500e+00,-1.453638076782226562e-02
8.043999671936035156e-01,1.730816409983907178e+00,-1.552054691314697310e+00,1.569262343750475353e+00,1.227184567588235353e-02,3.113087415695190430e-01,4.369474016129970551e-03,1.936684159203313493e+00,0.000000000000000000e+00,1.445960998535156250e+00,2.882480621337890625e-03
8.104043006896972656e-01,1.732893512645039991e+00,-1.552053737640380904e+00,1.570796324538361155e+00,1.227184567588235353e-02,3.520283401012420654e-01,2.239578962326049805e-02,1.949879411986648270e+00,0.000000000000000000e+00,1.448982834815979004e+00,-1.831769943237304688e-02
8.183727264404296875e-01,1.735566170015607312e+00,-1.552030849456787154e+00,1.572330305326246958e+00,1.227184567588235353e-02,3.329995870590209961e-01,7.331258617341518402e-03,1.967334354131288210e+00,0.000000000000000000e+00,1.459987282752990723e+00,-1.118898391723632812e-02
8.243610858917236328e-01,1.737586633363042310e+00,-1.552078056335449263e+00,1.573864286114132316e+00,1.227184567588235353e-02,3.462728857994079590e-01,4.382039420306682587e-03,1.980436744598951915e+00,0.000000000000000000e+00,1.467021822929382324e+00,5.021095275878906250e-03
8.304312229156494141e-01,1.739784837761197522e+00,-1.552069950103759810e+00,1.576932247689903921e+00,1.227184567588235353e-02,3.735294938087463379e-01,5.311060696840286255e-03,1.993664945602243943e+00,0.000000000000000000e+00,1.460567235946655273e+00,-6.043910980224609375e-03
8.373715877532958984e-01,1.742233798899922803e+00,-1.552085685729980513e+00,1.578466228477789279e+00,1.227184567588235353e-02,3.614176511764526367e-01,9.481813758611679077e-03,2.008782425440515329e+00,0.000000000000000000e+00,1.473682999610900879e+00,7.159709930419921875e-03
8.447067737579345703e-01,1.744754494228635266e+00,-1.552061367034912154e+00,1.580000209265675082e+00,1.227184567588235353e-02,3.431183099746704102e-01,-5.950077902525663376e-03,2.022515675612248209e+00,0.000000000000000000e+00,1.478956818580627441e+00,-1.810073852539062500e-02
8.507726192474365234e-01,1.747018248834882215e+00,-1.552066135406494185e+00,1.581534190053560440e+00,1.227184567588235353e-02,3.976074457168579102e-01,7.832359522581100464e-03,2.035629369924669696e+00,0.000000000000000000e+00,1.493092656135559082e+00,-2.327680587768554688e-02
8.577990531921386719e-01,1.749728889265332654e+00,-1.552118587493896529e+00,1.584602151629332045e+00,1.227184567588235353e-02,3.870366811752319336e-01,-1.506637129932641983e-02,2.050833080669481667e+00,0.000000000000000000e+00,1.489314556121826172e+00,-8.740425109863281250e-03
8.634362220764160156e-01,1.751981780925069287e+00,-1.552089500427246138e+00,1.586136132417217404e+00,1.227184567588235353e-02,3.978080749511718750e-01,-9.415047243237495422e-04,2.065154648021542805e+00,0.000000000000000000e+00,1.502493858337402344e+00,-9.825229644775390625e-03
8.718056678771972656e-01,1.755207867422376111e+00,-1.552079963684082076e+00,1.587670113205103206e+00,1.227184567588235353e-02,4.364252090454101562e-01,-5.457271821796894073e-03,2.080982717228808454e+00,0.000000000000000000e+00,1.495453119277954102e+00,3.316402435302734375e-03
8.778553009033203125e-01,1.757517353692326978e+00,-1.552048969268798873e+00,1.590738074780874367e+00,1.227184567588235353e-02,3.709510862827301025e-01,1.156795769929885864e-02,2.093922338258503490e+00,0.000000000000000000e+00,1.496714234352111816e+00,-2.209901809692382812e-02
8.837132453918457031e-01,1.759929151335034803e+00,-1.552096652984619185e+00,1.592272055568760170e+00,1.227184567588235353e-02,4.076021313667297363e-01,3.077972680330276489e-03,2.108620908605441269e+00,0.000000000000000000e+00,1.494585275650024414e+00,1.648902893066406250e-02
8.907985687255859375e-01,1.762862638631139234e+00,-1.552074718475341841e+00,1.595340017144531330e+00,1.227184567588235353e-02,4.317275881767272949e-01,2.502715215086936951e-03,2.123733029624246704e+00,0.000000000000000000e+00,1.500111579895019531e+00,-3.688335418701171875e-03
8.980424404144287109e-01,1.765675441422734693e+00,-1.552045154571533248e+00,1.596873997932417133e+00,1.227184567588235353e-02,4.134131669998168945e-01,-6.976010743528604507e-03,2.137007112929134145e+00,0.000000000000000000e+00,1.498841047286987305e+00,-7.128715515136718750e-04
9.043917655944824219e-01,1.768621505298886731e+00,-1.551965999603271529e+00,1.599941959508188294e+00,1.227184567588235353e-02,4.265088438987731934e-01,3.013015910983085632e-02,2.152603306298296104e+00,0.000000000000000000e+00,1.521447777748107910e+00,-2.873182296752929688e-02
9.106147289276123047e-01,1.771105767288480237e+00,-1.552139091491699263e+00,1.601475940296074096e+00,1.227184567588235353e-02,4.040651321411132812e-01,-1.955375075340270996e-02,2.163739238457856651e+00,0.000000000000000000e+00,1.547763586044311523e+00,3.626346588134765625e-03
9.174449443817138672e-01,1.774160088100705579e+00,-1.552013683319091841e+00,1.604543901871845257e+00,1.227184567588235353e-02,4.361893832683563232e-01,3.706878982484340668e-03,2.180180249104329171e+00,0.000000000000000000e+00,1.542484641075134277e+00,-5.238056182861328125e-03
9.243407249450683594e-01,1.777247698107037976e+00,-1.552087116241455123e+00,1.606077882659731060e+00,1.227184567588235353e-02,4.447079598903656006e-01,3.066442906856536865e-03,2.194702832116157687e+00,0.000000000000000000e+00,1.551617860794067383e+00,-1.301765441894531250e-02
9.305067062377929688e-01,1.779848636188779309e+00,-1.552047061920166060e+00,1.609145844235502221e+00,1.227184567588235353e-02,4.286928176879882812e-01,2.774220705032348633e-02,2.205527757869573335e+00,0.000000000000000000e+00,1.563132405281066895e+00,-1.131296157836914062e-02
9.374256134033203125e-01,1.782999740042958692e+00,-1.552074718475341841e+00,1.610679825023388023e+00,1.227184567588235353e-02,4.492696821689605713e-01,3.307281993329524994e-03,2.222125079303851169e+00,0.000000000000000000e+00,1.577713608741760254e+00,-8.058547973632812500e-04
9.441275596618652344e-01,1.786185682812009290e+00,-1.552041339874267623e+00,1.613747786599159184e+00,1.227184567588235353e-02,4.801323413848876953e-01,9.021282196044921875e-03,2.236094133986872734e+00,0.000000000000000000e+00,1.589969873428344727e+00,-1.196384429931640625e-02
9.513795375823974609e-01,1.789456994333539441e+00,-1.552088069915771529e+00,1.616815748174930345e+00,1.227184567588235353e-02,4.774046242237091064e-01,-4.680842161178588867e-03,2.251193446390103770e+00,0.000000000000000000e+00,1.603965878486633301e+00,8.554458618164062500e-03
9.582629203796386719e-01,1.792728097238812879e+00,-1.552088069915771529e+00,1.619883709750701506e+00,1.227184567588235353e-02,4.750054478645324707e-01,-1.068235002458095551e-02,2.265463465202673721e+00,0.000000000000000000e+00,1.597807526588439941e+00,-7.903575897216796875e-03
9.643330574035644531e-01,1.795606196918759778e+00,-1.552068996429443404e+00,1.621417690538587308e+00,1.227184567588235353e-02,4.806747436523437500e-01,-5.684462375938892365e-04,2.278026962768619157e+00,0.000000000000000000e+00,1.609590172767639160e+00,-1.726388931274414062e-02
9.709000587463378906e-01,1.798490659394536451e+00,-1.552083301544189498e+00,1.624485652114358469e+00,1.227184567588235353e-02,5.210941433906555176e-01,3.022723249159753323e-04,2.291567386784079119e+00,0.000000000000000000e+00,1.612530708312988281e+00,5.424022674560546875e-03
9.777929782867431641e-01,1.801882446804318860e+00,-1.552066612243652388e+00,1.627553613690130074e+00,1.227184567588235353e-02,4.794731736183166504e-01,1.938289031386375427e-03,2.305748117200736136e+00,0.000000000000000000e+00,1.632940649986267090e+00,-2.138614654541015625e-03
9.838314056396484375e-01,1.804820046820912793e+00,-1.552112388610839888e+00,1.630621575265901235e+00,1.227184567588235353e-02,4.994071125984191895e-01,-1.671971008181571960e-02,2.318130143931711906e+00,0.000000000000000000e+00,1.640975475311279297e+00,5.826950073242187500e-03
9.908981323242187500e-01,1.808890999355588391e+00,-1.552123355865478560e+00,1.633689536841672396e+00,1.227184567588235353e-02,5.056595802307128906e-01,-8.591254241764545441e-03,2.332581738927305803e+00,0.000000000000000000e+00,1.632608890533447266e+00,-2.228498458862304688e-02
9.969711303710937500e-01,1.811940209069524244e+00,-1.552059459686279341e+00,1.636757498417443557e+00,1.227184567588235353e-02,4.934107065200805664e-01,6.195564754307270050e-03,2.344964956960077895e+00,0.000000000000000000e+00,1.635000705718994141e+00,-2.089023590087890625e-02
1.004805326461791992e+00,1.815509648123059705e+00,-1.552152442932128951e+00,1.639825459993215162e+00,1.227184567588235353e-02,5.237497687339782715e-01,-2.855708822607994080e-02,2.360883613451184360e+00,0.000000000000000000e+00,1.651674389839172363e+00,-2.789497375488281250e-04
1.011065006256103516e+00,1.818646342554364637e+00,-1.552069473266601607e+00,1.641359440781100520e+00,1.227184567588235353e-02,5.176532864570617676e-01,-3.459081053733825684e-04,2.373574860060233771e+00,0.000000000000000000e+00,1.653896093368530273e+00,-4.618167877197265625e-03
1.016912221908569336e+00,1.822393612065587476e+00,-1.552134799957275435e+00,1.645961383144757484e+00,1.227184567588235353e-02,5.484563112258911133e-01,2.873943187296390533e-03,2.385378108392833596e+00,0.000000000000000000e+00,1.659018754959106445e+00,-2.076625823974609375e-03
1.024440526962280273e+00,1.826001868644032911e+00,-1.552037525177001998e+00,1.649029344720528645e+00,1.227184567588235353e-02,5.108271837234497070e-01,9.682330302894115448e-03,2.398536606559104722e+00,0.000000000000000000e+00,1.672167778015136719e+00,-1.893758773803710938e-02
1.030380964279174805e+00,1.829324827590260938e+00,-1.552085208892822310e+00,1.650563325508414447e+00,1.227184567588235353e-02,5.455543994903564453e-01,-2.848668023943901062e-03,2.412463709167500969e+00,0.000000000000000000e+00,1.662241816520690918e+00,-9.608268737792968750e-04
1.037562608718872070e+00,1.833152608075414136e+00,-1.552070426940918013e+00,1.655165267872071411e+00,1.227184567588235353e-02,5.546185374259948730e-01,4.348296672105789185e-03,2.424844440732659034e+00,0.000000000000000000e+00,1.659926176071166992e+00,-2.383470535278320312e-02
1.044624805450439453e+00,1.836931304135594800e+00,-1.552121448516845748e+00,1.658233229447842572e+00,1.227184567588235353e-02,5.414594411849975586e-01,-1.121850125491619110e-02,2.440921338528015738e+00,0.000000000000000000e+00,1.683076381683349609e+00,3.099441528320312500e-04
1.050417661666870117e+00,1.840317622819219068e+00,-1.552013206481933638e+00,1.661301191023614177e+00,1.227184567588235353e-02,5.612039566040039062e-01,1.195028424263000488e-02,2.452455103940804015e+00,0.000000000000000000e+00,1.673607230186462402e+00,-2.383470535278320312e-02
1.057327747344970703e+00,1.844173477092061475e+00,-1.552063274383544966e+00,1.664369152599385338e+00,1.227184567588235353e-02,5.578962564468383789e-01,2.862017601728439331e-03,2.466135737243317472e+00,0.000000000000000000e+00,1.681056976318359375e+00,1.642704010009765625e-03
1.063346385955810547e+00,1.847568438449178174e+00,-1.552072334289550826e+00,1.667437114175156498e+00,1.227184567588235353e-02,5.829364061355590820e-01,1.890918612480163574e-02,2.478041134606728590e+00,0.000000000000000000e+00,1.681703567504882812e+00,-1.385450363159179688e-02
1.070703506469726562e+00,1.851484195390019849e+00,-1.552081394195556685e+00,1.672039056538813462e+00,1.227184567588235353e-02,5.734355449676513672e-01,-2.417590841650962830e-02,2.492516903756836655e+00,0.000000000000000000e+00,1.704478263854980469e+00,-6.384849548339843750e-03
1.077735900878906250e+00,1.855484292903218702e+00,-1.551992702484130904e+00,1.673573037326699264e+00,1.227184567588235353e-02,5.728466510772705078e-01,2.812143228948116302e-02,2.506319980533647573e+00,0.000000000000000000e+00,1.715587139129638672e+00,-1.918554306030273438e-02
1.083828210830688477e+00,1.858938829102788404e+00,-1.552137660980224654e+00,1.678174979690356228e+00,1.227184567588235353e-02,5.607451200485229492e-01,-3.131639584898948669e-02,2.518231936158927819e+00,0.000000000000000000e+00,1.730106830596923828e+00,-4.246234893798828125e-03
1.091833829879760742e+00,1.863559053340230420e+00,-1.552084732055664107e+00,1.681242941266127389e+00,1.227184567588235353e-02,5.703318715095520020e-01,-1.923439092934131622e-02,2.533830869240771833e+00,0.000000000000000000e+00,1.742859482765197754e+00,-1.497030258178710938e-02
1.097662210464477539e+00,1.867754296460423902e+00,-1.552075672149658248e+00,1.684310902841898550e+00,1.227184567588235353e-02,5.741422176361083984e-01,1.518468139693140984e-03,2.545154143154421789e+00,0.000000000000000000e+00,1.756559371948242188e+00,4.339218139648437500e-04
1.103754520416259766e+00,1.871281907954488233e+00,-1.552035617828369185e+00,1.688912845205555513e+00,1.227184567588235353e-02,5.925450325012207031e-01,1.369771547615528107e-02,2.556942934284310631e+00,0.000000000000000000e+00,1.757604479789733887e+00,-9.639263153076171875e-03
1.110960721969604492e+00,1.875569478669438794e+00,-1.552110958099365279e+00,1.691980806781326674e+00,1.227184567588235353e-02,6.037405729293823242e-01,-3.346106968820095062e-03,2.570852344488194774e+00,0.000000000000000000e+00,1.767006874084472656e+00,-5.578994750976562500e-03
1.116944313049316406e+00,1.879149393239293531e+00,-1.552122879028320357e+00,1.695048768357098279e+00,1.227184567588235353e-02,5.887264013290405273e-01,-3.445511683821678162e-03,2.582345423655565408e+00,0.000000000000000000e+00,1.765769720077514648e+00,9.918212890625000000e-03
1.124365329742431641e+00,1.883539543547902539e+00,-1.552089023590087935e+00,1.698116729932869440e+00,1.227184567588235353e-02,6.294652819633483887e-01,-1.007152255624532700e-02,2.596575213894642076e+00,0.000000000000000000e+00,1.776248455047607422e+00,4.649162292480468750e-04
1.130321502685546875e+00,1.887147949137959912e+00,-1.552089977264404341e+00,1.701184691508640601e+00,1.227184567588235353e-02,5.915383100509643555e-01,-6.487763486802577972e-03,2.607927948937611706e+00,0.000000000000000000e+00,1.782269239425659180e+00,-9.081363677978515625e-03
1.137418031692504883e+00,1.891536430516515210e+00,-1.552092361450195357e+00,1.705786633872297564e+00,1.227184567588235353e-02,6.325860619544982910e-01,-6.342170760035514832e-03,2.621444560314694527e+00,0.000000000000000000e+00,1.786211967468261719e+00,-1.410245895385742188e-02
1.144388198852539062e+00,1.895905838408742383e+00,-1.552048969268798873e+00,1.708854595448068725e+00,1.227184567588235353e-02,6.136060953140258789e-01,2.896424382925033569e-02,2.634631380179762061e+00,0.000000000000000000e+00,1.783289313316345215e+00,-3.121137619018554688e-02
1.150348186492919922e+00,1.899603770175252393e+00,-1.552108097076416060e+00,1.711922557023840330e+00,1.227184567588235353e-02,6.156883239746093750e-01,9.927857667207717896e-03,2.645901595256769490e+00,0.000000000000000000e+00,1.788565158843994141e+00,-9.546279907226562500e-03
1.158423900604248047e+00,1.904460267224584058e+00,-1.552118587493896529e+00,1.716524499387496849e+00,1.227184567588235353e-02,6.131588220596313477e-01,-1.688764989376068115e-02,2.661073346534681860e+00,0.000000000000000000e+00,1.802997350692749023e+00,-5.021095275878906250e-03
1.164967060089111328e+00,1.908256010213170484e+00,-1.552043247222900435e+00,1.719592460963268454e+00,1.227184567588235353e-02,6.214841604232788086e-01,6.377204321324825287e-03,2.671463138655458369e+00,0.000000000000000000e+00,1.818197011947631836e+00,-7.779598236083984375e-03
1.170971393585205078e+00,1.912018613019261792e+00,-1.552079963684082076e+00,1.724194403326925418e+00,1.227184567588235353e-02,6.358453035354614258e-01,-1.786621287465095520e-03,2.684534612576617185e+00,0.000000000000000000e+00,1.828325390815734863e+00,2.076625823974609375e-03
1.177127838134765625e+00,1.916453317799840406e+00,-1.552070426940918013e+00,1.727262364902696579e+00,1.227184567588235353e-02,6.331477165222167969e-01,-7.143661379814147949e-03,2.695991308705257161e+00,0.000000000000000000e+00,1.835810542106628418e+00,-9.763240814208984375e-03
1.184374332427978516e+00,1.920905188718114331e+00,-1.552068042755126998e+00,1.730330326478467740e+00,1.227184567588235353e-02,6.358608007431030273e-01,-1.169503666460514069e-04,2.709413513608839086e+00,0.000000000000000000e+00,1.846954822540283203e+00,-1.958847045898437500e-02
1.190692424774169922e+00,1.924790875115666822e+00,-1.552130985260009810e+00,1.734932268842124703e+00,1.227184567588235353e-02,6.432670354843139648e-01,5.568912252783775330e-03,2.721073325584149050e+00,0.000000000000000000e+00,1.855898141860961914e+00,2.727508544921875000e-03
1.197126150131225586e+00,1.929320440688405469e+00,-1.552069950103759810e+00,1.738000230417895864e+00,1.227184567588235353e-02,6.590920686721801758e-01,-1.342502329498529434e-02,2.732903887052592573e+00,0.000000000000000000e+00,1.863239407539367676e+00,-1.850366592407226562e-02
1.204130887985229492e+00,1.933202848830495313e+00,-1.552127170562744185e+00,1.742602172781552827e+00,1.227184567588235353e-02,6.351094245910644531e-01,-2.758944779634475708e-02,2.744510093922894356e+00,0.000000000000000000e+00,1.872679233551025391e+00,-2.727508544921875000e-03
1.211755990982055664e+00,1.938491181531224683e+00,-1.552008438110351607e+00,1.745670134357324432e+00,1.227184567588235353e-02,6.864285469055175781e-01,2.524345740675926208e-02,2.759646904181576321e+00,0.000000000000000000e+00,1.870995759963989258e+00,-8.678436279296875000e-03
1.217509984970092773e+00,1.942334578433309034e+00,-1.552029418945312544e+00,1.750272076720980952e+00,1.227184567588235353e-02,6.300382614135742188e-01,5.518606863915920258e-03,2.770081540861045966e+00,0.000000000000000000e+00,1.894759178161621094e+00,-1.407146453857421875e-02
1.224384069442749023e+00,1.947017983594212964e+00,-1.552125263214111373e+00,1.754874019084637915e+00,1.227184567588235353e-02,6.730564832687377930e-01,-1.281629316508769989e-02,2.782535306189287017e+00,0.000000000000000000e+00,1.890810132026672363e+00,7.159709930419921875e-03
1.231333255767822266e+00,1.951583699384007886e+00,-1.552053737640380904e+00,1.757941980660409520e+00,1.227184567588235353e-02,6.552370786666870117e-01,1.026586256921291351e-02,2.795038135377977628e+00,0.000000000000000000e+00,1.881864666938781738e+00,-2.327680587768554688e-02
1.237442016601562500e+00,1.955724285044942334e+00,-1.552079010009765669e+00,1.762543923024066483e+00,1.227184567588235353e-02,6.940884590148925781e-01,1.308362931013107300e-03,2.806021451174833814e+00,0.000000000000000000e+00,1.878958702087402344e+00,-3.905296325683593750e-03
1.244389533996582031e+00,1.960302815833363965e+00,-1.552065658569335982e+00,1.767145865387723003e+00,1.227184567588235353e-02,6.505810022354125977e-01,5.939928814768791199e-03,2.818417415300841000e+00,0.000000000000000000e+00,1.913664102554321289e+00,-1.537322998046875000e-02
1.250609874725341797e+00,1.964421824612889722e+00,-1.552033710479736373e+00,1.770213826963494608e+00,1.227184567588235353e-02,6.720054149627685547e-01,1.989321038126945496e-02,2.827705704245624396e+00,0.000000000000000000e+00,1.928519606590270996e+00,-5.021095275878906250e-03
1.257396697998046875e+00,1.969181136288915113e+00,-1.552037525177001998e+00,1.774815769327151571e+00,1.227184567588235353e-02,6.987962126731872559e-01,1.029874011874198914e-02,2.841520434652509586e+00,0.000000000000000000e+00,1.941537261009216309e+00,-1.056909561157226562e-02
1.263369798660278320e+00,1.973237589993749097e+00,-1.552126693725585982e+00,1.777883730902922732e+00,1.227184567588235353e-02,6.730410456657409668e-01,-1.177014037966728210e-02,2.852081519758797867e+00,0.000000000000000000e+00,1.935746073722839355e+00,-8.182525634765625000e-03
1.270789146423339844e+00,1.978076414265904859e+00,-1.552130508422851607e+00,1.782485673266579695e+00,1.227184567588235353e-02,7.031795978546142578e-01,-1.234056428074836731e-02,2.863347058179940063e+00,0.000000000000000000e+00,1.949022412300109863e+00,5.300045013427734375e-03
1.278026342391967773e+00,1.982851074137959912e+00,-1.552056121826171919e+00,1.785553634842350856e+00,1.227184567588235353e-02,6.755254268646240234e-01,2.990003675222396851e-03,2.876037108123749242e+00,0.000000000000000000e+00,1.972579360008239746e+00,-7.531642913818359375e-03
1.284183502197265625e+00,1.987751797833714917e+00,-1.552128124237060591e+00,1.790155577206007820e+00,1.227184567588235353e-02,6.910468339920043945e-01,-1.666396856307983398e-03,2.886758198287411314e+00,0.000000000000000000e+00,1.965853571891784668e+00,6.539821624755859375e-03
1.290912628173828125e+00,1.992589281001363233e+00,-1.552092838287353560e+00,1.794757519569664783e+00,1.227184567588235353e-02,7.152479887008666992e-01,-1.997431181371212006e-02,2.900174880461329430e+00,0.000000000000000000e+00,1.975201606750488281e+00,-8.368492126464843750e-03
1.297126770019531250e+00,1.996803239980016187e+00,-1.552084255218505904e+00,1.797825481145435944e+00,1.227184567588235353e-02,6.790459752082824707e-01,-1.098721381276845932e-02,2.910910627252706551e+00,0.000000000000000000e+00,1.981468439102172852e+00,-1.255273818969726562e-02
1.304355859756469727e+00,2.001722470917973951e+00,-1.552068996429443404e+00,1.802427423509092907e+00,1.227184567588235353e-02,7.578804492950439453e-01,-1.278282376006245613e-03,2.921619541405188869e+00,0.000000000000000000e+00,1.989243626594543457e+00,-6.756782531738281250e-03
1.310266017913818359e+00,2.005913929143224195e+00,-1.552079486846923873e+00,1.807029365872749871e+00,1.227184567588235353e-02,6.970198750495910645e-01,9.249074384570121765e-03,2.933462685259087266e+00,0.000000000000000000e+00,1.993184328079223633e+00,-1.109600067138671875e-02
1.317278146743774414e+00,2.010890291133199170e+00,-1.552091884613037154e+00,1.810097327448521032e+00,1.227184567588235353e-02,7.573657631874084473e-01,-7.262565195560455322e-04,2.945406901975052172e+00,0.000000000000000000e+00,1.971279621124267578e+00,4.804134368896484375e-03
1.324509859085083008e+00,2.015867398181233838e+00,-1.552079486846923873e+00,1.814699269812177995e+00,1.227184567588235353e-02,7.208946347236633301e-01,-3.031422384083271027e-03,2.957691754322464117e+00,0.000000000000000000e+00,1.987754106521606445e+00,-1.478433609008789062e-02
1.330383539199829102e+00,2.020114676156316236e+00,-1.552033710479736373e+00,1.819301212175834959e+00,1.227184567588235353e-02,7.182430028915405273e-01,7.774392142891883850e-03,2.967591055162711822e+00,0.000000000000000000e+00,1.997479796409606934e+00,-1.131296157836914062e-02
1.337633609771728516e+00,2.025063411393437818e+00,-1.552037048339843794e+00,1.823903154539491922e+00,1.227184567588235353e-02,7.037149667739868164e-01,1.800747215747833252e-02,2.978113203986945123e+00,0.000000000000000000e+00,2.013144731521606445e+00,-1.227378845214843750e-02
1.344606637954711914e+00,2.030031309523854688e+00,-1.552072334289550826e+00,1.826971116115263083e+00,1.227184567588235353e-02,7.106851935386657715e-01,1.711972057819366455e-03,2.991440361685539617e+00,0.000000000000000000e+00,2.037732362747192383e+00,-8.895397186279296875e-03
1.350399494171142578e+00,2.034326450028691724e+00,-1.552074718475341841e+00,1.831573058478920046e+00,1.227184567588235353e-02,7.323126196861267090e-01,-1.006854884326457977e-02,3.001105296618172602e+00,0.000000000000000000e+00,2.045225858688354492e+00,-1.075506210327148438e-02
1.357699632644653320e+00,2.039178595938954786e+00,-1.552095222473144576e+00,1.836175000842577010e+00,1.227184567588235353e-02,6.690668463706970215e-01,-1.205458585172891617e-02,3.013184380583088906e+00,0.000000000000000000e+00,2.069988489151000977e+00,-7.376670837402343750e-03
1.364890575408935547e+00,2.044228539862904981e+00,-1.552081394195556685e+00,1.839242962418348171e+00,1.227184567588235353e-02,7.237557172775268555e-01,-1.267784275114536285e-03,3.025047145110678848e+00,0.000000000000000000e+00,2.075767278671264648e+00,-6.911754608154296875e-03
1.370924472808837891e+00,2.048519299426351026e+00,-1.552066135406494185e+00,1.845378885569890937e+00,1.227184567588235353e-02,7.305182218551635742e-01,-1.848226413130760193e-03,3.033296800509994728e+00,0.000000000000000000e+00,2.104331016540527344e+00,-1.701593399047851562e-02
1.377749204635620117e+00,2.053553716340337232e+00,-1.552084255218505904e+00,1.848446847145662097e+00,1.227184567588235353e-02,6.896556019783020020e-01,-1.356540806591510773e-02,3.046090548302131662e+00,0.000000000000000000e+00,2.105104923248291016e+00,-1.524925231933593750e-02
1.383792877197265625e+00,2.057995096841130689e+00,-1.552053737640380904e+00,1.853048789509319061e+00,1.227184567588235353e-02,7.258961200714111328e-01,1.965692080557346344e-02,3.055909819911713843e+00,0.000000000000000000e+00,2.099676609039306641e+00,-4.525184631347656250e-03
1.391751766204833984e+00,2.063956276574407056e+00,-1.552074241638183638e+00,1.857650731872976024e+00,1.227184567588235353e-02,7.644273638725280762e-01,-2.628378570079803467e-04,3.068776536696676160e+00,0.000000000000000000e+00,2.101825475692749023e+00,-1.571416854858398438e-02
1.397805690765380859e+00,2.068399802842412427e+00,-1.552019405364990279e+00,1.860718693448747185e+00,1.227184567588235353e-02,7.345938682556152344e-01,-4.607112146914005280e-03,3.078520990397419776e+00,0.000000000000000000e+00,2.106051921844482422e+00,-4.060268402099609375e-03
1.403825283050537109e+00,2.072820500531468824e+00,-1.552074718475341841e+00,1.865320635812404149e+00,1.227184567588235353e-02,7.312052249908447266e-01,-1.949898712337017059e-02,3.088152002884221314e+00,0.000000000000000000e+00,2.110457897186279297e+00,1.208782196044921875e-03
1.410862684249877930e+00,2.078069702782903150e+00,-1.552099990844726607e+00,1.869922578176061112e+00,1.227184567588235353e-02,7.341282367706298828e-01,2.322485670447349548e-04,3.099372436249231644e+00,0.000000000000000000e+00,2.097302675247192383e+00,-3.564357757568359375e-03
1.417120695114135742e+00,2.083292380967412427e+00,-1.552070903778076216e+00,1.872990539751832273e+00,1.227184567588235353e-02,7.789778709411621094e-01,1.903446391224861145e-04,3.107695981939949004e+00,0.000000000000000000e+00,2.098112106323242188e+00,-5.517005920410156250e-03
1.424418926239013672e+00,2.088286356129918531e+00,-1.552067565917968794e+00,1.877592482115489236e+00,1.227184567588235353e-02,7.167088389396667480e-01,-1.270502805709838867e-02,3.120804060116137091e+00,0.000000000000000000e+00,2.120867967605590820e+00,-1.555919647216796875e-02
1.430801391601562500e+00,2.092751995721135572e+00,-1.552010822296142623e+00,1.882194424479146200e+00,1.227184567588235353e-02,7.358950972557067871e-01,3.219825029373168945e-02,3.130793193078057257e+00,0.000000000000000000e+00,2.127026319503784180e+00,-2.928972244262695312e-02
1.437958717346191406e+00,2.097718910374913648e+00,-1.552019405364990279e+00,1.886796366842803163e+00,1.227184567588235353e-02,7.113888859748840332e-01,5.695301573723554611e-03,3.141977903332265676e+00,0.000000000000000000e+00,2.140164852142333984e+00,-1.813173294067382812e-02
1.444118022918701172e+00,2.102926150956426099e+00,-1.552060413360595748e+00,1.891398309206460127e+00,1.227184567588235353e-02,7.471597194671630859e-01,1.185719668865203857e-02,3.151513654472128501e+00,0.000000000000000000e+00,2.174494743347167969e+00,-1.224279403686523438e-02
1.450909852981567383e+00,2.108113483586583570e+00,-1.552054691314697310e+00,1.896000251570117090e+00,1.227184567588235353e-02,7.452438473701477051e-01,-1.067585684359073639e-02,3.162014480286551077e+00,0.000000000000000000e+00,2.184379100799560547e+00,-1.404047012329101562e-02
1.457289695739746094e+00,2.112412110963139966e+00,-1.552066612243652388e+00,1.899068213145888251e+00,1.227184567588235353e-02,7.090924382209777832e-01,-2.127600833773612976e-03,3.171792157909177678e+00,0.000000000000000000e+00,2.203696966171264648e+00,9.918212890625000000e-04
1.464181900024414062e+00,2.117705957093511060e+00,-1.552085685729980513e+00,1.903670155509545214e+00,1.227184567588235353e-02,7.429916262626647949e-01,-5.365166813135147095e-03,3.182328683714108486e+00,0.000000000000000000e+00,2.202512025833129883e+00,-8.275508880615234375e-03
1.470340251922607422e+00,2.122118012109075025e+00,-1.552039432525634810e+00,1.908272097873202178e+00,1.227184567588235353e-02,7.357667684555053711e-01,-1.989971846342086792e-03,3.191670273124672885e+00,0.000000000000000000e+00,2.210426807403564453e+00,-5.207061767578125000e-03
1.477259635925292969e+00,2.127273217835698560e+00,-1.552043247222900435e+00,1.912874040236859141e+00,1.227184567588235353e-02,7.438055276870727539e-01,7.498386316001415253e-03,3.202130601840702528e+00,0.000000000000000000e+00,2.219368219375610352e+00,-1.376152038574218750e-02
1.484369993209838867e+00,2.132498578229222730e+00,-1.552118110656738326e+00,1.917475982600516105e+00,1.227184567588235353e-02,7.391532659530639648e-01,-1.859366521239280701e-02,3.212804048541696211e+00,0.000000000000000000e+00,2.203526020050048828e+00,8.492469787597656250e-03
1.491293430328369141e+00,2.137682334580693677e+00,-1.552083301544189498e+00,1.922077924964173068e+00,1.227184567588235353e-02,7.192476987838745117e-01,-1.434795185923576355e-02,3.223136676246176169e+00,0.000000000000000000e+00,2.217357158660888672e+00,-1.252174377441406250e-02
1.497254133224487305e+00,2.142159001031194165e+00,-1.552059459686279341e+00,1.926679867327830031e+00,1.227184567588235353e-02,7.478542327880859375e-01,4.136674106121063232e-04,3.231989720296824853e+00,0.000000000000000000e+00,2.223123311996459961e+00,-6.694793701171875000e-03
1.504426479339599609e+00,2.147247568764958814e+00,-1.551980304718017623e+00,1.931281809691486995e+00,1.227184567588235353e-02,7.288016676902770996e-01,1.378255896270275116e-02,3.242571651500823382e+00,0.000000000000000000e+00,2.230583429336547852e+00,-8.740425109863281250e-03
1.511450529098510742e+00,2.152393416562352613e+00,-1.552048969268798873e+00,1.935883752055143958e+00,1.227184567588235353e-02,7.674838900566101074e-01,2.174394670873880386e-03,3.252891846467129700e+00,0.000000000000000000e+00,2.252204418182373047e+00,-2.231597900390625000e-02
1.517367362976074219e+00,2.156645433106694654e+00,-1.552041339874267623e+00,1.940485694418800477e+00,1.227184567588235353e-02,7.054012417793273926e-01,1.589401252567768097e-02,3.261507077797983545e+00,0.000000000000000000e+00,2.272928237915039062e+00,-3.564357757568359375e-03
1.524542331695556641e+00,2.161885396638188794e+00,-1.552068996429443404e+00,1.945087636782457441e+00,1.227184567588235353e-02,7.273362874984741211e-01,-7.195328362286090851e-03,3.270503896660029941e+00,0.000000000000000000e+00,2.278260707855224609e+00,-1.952648162841796875e-02
1.531547069549560547e+00,2.167208031811986402e+00,-1.552149581909179732e+00,1.949689579146114404e+00,1.227184567588235353e-02,7.535491585731506348e-01,-3.957734629511833191e-02,3.282007376527019904e+00,0.000000000000000000e+00,2.260373830795288086e+00,-7.438659667968750000e-04
1.537551164627075195e+00,2.171576635041509107e+00,-1.552024173736572310e+00,1.954291521509771368e+00,1.227184567588235353e-02,7.284147739410400391e-01,2.531011402606964111e-02,3.289220574230890204e+00,0.000000000000000000e+00,2.280063152313232422e+00,-1.472234725952148438e-02
1.545557260513305664e+00,2.177663580575261548e+00,-1.552015590667724654e+00,1.958893463873428331e+00,1.227184567588235353e-02,7.856631875038146973e-01,1.864385418593883514e-02,3.300612631548836884e+00,0.000000000000000000e+00,2.270437479019165039e+00,-1.128196716308593750e-02
1.550560712814331055e+00,2.181294814744267896e+00,-1.552087116241455123e+00,1.963495406237085295e+00,1.227184567588235353e-02,7.191273570060729980e-01,-1.325212046504020691e-02,3.307720271648567412e+00,0.000000000000000000e+00,2.291219711303710938e+00,-1.276969909667968750e-02
1.557565689086914062e+00,2.186552719273839429e+00,-1.552041339874267623e+00,1.968097348600742258e+00,1.227184567588235353e-02,7.594404816627502441e-01,-4.055715631693601608e-03,3.318948248173564597e+00,0.000000000000000000e+00,2.286075353622436523e+00,-1.676797866821289062e-02
1.564570903778076172e+00,2.191729680695805982e+00,-1.551978397369384810e+00,1.971165310176513419e+00,1.227184567588235353e-02,7.439801096916198730e-01,1.092988066375255585e-02,3.327386560972608986e+00,0.000000000000000000e+00,2.307508468627929688e+00,-1.032114028930664062e-02
1.570574998855590820e+00,2.196197108426366285e+00,-1.552097606658935591e+00,1.977301233328056185e+00,1.227184567588235353e-02,7.377614378929138184e-01,-1.412016153335571289e-02,3.335719399696813525e+00,0.000000000000000000e+00,2.310328960418701172e+00,-1.410245895385742188e-02
1.578580617904663086e+00,2.202088371911321119e+00,-1.551986980438232466e+00,1.981903175691713148e+00,1.227184567588235353e-02,7.580806016921997070e-01,1.228963956236839294e-03,3.346791309660900104e+00,0.000000000000000000e+00,2.332818031311035156e+00,-1.636505126953125000e-02
1.585585594177246094e+00,2.207493321099553540e+00,-1.552080440521240279e+00,1.986505118055370112e+00,1.227184567588235353e-02,7.654735445976257324e-01,-1.377521082758903503e-03,3.356375988545330369e+00,0.000000000000000000e+00,2.347012042999267578e+00,1.735687255859375000e-03
1.590589284896850586e+00,2.211198524632726148e+00,-1.552056598663330123e+00,1.991107060419026631e+00,1.227184567588235353e-02,7.482337951660156250e-01,-2.567134797573089600e-03,3.363204323398470308e+00,0.000000000000000000e+00,2.356328964233398438e+00,-2.020835876464843750e-02
1.597594261169433594e+00,2.216528073945317701e+00,-1.552004146575927779e+00,1.995709002782683594e+00,1.227184567588235353e-02,7.752943038940429688e-01,1.093662343919277191e-02,3.372719641788126221e+00,0.000000000000000000e+00,2.360864162445068359e+00,-1.180887222290039062e-02
1.604599475860595703e+00,2.221835450330052808e+00,-1.552028942108154341e+00,2.000310945146340558e+00,1.227184567588235353e-02,7.158672809600830078e-01,1.932608336210250854e-02,3.382148240018792773e+00,0.000000000000000000e+00,2.382293224334716797e+00,-2.659320831298828125e-02
1.610603570938110352e+00,2.226416186490331128e+00,-1.552007007598876998e+00,2.004912887509997521e+00,1.227184567588235353e-02,7.753009200096130371e-01,-1.150669530034065247e-03,3.390185311812107471e+00,0.000000000000000000e+00,2.386269569396972656e+00,-2.067327499389648438e-02
1.617608547210693359e+00,2.231778041520390943e+00,-1.552018451690673873e+00,2.009514829873654485e+00,1.227184567588235353e-02,7.552836537361145020e-01,1.615841314196586609e-02,3.399491856184244654e+00,0.000000000000000000e+00,2.382810592651367188e+00,-1.751184463500976562e-02
1.624612808227539062e+00,2.237010137238774732e+00,-1.552085208892822310e+00,2.014116772237311448e+00,1.227184567588235353e-02,7.579512596130371094e-01,-1.809910498559474945e-02,3.408726202670335770e+00,0.000000000000000000e+00,2.397910356521606445e+00,-1.875162124633789062e-02
1.630617141723632812e+00,2.241786615052495435e+00,-1.552033710479736373e+00,2.020252695388854214e+00,1.227184567588235353e-02,8.097324371337890625e-01,2.853422984480857849e-02,3.416584050314599441e+00,0.000000000000000000e+00,2.394238710403442383e+00,-1.528024673461914062e-02
1.637622356414794922e+00,2.247064606347356275e+00,-1.552017021179199263e+00,2.024854637752510733e+00,1.227184567588235353e-02,7.496832609176635742e-01,-1.531689427793025970e-03,3.425746525882664262e+00,0.000000000000000000e+00,2.404815673828125000e+00,-8.120536804199218750e-03
1.643626689910888672e+00,2.251731888451848462e+00,-1.551995563507080123e+00,2.029456580116167697e+00,1.227184567588235353e-02,7.745751142501831055e-01,3.380157984793186188e-03,3.433492496453338205e+00,0.000000000000000000e+00,2.387442111968994141e+00,-1.806974411010742188e-02
1.650631904602050781e+00,2.257104710736546949e+00,-1.552081871032714888e+00,2.034058522479824660e+00,1.227184567588235353e-02,7.561821341514587402e-01,-2.695462480187416077e-02,3.442515031522716651e+00,0.000000000000000000e+00,2.383470058441162109e+00,-1.177787780761718750e-03
1.657636880874633789e+00,2.262589053311620191e+00,-1.552007961273193404e+00,2.038660464843481623e+00,1.227184567588235353e-02,7.864758968353271484e-01,1.172644644975662231e-02,3.451422693274885933e+00,0.000000000000000000e+00,2.400693416595458984e+00,-2.253293991088867188e-02
1.664641857147216797e+00,2.267944471040044263e+00,-1.552033233642578169e+00,2.044796387995024389e+00,1.227184567588235353e-02,7.643325328826904297e-01,1.742101972922682762e-03,3.460304327075025110e+00,0.000000000000000000e+00,2.403059005737304688e+00,-1.921653747558593750e-02
1.670645952224731445e+00,2.272615210213933423e+00,-1.552077102661132857e+00,2.050932311146566711e+00,1.227184567588235353e-02,7.730910181999206543e-01,-1.362443342804908752e-02,3.467833956890809421e+00,0.000000000000000000e+00,2.420315742492675781e+00,-4.649162292480468750e-04
1.678651571273803711e+00,2.278922156491551831e+00,-1.552076148986816451e+00,2.055534253510223675e+00,1.227184567588235353e-02,7.830618023872375488e-01,-1.082467846572399139e-02,3.477803706046866061e+00,0.000000000000000000e+00,2.434877157211303711e+00,-1.639604568481445312e-02
1.683654785156250000e+00,2.282916502156529859e+00,-1.552009868621826216e+00,2.060136195873880638e+00,1.227184567588235353e-02,8.187351226806640625e-01,-1.578430645167827606e-03,3.483991163507637268e+00,0.000000000000000000e+00,2.439842224121093750e+00,-1.958847045898437500e-02
1.690659761428833008e+00,2.288274065652165845e+00,-1.552027988433837935e+00,2.066272119025423404e+00,1.227184567588235353e-02,7.834156751632690430e-01,-1.211856305599212646e-02,3.492616599988653370e+00,0.000000000000000000e+00,2.460265636444091797e+00,-1.952648162841796875e-02
1.697665214538574219e+00,2.293787554898534253e+00,-1.552048969268798873e+00,2.069340080601194565e+00,1.227184567588235353e-02,7.667859196662902832e-01,1.085360720753669739e-02,3.501158575587016042e+00,0.000000000000000000e+00,2.478966236114501953e+00,-1.689195632934570312e-02
1.703669309616088867e+00,2.298513547578130201e+00,-1.552113819122314498e+00,2.075476003752736887e+00,1.227184567588235353e-02,8.020098209381103516e-01,-2.301871590316295624e-02,3.508455407910370027e+00,0.000000000000000000e+00,2.476692199707031250e+00,1.137495040893554688e-02
1.710674524307250977e+00,2.304150001206670240e+00,-1.552087116241455123e+00,2.080077946116393850e+00,1.227184567588235353e-02,7.818037867546081543e-01,-2.037141844630241394e-02,3.516874208599709561e+00,0.000000000000000000e+00,2.468026161193847656e+00,-1.208782196044921875e-02
1.717679262161254883e+00,2.309704558053288892e+00,-1.552057552337646529e+00,2.084679888480050813e+00,1.227184567588235353e-02,8.026003241539001465e-01,-6.863119546324014664e-03,3.525224416479805445e+00,0.000000000000000000e+00,2.466774463653564453e+00,-1.019716262817382812e-02
1.724684238433837891e+00,2.315403954186711744e+00,-1.551964569091796919e+00,2.090815811631593579e+00,1.227184567588235353e-02,8.336750268936157227e-01,3.593016788363456726e-02,3.533503480275771214e+00,0.000000000000000000e+00,2.460966587066650391e+00,-1.562118530273437500e-02
1.730688571929931641e+00,2.320084826150212720e+00,-1.552019882202148482e+00,2.096951734783135901e+00,1.227184567588235353e-02,7.770805954933166504e-01,-2.367319539189338684e-04,3.540552836674732085e+00,0.000000000000000000e+00,2.469544887542724609e+00,1.549720764160156250e-03
1.737693548202514648e+00,2.325699643292699292e+00,-1.552052307128906294e+00,2.101553677146792865e+00,1.227184567588235353e-02,8.082169294357299805e-01,-6.191577296704053879e-03,3.548729477192610560e+00,0.000000000000000000e+00,2.481073141098022461e+00,-1.806974411010742188e-02
1.743698120117187500e+00,2.330481962361607984e+00,-1.552064228057861373e+00,2.106155619510449828e+00,1.227184567588235353e-02,8.158688545227050781e-01,-5.863787606358528137e-03,3.555649779557095158e+00,0.000000000000000000e+00,2.484527826309204102e+00,-1.546621322631835938e-02
1.750703096389770508e+00,2.336132423081670240e+00,-1.552063274383544966e+00,2.112291542661992594e+00,1.227184567588235353e-02,8.177216649055480957e-01,-5.932850763201713562e-03,3.564822140382226667e+00,0.000000000000000000e+00,2.475261211395263672e+00,-3.781318664550781250e-03
1.758708715438842773e+00,2.342471198239598706e+00,-1.551977443695068404e+00,2.116893485025649557e+00,1.227184567588235353e-02,8.262901306152343750e-01,1.255618035793304443e-02,3.572779067491369531e+00,0.000000000000000000e+00,2.490043640136718750e+00,-1.314163208007812500e-02
1.764712572097778320e+00,2.347282783189092115e+00,-1.551990795135498091e+00,2.121495427389306521e+00,1.227184567588235353e-02,8.017469048500061035e-01,-1.247322186827659607e-03,3.579554280776846120e+00,0.000000000000000000e+00,2.506449222564697266e+00,-2.321481704711914062e-02
1.771742582321166992e+00,2.353671089806828931e+00,-1.552021312713623091e+00,2.127631350540848842e+00,1.227184567588235353e-02,7.968636155128479004e-01,6.684674881398677826e-03,3.588479782386944095e+00,0.000000000000000000e+00,2.527252435684204102e+00,-1.834869384765625000e-02
1.777722120285034180e+00,2.357697025933537915e+00,-1.552004623413085982e+00,2.133767273692391608e+00,1.227184567588235353e-02,8.139977455139160156e-01,8.546826429665088654e-03,3.594047081474673888e+00,0.000000000000000000e+00,2.529584884643554688e+00,-1.574516296386718750e-02
1.783416271209716797e+00,2.362477616467748120e+00,-1.552041339874267623e+00,2.139903196843933930e+00,1.227184567588235353e-02,8.050937056541442871e-01,3.677234053611755371e-04,3.601341380673767745e+00,0.000000000000000000e+00,2.539894580841064453e+00,-2.259492874145507812e-02
1.790897130966186523e+00,2.368169740834508374e+00,-1.551991271972656294e+00,2.142971158419705091e+00,1.227184567588235353e-02,8.166065216064453125e-01,1.361683011054992676e-02,3.609486038370992134e+00,0.000000000000000000e+00,2.542406320571899414e+00,-6.911754608154296875e-03
1.798074960708618164e+00,2.373773709931645826e+00,-1.552029418945312544e+00,2.147573100783362055e+00,1.227184567588235353e-02,8.104531168937683105e-01,-1.006427407264709473e-02,3.616151342408540970e+00,0.000000000000000000e+00,2.533615112304687500e+00,-3.214120864868164062e-02
1.803934097290039062e+00,2.379342333474431470e+00,-1.552050399780273482e+00,2.153709023934904820e+00,1.227184567588235353e-02,7.988706231117248535e-01,-1.505759544670581818e-02,3.623482911960761221e+00,0.000000000000000000e+00,2.542306184768676758e+00,-6.570816040039062500e-03
1.811162233352661133e+00,2.384929136433873609e+00,-1.552036571502685591e+00,2.159844947086447142e+00,1.227184567588235353e-02,7.929832339286804199e-01,-8.654762059450149536e-03,3.630087982480860287e+00,0.000000000000000000e+00,2.575238227844238281e+00,-1.822471618652343750e-02
1.816902637481689453e+00,2.389771954217229322e+00,-1.551976966857910201e+00,2.164446889450104106e+00,1.227184567588235353e-02,7.865622639656066895e-01,4.275782033801078796e-03,3.637165671564990266e+00,0.000000000000000000e+00,2.573339939117431641e+00,-2.054929733276367188e-02
1.824372053146362305e+00,2.395369128384862378e+00,-1.552024173736572310e+00,2.170582812601646872e+00,1.227184567588235353e-02,7.835043072700500488e-01,-2.739676972851157188e-03,3.644958011725043079e+00,0.000000000000000000e+00,2.586445331573486328e+00,-1.934051513671875000e-02
1.830219268798828125e+00,2.400308028855596021e+00,-1.552013206481933638e+00,2.175184754965303835e+00,1.227184567588235353e-02,8.090928196907043457e-01,1.468938309699296951e-02,3.650964123318935606e+00,0.000000000000000000e+00,2.596175193786621094e+00,-1.484632492065429688e-02
1.837435483932495117e+00,2.406121687093053296e+00,-1.551986980438232466e+00,2.179786697328960798e+00,1.227184567588235353e-02,8.258981704711914062e-01,-3.153912723064422607e-03,3.658362494572871881e+00,0.000000000000000000e+00,2.577036619186401367e+00,-1.717090606689453125e-02
1.843647480010986328e+00,2.410884932675633863e+00,-1.552037525177001998e+00,2.185922620480503120e+00,1.227184567588235353e-02,8.121703267097473145e-01,-9.935492649674415588e-03,3.664620313951428621e+00,0.000000000000000000e+00,2.592637062072753906e+00,-1.007318496704101562e-02
1.851536989212036133e+00,2.417393461861882642e+00,-1.552037048339843794e+00,2.190524562844160084e+00,1.227184567588235353e-02,7.747405171394348145e-01,-1.542055048048496246e-02,3.672538697921985840e+00,0.000000000000000000e+00,2.597422599792480469e+00,-2.014636993408203125e-02
1.857793807983398438e+00,2.422250525155339673e+00,-1.552027511596679732e+00,2.195126505207817047e+00,1.227184567588235353e-02,8.038566112518310547e-01,5.782828666269779205e-04,3.677739800057044484e+00,0.000000000000000000e+00,2.601044178009033203e+00,-1.875162124633789062e-02
1.863736629486083984e+00,2.427115158238683179e+00,-1.552033233642578169e+00,2.201262428359359813e+00,1.227184567588235353e-02,7.927469015121459961e-01,9.779771789908409119e-04,3.683609187456895917e+00,0.000000000000000000e+00,2.604832649230957031e+00,-5.733966827392578125e-03
1.870689392089843750e+00,2.432870999970708326e+00,-1.552057552337646529e+00,2.205864370723016776e+00,1.227184567588235353e-02,8.184450864791870117e-01,-1.718384400010108948e-02,3.691332974798087196e+00,0.000000000000000000e+00,2.613102197647094727e+00,-5.052089691162109375e-03
1.877750396728515625e+00,2.438574687638555005e+00,-1.551915454864501998e+00,2.210466313086673740e+00,1.227184567588235353e-02,8.165811300277709961e-01,2.101992815732955933e-02,3.698138323545990147e+00,0.000000000000000000e+00,2.620787620544433594e+00,-2.997159957885742188e-02
1.883743286132812500e+00,2.443309501805577710e+00,-1.551995563507080123e+00,2.216602236238216062e+00,1.227184567588235353e-02,7.758206129074096680e-01,-5.772151984274387360e-03,3.703847510771815177e+00,0.000000000000000000e+00,2.636609077453613281e+00,-2.402067184448242188e-02
1.890789270401000977e+00,2.449255839982305005e+00,-1.552015590667724654e+00,2.222738159389758827e+00,1.227184567588235353e-02,8.186945319175720215e-01,6.830319762229919434e-05,3.710499761302033406e+00,0.000000000000000000e+00,2.632174015045166016e+00,-9.329319000244140625e-03
1.896862745285034180e+00,2.454191283383641675e+00,-1.552056598663330123e+00,2.227340101753415791e+00,1.227184567588235353e-02,8.396657705307006836e-01,-1.842834427952766418e-02,3.716174602929606330e+00,0.000000000000000000e+00,2.653415203094482422e+00,-1.078605651855468750e-02
1.903853178024291992e+00,2.460057930150304273e+00,-1.552012729644775435e+00,2.233476024904958113e+00,1.227184567588235353e-02,8.352806568145751953e-01,-8.176695555448532104e-04,3.722635500559114519e+00,0.000000000000000000e+00,2.645095586776733398e+00,-2.547740936279296875e-02
1.911926507949829102e+00,2.466698066392217115e+00,-1.551982212066650435e+00,2.238077967268615076e+00,1.227184567588235353e-02,8.250184059143066406e-01,-3.504778025671839714e-03,3.730030767017509241e+00,0.000000000000000000e+00,2.665469169616699219e+00,-1.689195632934570312e-02
1.916828870773315430e+00,2.470766977467809156e+00,-1.552001285552978560e+00,2.244213890420157842e+00,1.227184567588235353e-02,8.110131025314331055e-01,3.156486898660659790e-03,3.734441697626522227e+00,0.000000000000000000e+00,2.683848142623901367e+00,-2.045631408691406250e-02
1.923852443695068359e+00,2.476611689725194410e+00,-1.551952648162841841e+00,2.248815832783814361e+00,1.227184567588235353e-02,8.124308586120605469e-01,1.449965685606002808e-02,3.740746073957442075e+00,0.000000000000000000e+00,2.692263603210449219e+00,-2.935171127319335938e-02
1.930920839309692383e+00,2.483232156434331372e+00,-1.552040863037109419e+00,2.253417775147471325e+00,1.227184567588235353e-02,8.490195870399475098e-01,-2.195616438984870911e-02,3.746981355955658177e+00,0.000000000000000000e+00,2.678424119949340820e+00,-1.645803451538085938e-02
1.936963319778442383e+00,2.488186434903417066e+00,-1.551911640167236373e+00,2.259553698299014091e+00,1.227184567588235353e-02,8.402189612388610840e-01,9.105149656534194946e-03,3.752293527912086812e+00,0.000000000000000000e+00,2.686443328857421875e+00,-2.894878387451171875e-02
1.944908380508422852e+00,2.494959906735692456e+00,-1.551979351043701216e+00,2.264155640662671054e+00,1.227184567588235353e-02,8.734760880470275879e-01,5.314292386174201965e-03,3.759141133530276679e+00,0.000000000000000000e+00,2.666925191879272461e+00,-2.482652664184570312e-02
1.951932907104492188e+00,2.499945477643285230e+00,-1.552007961273193404e+00,2.270291563814213376e+00,1.227184567588235353e-02,8.465925455093383789e-01,-1.229125633835792542e-02,3.765150673331523201e+00,0.000000000000000000e+00,2.648537635803222656e+00,-2.516746520996093750e-02
1.957938671112060547e+00,2.504953757920537427e+00,-1.551983165740966841e+00,2.276427486965756142e+00,1.227184567588235353e-02,8.349868655204772949e-01,1.049777213484048843e-02,3.769401153716810615e+00,0.000000000000000000e+00,2.651529312133789062e+00,-1.332759857177734375e-02
1.964016437530517578e+00,2.509967044987950757e+00,-1.552003192901611373e+00,2.281029429329413105e+00,1.227184567588235353e-02,8.516511321067810059e-01,-6.361573003232479095e-03,3.775297324646232688e+00,0.000000000000000000e+00,2.665777683258056641e+00,-2.042531967163085938e-02
1.972083806991577148e+00,2.517449275651250318e+00,-1.551976490020751998e+00,2.285631371693070069e+00,1.227184567588235353e-02,8.197757005691528320e-01,3.272246569395065308e-03,3.781940176851561475e+00,0.000000000000000000e+00,2.691187381744384766e+00,-1.934051513671875000e-02
1.977828979492187500e+00,2.521519974866185620e+00,-1.551978397369384810e+00,2.291767294844612390e+00,1.227184567588235353e-02,8.141462206840515137e-01,-1.158799882978200912e-02,3.785797435290068513e+00,0.000000000000000000e+00,2.718632698059082031e+00,-1.971244812011718750e-02
1.984769344329833984e+00,2.527285532155309156e+00,-1.552042293548584029e+00,2.297903217996155156e+00,1.227184567588235353e-02,7.924476265907287598e-01,-1.152684818953275681e-02,3.791428148650873187e+00,0.000000000000000000e+00,2.745056152343750000e+00,-1.884460449218750000e-02
1.990688323974609375e+00,2.532444373765263990e+00,-1.551986026763916060e+00,2.302505160359812120e+00,1.227184567588235353e-02,8.470665216445922852e-01,-1.255795359611511230e-05,3.796906874268000998e+00,0.000000000000000000e+00,2.735063552856445312e+00,-1.574516296386718750e-02
1.997762203216552734e+00,2.538284496465001538e+00,-1.551974105834960982e+00,2.307107102723469083e+00,1.227184567588235353e-02,8.372561931610107422e-01,8.787650614976882935e-03,3.802467105586546658e+00,0.000000000000000000e+00,2.752850055694580078e+00,-3.254413604736328125e-03
2.003784418106079102e+00,2.543332056203160718e+00,-1.552022743225097701e+00,2.311709045087126047e+00,1.227184567588235353e-02,8.335444927215576172e-01,-1.719157397747039795e-02,3.807129659698628377e+00,0.000000000000000000e+00,2.751047611236572266e+00,-1.091003417968750000e-02
2.011921644210815430e+00,2.550035671391759351e+00,-1.551989841461181685e+00,2.317844968238668368e+00,1.227184567588235353e-02,8.138415813446044922e-01,-7.467608898878097534e-03,3.812606666153866453e+00,0.000000000000000000e+00,2.729793787002563477e+00,-2.845287322998046875e-02
2.017023324966430664e+00,2.554250077405248120e+00,-1.552049922943115279e+00,2.322446910602325332e+00,1.227184567588235353e-02,8.577297925949096680e-01,-1.879117265343666077e-02,3.817202079541383242e+00,0.000000000000000000e+00,2.732806205749511719e+00,-2.879381179809570312e-02
2.024059057235717773e+00,2.560921088853154615e+00,-1.551912593841552779e+00,2.330116814541753456e+00,1.227184567588235353e-02,8.366355299949645996e-01,1.908741705119609833e-02,3.821716242523715668e+00,0.000000000000000000e+00,2.738701820373535156e+00,-2.265691757202148438e-02
2.030919551849365234e+00,2.566719130673680738e+00,-1.552007484436035201e+00,2.333184776117524617e+00,1.227184567588235353e-02,8.254963159561157227e-01,-8.854275569319725037e-03,3.827490745746619627e+00,0.000000000000000000e+00,2.746658325195312500e+00,-1.893758773803710938e-02
2.037850379943847656e+00,2.571561292805943921e+00,-1.551962661743164107e+00,2.339320699269067383e+00,1.227184567588235353e-02,8.074838519096374512e-01,-8.216326124966144562e-03,3.832540595913016546e+00,0.000000000000000000e+00,2.754619121551513672e+00,-3.623247146606445312e-02
2.043924808502197266e+00,2.577470616498265699e+00,-1.551891613006591841e+00,2.345456622420610149e+00,1.227184567588235353e-02,8.338636755943298340e-01,2.002099901437759399e-02,3.836857398218326054e+00,0.000000000000000000e+00,2.763339281082153320e+00,-2.677917480468750000e-02
2.051850557327270508e+00,2.583285288014684156e+00,-1.551977443695068404e+00,2.350058564784266668e+00,1.227184567588235353e-02,8.490303754806518555e-01,4.119008779525756836e-03,3.842454766268761812e+00,0.000000000000000000e+00,2.772651910781860352e+00,-1.419544219970703125e-02
2.057978630065917969e+00,2.588208393254552320e+00,-1.551964569091796919e+00,2.356194487935809434e+00,1.227184567588235353e-02,8.327234983444213867e-01,-5.403374787420034409e-03,3.846693531192898696e+00,0.000000000000000000e+00,2.767753601074218750e+00,-1.490831375122070312e-02
2.063939571380615234e+00,2.593991355099950269e+00,-1.551933574676513716e+00,2.362330411087352200e+00,1.227184567588235353e-02,8.024135231971740723e-01,1.604429818689823151e-02,3.850789342950596161e+00,0.000000000000000000e+00,2.777475118637084961e+00,-1.983642578125000000e-02
2.071977615356445312e+00,2.600745991864476636e+00,-1.551934528350830123e+00,2.366932353451008719e+00,1.227184567588235353e-02,8.481132984161376953e-01,-9.551596827805042267e-03,3.856196520996853838e+00,0.000000000000000000e+00,2.777233123779296875e+00,-2.237796783447265625e-02
2.076938629150390625e+00,2.604864672818456128e+00,-1.552056598663330123e+00,2.371534295814665683e+00,1.227184567588235353e-02,8.303110003471374512e-01,-2.905431948602199554e-02,3.859496875716858622e+00,0.000000000000000000e+00,2.784543037414550781e+00,-1.342058181762695312e-02
2.083920478820800781e+00,2.610494450726781324e+00,-1.551962184906005904e+00,2.377670218966208449e+00,1.227184567588235353e-02,8.146100640296936035e-01,-1.245663501322269440e-03,3.864060622767714559e+00,0.000000000000000000e+00,2.809910774230957031e+00,-2.817392349243164062e-02
2.092074632644653320e+00,2.617126659550939038e+00,-1.551924037933349654e+00,2.382272161329865412e+00,1.227184567588235353e-02,8.142327070236206055e-01,6.107917055487632751e-03,3.869303373491233877e+00,0.000000000000000000e+00,2.815918922424316406e+00,-1.797676086425781250e-02
2.096952676773071289e+00,2.621343688168797925e+00,-1.551975536346435591e+00,2.388408084481407734e+00,1.227184567588235353e-02,8.502759337425231934e-01,-3.289015963673591614e-03,3.872398877445232035e+00,0.000000000000000000e+00,2.809443473815917969e+00,-2.340078353881835938e-02
2.103905677795410156e+00,2.627126650014195874e+00,-1.551949787139892623e+00,2.394544007632950500e+00,1.227184567588235353e-02,8.539553284645080566e-01,2.920459955930709839e-03,3.876736432770402807e+00,0.000000000000000000e+00,2.820500135421752930e+00,-2.913475036621093750e-02
2.111050128936767578e+00,2.633054093518529370e+00,-1.551982688903808638e+00,2.397611969208721661e+00,1.227184567588235353e-02,8.584440946578979492e-01,-1.174807827919721603e-02,3.881133556303866694e+00,0.000000000000000000e+00,2.824664115905761719e+00,-9.360313415527343750e-03
2.116943359375000000e+00,2.638043717541966870e+00,-1.551886844635009810e+00,2.403747892360264427e+00,1.227184567588235353e-02,8.556406497955322266e-01,2.070163935422897339e-02,3.884675482476533936e+00,0.000000000000000000e+00,2.828994989395141602e+00,-3.192424774169921875e-02
2.124201297760009766e+00,2.643819765248570874e+00,-1.551914501190185591e+00,2.409883815511806748e+00,1.227184567588235353e-02,8.321055173873901367e-01,1.150071062147617340e-02,3.888405731540150789e+00,0.000000000000000000e+00,2.834560871124267578e+00,-2.197504043579101562e-02
2.131197452545166016e+00,2.649679021039281324e+00,-1.551926898956298873e+00,2.414485757875463712e+00,1.227184567588235353e-02,8.209985494613647461e-01,1.910687237977981567e-02,3.893056289110015999e+00,0.000000000000000000e+00,2.843931913375854492e+00,-3.021955490112304688e-02
2.138171672821044922e+00,2.655564026036534742e+00,-1.551972675323486373e+00,2.420621681027006478e+00,1.227184567588235353e-02,8.535450100898742676e-01,-1.667066290974617004e-02,3.897068260706119336e+00,0.000000000000000000e+00,2.837865352630615234e+00,-3.254413604736328125e-03
2.144193649291992188e+00,2.660438255467687085e+00,-1.551955509185791060e+00,2.426757604178548799e+00,1.227184567588235353e-02,8.163764476776123047e-01,1.151162385940551758e-02,3.900427800879796347e+00,0.000000000000000000e+00,2.847119569778442383e+00,-2.281188964843750000e-02
2.150240421295166016e+00,2.665349082150731519e+00,-1.551985549926757857e+00,2.432893527330091565e+00,1.227184567588235353e-02,8.122718334197998047e-01,-4.053670912981033325e-02,3.903796542574858641e+00,0.000000000000000000e+00,2.863692045211791992e+00,-1.540422439575195312e-02
2.158011674880981445e+00,2.671058015027318433e+00,-1.551972198486328169e+00,2.437495469693748529e+00,1.227184567588235353e-02,8.154674768447875977e-01,1.334461569786071777e-02,3.907982266150439532e+00,0.000000000000000000e+00,2.846552133560180664e+00,-1.252174377441406250e-02
2.164824962615966797e+00,2.676876858868871167e+00,-1.551938819885253951e+00,2.443631392845290851e+00,1.227184567588235353e-02,8.408470749855041504e-01,-1.417115796357393265e-02,3.911607149050499110e+00,0.000000000000000000e+00,2.848488092422485352e+00,-2.290487289428710938e-02
2.171128988265991211e+00,2.682699398198399976e+00,-1.552004146575927779e+00,2.449767315996833617e+00,1.227184567588235353e-02,8.234176635742187500e-01,-3.679679706692695618e-03,3.914360307684508822e+00,0.000000000000000000e+00,2.851475477218627930e+00,-2.324581146240234375e-03
2.176948070526123047e+00,2.687672690549169019e+00,-1.551969814300537154e+00,2.455903239148375938e+00,1.227184567588235353e-02,8.184244036674499512e-01,1.475842855870723724e-02,3.917865258912413662e+00,0.000000000000000000e+00,2.855939865112304688e+00,-4.351615905761718750e-02
2.184165716171264648e+00,2.693451956906590894e+00,-1.551935482025146529e+00,2.460505181512032902e+00,1.227184567588235353e-02,8.184007406234741211e-01,-7.458888925611972809e-03,3.921474011940847326e+00,0.000000000000000000e+00,2.854421138763427734e+00,-1.676797866821289062e-02
2.191111803054809570e+00,2.699134186902318433e+00,-1.551951694488525435e+00,2.465107123875689865e+00,1.227184567588235353e-02,8.098138570785522461e-01,1.864449307322502136e-02,3.924877064336030674e+00,0.000000000000000000e+00,2.885129451751708984e+00,-2.408266067504882812e-02
2.196934461593627930e+00,2.704170183339391187e+00,-1.551972675323486373e+00,2.471243047027232631e+00,1.227184567588235353e-02,8.503849506378173828e-01,-9.548604488372802734e-03,3.927675611645015330e+00,0.000000000000000000e+00,2.892022132873535156e+00,-1.410245895385742188e-02
2.205083131790161133e+00,2.710741118588719800e+00,-1.551960277557373091e+00,2.475844989390889594e+00,1.227184567588235353e-02,8.232062458992004395e-01,3.353003412485122681e-04,3.931493551860681279e+00,0.000000000000000000e+00,2.900792360305786133e+00,-3.000259399414062500e-02
2.211097717285156250e+00,2.715704754987035230e+00,-1.551984119415283248e+00,2.481980912542431916e+00,1.227184567588235353e-02,8.326314091682434082e-01,-9.987296536564826965e-03,3.934267725473453048e+00,0.000000000000000000e+00,2.915245294570922852e+00,-9.763240814208984375e-03
2.216943740844726562e+00,2.720656112828526929e+00,-1.551923084259033248e+00,2.488116835693974682e+00,1.227184567588235353e-02,8.163509368896484375e-01,1.193634234368801117e-02,3.936877863178979808e+00,0.000000000000000000e+00,2.919058799743652344e+00,-3.245115280151367188e-02
2.224230289459228516e+00,2.726658300557408765e+00,-1.551956462860107466e+00,2.492718778057631646e+00,1.227184567588235353e-02,8.743841648101806641e-01,-1.259129494428634644e-02,3.939654173568788664e+00,0.000000000000000000e+00,2.899415493011474609e+00,-2.228498458862304688e-02
2.231147289276123047e+00,2.732501224675450757e+00,-1.551977920532226607e+00,2.497320720421288609e+00,1.227184567588235353e-02,8.484148383140563965e-01,1.881536468863487244e-02,3.943033783919913215e+00,0.000000000000000000e+00,2.873588800430297852e+00,-1.670598983764648438e-02
2.237296581268310547e+00,2.737443164983067945e+00,-1.551950263977050826e+00,2.503456643572830931e+00,1.227184567588235353e-02,8.123342990875244141e-01,-3.539552912116050720e-03,3.945207754783018217e+00,0.000000000000000000e+00,2.893841266632080078e+00,-1.884460449218750000e-02
2.244351148605346680e+00,2.743286208310399488e+00,-1.551921176910400435e+00,2.509592566724373697e+00,1.227184567588235353e-02,8.172131180763244629e-01,8.273508399724960327e-03,3.948477402340427211e+00,0.000000000000000000e+00,2.868406772613525391e+00,-2.975463867187500000e-02
2.250309944152832031e+00,2.748217538991246656e+00,-1.551989841461181685e+00,2.514194509088030660e+00,1.227184567588235353e-02,8.096936941146850586e-01,-7.673335261642932892e-03,3.950872198256570655e+00,0.000000000000000000e+00,2.866879701614379883e+00,-1.004219055175781250e-02
2.257934331893920898e+00,2.754737333455357984e+00,-1.551913547515869185e+00,2.520330432239572982e+00,1.227184567588235353e-02,8.242149353027343750e-01,1.983841322362422943e-02,3.953795469394465911e+00,0.000000000000000000e+00,2.880164384841918945e+00,-3.344297409057617188e-02
2.264154672622680664e+00,2.759551600613866285e+00,-1.551955032348632857e+00,2.524932374603229945e+00,1.227184567588235353e-02,8.024059534072875977e-01,6.410283967852592468e-04,3.955782862609969808e+00,0.000000000000000000e+00,2.898522615432739258e+00,-1.060009002685546875e-02
2.270980358123779297e+00,2.765222267308507398e+00,-1.552061843872070357e+00,2.531068297754772711e+00,1.227184567588235353e-02,8.079092502593994141e-01,-2.958503551781177521e-02,3.958631919882555916e+00,0.000000000000000000e+00,2.914836406707763672e+00,-1.999139785766601562e-02
2.277606248855590820e+00,2.770046786465917066e+00,-1.551937866210937544e+00,2.535670240118429231e+00,1.227184567588235353e-02,7.962200045585632324e-01,1.796034537255764008e-02,3.960647108717089804e+00,0.000000000000000000e+00,2.926969528198242188e+00,-1.118898391723632812e-02
2.284131050109863281e+00,2.775776342549596265e+00,-1.551934528350830123e+00,2.541806163269971996e+00,1.227184567588235353e-02,8.290531635284423828e-01,7.001847960054874420e-03,3.963238895989921406e+00,0.000000000000000000e+00,2.939836978912353516e+00,-2.491950988769531250e-02
2.290754556655883789e+00,2.780656770863805249e+00,-1.551926422119140669e+00,2.547942086421514762e+00,1.227184567588235353e-02,8.231084942817687988e-01,1.455427892506122589e-02,3.965456021505024520e+00,0.000000000000000000e+00,2.936524152755737305e+00,-2.845287322998046875e-02
2.297394275665283203e+00,2.786453203358922437e+00,-1.552024173736572310e+00,2.554078009573057084e+00,1.227184567588235353e-02,8.285843133926391602e-01,-1.340757496654987335e-02,3.967612504393196460e+00,0.000000000000000000e+00,2.936123609542846680e+00,-1.053810119628906250e-02
2.304404735565185547e+00,2.792355732121739820e+00,-1.551926898956298873e+00,2.558679951936714048e+00,1.227184567588235353e-02,8.650610446929931641e-01,1.563583686947822571e-02,3.969803138502705941e+00,0.000000000000000000e+00,2.934154272079467773e+00,-2.079725265502929688e-02
2.310945510864257812e+00,2.798173383870397046e+00,-1.552012252807617232e+00,2.564815875088256814e+00,1.227184567588235353e-02,8.181960582733154297e-01,-3.031994402408599854e-02,3.971799394929715898e+00,0.000000000000000000e+00,2.907226085662841797e+00,-2.123117446899414062e-02
2.316967487335205078e+00,2.803225473561559156e+00,-1.551914024353027388e+00,2.569417817451913777e+00,1.227184567588235353e-02,8.494005203247070312e-01,2.075307443737983704e-02,3.973549740058611501e+00,0.000000000000000000e+00,2.897062301635742188e+00,-2.213001251220703125e-02
2.324326992034912109e+00,2.809011534848485425e+00,-1.552015590667724654e+00,2.575553740603456099e+00,1.227184567588235353e-02,8.516212105751037598e-01,-1.746949926018714905e-02,3.975651611068880431e+00,0.000000000000000000e+00,2.920594215393066406e+00,-9.825229644775390625e-03
2.330390453338623047e+00,2.813951448598180249e+00,-1.551930713653564498e+00,2.580155682967113062e+00,1.227184567588235353e-02,8.058379888534545898e-01,1.914460211992263794e-02,3.977010851227203325e+00,0.000000000000000000e+00,2.912266254425048828e+00,-2.219200134277343750e-02
2.337326288223266602e+00,2.819786504903111890e+00,-1.551969814300537154e+00,2.586291606118655828e+00,1.227184567588235353e-02,8.136323690414428711e-01,-1.421644352376461029e-03,3.979122363254875783e+00,0.000000000000000000e+00,2.914485931396484375e+00,-2.367973327636718750e-02
2.344935178756713867e+00,2.826567606129918531e+00,-1.551917362213134810e+00,2.590893548482312347e+00,1.227184567588235353e-02,8.251293301582336426e-01,1.782519742846488953e-02,3.981000173586576096e+00,0.000000000000000000e+00,2.921645641326904297e+00,-1.837968826293945312e-02
2.350436449050903320e+00,2.830693558850560620e+00,-1.551977443695068404e+00,2.597029471633855113e+00,1.227184567588235353e-02,8.159567117691040039e-01,-3.884037956595420837e-03,3.982280967934088700e+00,0.000000000000000000e+00,2.918174266815185547e+00,-1.503229141235351562e-02
2.357934236526489258e+00,2.837475017705235913e+00,-1.551936435699462935e+00,2.603165394785397879e+00,1.227184567588235353e-02,8.484011292457580566e-01,8.640811778604984283e-03,3.984046484809870670e+00,0.000000000000000000e+00,2.904981374740600586e+00,-2.256393432617187500e-02
2.364272594451904297e+00,2.842435077824864820e+00,-1.552017974853515669e+00,2.607767337149054399e+00,1.227184567588235353e-02,8.347338438034057617e-01,-1.567544788122177124e-02,3.985448479672432764e+00,0.000000000000000000e+00,2.919025421142578125e+00,-1.208782196044921875e-02
2.371265172958374023e+00,2.848267869153294995e+00,-1.551946926116943404e+00,2.615437241088482967e+00,1.227184567588235353e-02,8.396261334419250488e-01,1.345897093415260315e-03,3.986896127445976212e+00,0.000000000000000000e+00,2.937158346176147461e+00,-2.271890640258789062e-02
2.377194643020629883e+00,2.853105024495397046e+00,-1.551962661743164107e+00,2.620039183452139930e+00,1.227184567588235353e-02,8.153346776962280273e-01,7.386264391243457794e-03,3.988080497041757599e+00,0.000000000000000000e+00,2.934805154800415039e+00,-2.820491790771484375e-02
2.384161472320556641e+00,2.858869151273045972e+00,-1.551932621002197310e+00,2.626175106603682252e+00,1.227184567588235353e-02,8.289403915405273438e-01,-2.795059932395815849e-03,3.989385718985735352e+00,0.000000000000000000e+00,2.940980195999145508e+00,-2.835988998413085938e-02
2.390414237976074219e+00,2.864022926488194898e+00,-1.551940250396728560e+00,2.630777048967339216e+00,1.227184567588235353e-02,8.870949149131774902e-01,8.620634675025939941e-03,3.990499781686283054e+00,0.000000000000000000e+00,2.936724424362182617e+00,-2.113819122314453125e-02
2.397231578826904297e+00,2.869991974034581617e+00,-1.551928806304931685e+00,2.636912972118881981e+00,1.227184567588235353e-02,8.405166864395141602e-01,1.338665559887886047e-02,3.991642765080996913e+00,0.000000000000000000e+00,2.926502227783203125e+00,-2.327680587768554688e-02
2.404797315597534180e+00,2.876009897389684156e+00,-1.551970767974853560e+00,2.641514914482538501e+00,1.227184567588235353e-02,8.759697079658508301e-01,6.741343066096305847e-03,3.992816715352235146e+00,0.000000000000000000e+00,2.920252084732055664e+00,-1.903057098388671875e-02
2.411418676376342773e+00,2.881965593495641187e+00,-1.551923561096191451e+00,2.647650837634081267e+00,1.227184567588235353e-02,8.515545725822448730e-01,1.698717474937438965e-02,3.993796399227230953e+00,0.000000000000000000e+00,2.925817966461181641e+00,-6.260871887207031250e-03
2.417471647262573242e+00,2.887060717740331128e+00,-1.551953601837158248e+00,2.653786760785624033e+00,1.227184567588235353e-02,8.382533192634582520e-01,1.626244513317942619e-03,3.994593997615786485e+00,0.000000000000000000e+00,2.927695512771606445e+00,-2.820491790771484375e-03
2.423895835876464844e+00,2.892198757329259351e+00,-1.551937389373779341e+00,2.659922683937166354e+00,1.227184567588235353e-02,8.514927029609680176e-01,1.707023009657859802e-02,3.995289285688941927e+00,0.000000000000000000e+00,2.923331260681152344e+00,-2.674818038940429688e-02
2.430733680725097656e+00,2.898141221204076245e+00,-1.552033710479736373e+00,2.664524626300823318e+00,1.227184567588235353e-02,8.483660817146301270e-01,-3.735386580228805542e-02,3.996181785443618573e+00,0.000000000000000000e+00,2.941172122955322266e+00,-5.548000335693359375e-03
2.436839818954467773e+00,2.903212145962987378e+00,-1.551871585845947310e+00,2.669126568664480281e+00,1.227184567588235353e-02,8.366754651069641113e-01,5.165591090917587280e-02,3.996844494451654572e+00,0.000000000000000000e+00,2.950977087020874023e+00,-2.383470535278320312e-02
2.444062709808349609e+00,2.910142735638890699e+00,-1.552017974853515669e+00,2.675262491816022603e+00,1.227184567588235353e-02,8.707681298255920410e-01,-1.710301078855991364e-02,3.997498964258011878e+00,0.000000000000000000e+00,2.927136421203613281e+00,-1.165390014648437500e-02
2.450934410095214844e+00,2.916123465695653394e+00,-1.551925945281982466e+00,2.679864434179679566e+00,1.227184567588235353e-02,8.830909729003906250e-01,2.074283361434936523e-02,3.998090788973077458e+00,0.000000000000000000e+00,2.914060354232788086e+00,-2.364873886108398438e-02
2.458100557327270508e+00,2.921981767812047437e+00,-1.551955032348632857e+00,2.686000357331222332e+00,1.227184567588235353e-02,8.513106107711791992e-01,7.225045934319496155e-03,3.998516823621092176e+00,0.000000000000000000e+00,2.893908023834228516e+00,-1.853466033935546875e-02
2.464149236679077148e+00,2.927220658459935620e+00,-1.551928806304931685e+00,2.692136280482764654e+00,1.227184567588235353e-02,8.738322257995605469e-01,-2.318838145583868027e-03,3.998971102001351863e+00,0.000000000000000000e+00,2.880539894104003906e+00,-3.229618072509765625e-02
2.470901012420654297e+00,2.933148698010716870e+00,-1.551982212066650435e+00,2.696738222846421618e+00,1.227184567588235353e-02,8.544053435325622559e-01,-6.064327433705329895e-03,3.999304266514336348e+00,0.000000000000000000e+00,2.891120910644531250e+00,-1.004219055175781250e-02
2.477140903472900391e+00,2.938365177312169507e+00,-1.552010822296142623e+00,2.702874145997964384e+00,1.227184567588235353e-02,8.465250730514526367e-01,-1.603211462497711182e-02,3.999569917908424532e+00,0.000000000000000000e+00,2.901284694671630859e+00,-1.456737518310546875e-02
2.484315395355224609e+00,2.944294647374425367e+00,-1.551896381378173873e+00,2.707476088361621347e+00,1.227184567588235353e-02,8.171495795249938965e-01,3.298284485936164856e-02,3.999782340638596168e+00,0.000000000000000000e+00,2.891346216201782227e+00,-1.503229141235351562e-02
2.490315198898315430e+00,2.949379638829503492e+00,-1.552015590667724654e+00,2.713612011513163669e+00,1.227184567588235353e-02,8.530264496803283691e-01,-1.947547122836112976e-02,3.999904415335770569e+00,0.000000000000000000e+00,2.917273044586181641e+00,-1.831769943237304688e-02
2.498139142990112305e+00,2.956210331120763257e+00,-1.551975536346435591e+00,2.719747934664706435e+00,1.227184567588235353e-02,8.513120412826538086e-01,-1.579614542424678802e-02,3.999981634171874134e+00,0.000000000000000000e+00,2.933945655822753906e+00,-1.252174377441406250e-02
2.504110574722290039e+00,2.961268619694982007e+00,-1.551945018768310591e+00,2.724349877028363398e+00,1.227184567588235353e-02,8.298735022544860840e-01,1.097051892429590225e-02,3.999959430462175280e+00,0.000000000000000000e+00,2.945719957351684570e+00,-2.268791198730468750e-02
2.510264158248901367e+00,2.966389373936925367e+00,-1.551997470855712935e+00,2.730485800179906164e+00,1.227184567588235353e-02,8.470084667205810547e-01,-1.561638712882995605e-02,3.999898697339313802e+00,0.000000000000000000e+00,2.932151556015014648e+00,-1.323461532592773438e-02
2.518275260925292969e+00,2.973318652310643628e+00,-1.551969814300537154e+00,2.735087742543562683e+00,1.227184567588235353e-02,8.894891738891601562e-01,3.873622044920921326e-03,3.999705636352206106e+00,0.000000000000000000e+00,2.918015718460083008e+00,-1.872062683105468750e-02
2.523966550827026367e+00,2.978343204655919507e+00,-1.551919269561767623e+00,2.741223665695105449e+00,1.227184567588235353e-02,8.442747592926025391e-01,2.290561422705650330e-02,3.999537128343701120e+00,0.000000000000000000e+00,2.917398214340209961e+00,-2.845287322998046875e-02
2.531476974487304688e+00,2.984375433125768140e+00,-1.552025127410888716e+00,2.747359588846648215e+00,1.227184567588235353e-02,8.570722341537475586e-01,-3.161005675792694092e-02,3.999186925405804782e+00,0.000000000000000000e+00,2.893248796463012695e+00,4.587173461914062500e-03
2.537444591522216797e+00,2.989615158238683179e+00,-1.551956462860107466e+00,2.751961531210304734e+00,1.227184567588235353e-02,8.776775598526000977e-01,1.927439868450164795e-02,3.998892454988064227e+00,0.000000000000000000e+00,2.881282567977905273e+00,-3.362894058227539062e-02
2.545502424240112305e+00,2.995518283047948316e+00,-1.552001762390136763e+00,2.758097454361847500e+00,1.227184567588235353e-02,8.343331217765808105e-01,-2.572037838399410248e-02,3.998336926587681806e+00,0.000000000000000000e+00,2.870067358016967773e+00,-1.050710678100585938e-02
