0,0.785398163397448,0
0.0075,0.785398163397448,0.0329836707670542
0.015,0.785398163397448,0.0659490309934997
0.0225,0.785398163397448,0.0988777803036334
0.03,0.785398163397448,0.13175163864592
0.0375,0.785398163397448,0.164552356440973
0.045,0.785398163397448,0.197261724712616
0.0525,0.785398163397448,0.229861585196408
0.06,0.785398163397448,0.262333840420014
0.0675,0.785398163397448,0.294660463749828
0.075,0.785398163397448,0.326823509398268
0.0825,0.785398163397448,0.358805122386195
0.09,0.785398163397448,0.390587548454921
0.0975,0.785398163397448,0.422153143922294
0.105,0.785398163397448,0.453484385477409
0.1125,0.785398163397448,0.48456387990849
0.12,0.785398163397448,0.515374373758549
0.1275,0.785398163397448,0.545898762903464
0.135,0.785398163397448,0.576120102047152
0.1425,0.785398163397448,0.606021614128579
0.15,0.785398163397448,0.635586699635365
0.1575,0.785398163397448,0.664798945818832
0.165,0.785398163397448,0.693642135805371
0.1725,0.785398163397448,0.722100257599066
0.18,0.785398163397448,0.750157512970595
0.1875,0.785398163397448,0.777798326227443
0.195,0.785398163397448,0.80500735286059
0.2025,0.785398163397448,0.831769488062854
0.21,0.785398163397448,0.858069875114167
0.2175,0.785398163397448,0.883893913629129
0.225,0.785398163397448,0.909227267662257
0.2325,0.785398163397448,0.93405587366644
0.24,0.785398163397448,0.958365948300164
0.2475,0.785398163397448,0.982143996079198
0.255,0.785398163397448,1.00537681686846
0.2625,0.785398163397448,1.02805151320996
0.27,0.785398163397448,1.05015549748264
0.2775,0.785398163397448,1.07167649889032
0.285,0.785398163397448,1.09260257027366
0.2925,0.785398163397448,1.11292209474251
0.3,0.785398163397448,1.13262379212493
0.3075,0.785398163397448,1.1516967252292
0.315,0.785398163397448,1.17013030591558
0.3225,0.785398163397448,1.18791430097411
0.33,0.785398163397448,1.20503883780552
0.3375,0.785398163397448,1.22149440990192
0.345,0.785398163397448,1.23727188212417
0.3525,0.785398163397448,1.25236249577323
0.36,0.785398163397448,1.26675787345243
0.3675,0.785398163397448,1.28045002371806
0.375,0.785398163397448,1.2934313455158
0.3825,0.785398163397448,1.30569463240033
0.39,0.785398163397448,1.31723307653592
0.3975,0.785398163397448,1.32804027247571
0.405,0.785398163397448,1.33811022071766
0.4125,0.785398163397448,1.34743733103511
0.42,0.785398163397448,1.35601642558008
0.4275,0.785398163397448,1.36384274175779
0.435,0.785398163397448,1.37091193487047
0.4425,0.785398163397448,1.37722008052935
0.45,0.785398163397448,1.38276367683319
0.4575,0.785398163397448,1.38753964631236
0.465,0.785398163397448,1.39154533763725
0.4725,0.785398163397448,1.39477852709012
0.48,0.785398163397448,1.39723741979958
0.4875,0.785398163397448,1.39892065073701
0.495,0.785398163397448,1.39982728547432
0.5025,0.785398163397448,1.39995682070271
0.51,0.785398163397448,1.39930918451202
0.5175,0.785398163397448,1.39788473643075
0.525,0.785398163397448,1.39568426722638
0.5325,0.785398163397448,1.39270899846642
0.54,0.785398163397448,1.38896058184027
0.5475,0.785398163397448,1.38444109824231
0.555,0.785398163397448,1.37915305661668
0.5625,0.785398163397448,1.37309939256452
0.57,0.785398163397448,1.36628346671425
0.5775,0.785398163397448,1.35870906285596
0.585,0.785398163397448,1.35038038584092
0.5925,0.785398163397448,1.34130205924725
0.6,0.785398163397448,1.33147912281322
0.6075,0.785398163397448,1.32091702963947
0.615,0.785398163397448,1.30962164316181
0.6225,0.785398163397448,1.29759923389617
0.63,0.785398163397448,1.28485647595757
0.6375,0.785398163397448,1.27140044335511
0.645,0.785398163397448,1.25723860606486
0.6525,0.785398163397448,1.242378825883
0.66,0.785398163397448,1.22682935206141
0.6675,0.785398163397448,1.21059881672822
0.675,0.785398163397448,1.19369623009573
0.6825,0.785398163397448,1.17613097545852
0.69,0.785398163397448,1.15791280398439
0.6975,0.785398163397448,1.1390518293011
0.705,0.785398163397448,1.11955852188193
0.7125,0.785398163397448,1.09944370323304
0.72,0.785398163397448,1.0787185398861
0.7275,0.785398163397448,1.05739453719926
0.735,0.785398163397448,1.03548353297005
0.7425,0.785398163397448,1.01299769086383
0.75,0.785398163397448,0.989949493661167
0.7575,0.785398163397448,0.966351736328212
0.765,0.785398163397448,0.942217518913683
0.7725,0.785398163397448,0.917560239276511
0.78,0.785398163397448,0.892393585648166
0.7875,0.785398163397448,0.866731529033768
0.795,0.785398163397448,0.840588315456238
0.8025,0.785398163397448,0.813978458047763
0.81,0.785398163397448,0.786916728992983
0.8175,0.785398163397448,0.759418151328366
0.825,0.785398163397448,0.731497990602328
0.8325,0.785398163397448,0.703171746400722
0.84,0.785398163397448,0.674455143742402
0.8475,0.785398163397448,0.645364124349647
0.855,0.785398163397448,0.615914837798281
0.8625,0.785398163397448,0.586123632552399
0.87,0.785398163397448,0.556007046888693
0.8775,0.785398163397448,0.525581799715396
0.885,0.785398163397448,0.49486478129096
0.8925,0.785398163397448,0.4638730438476
0.9,0.785398163397448,0.432623792124926
0.9075,0.785398163397448,0.401134373818918
0.915,0.785398163397448,0.369422269951522
0.9225,0.785398163397448,0.337505085166254
0.93,0.785398163397448,0.305400537955159
0.9375,0.785398163397448,0.27312645082258
0.945,0.785398163397448,0.240700740391174
0.9525,0.785398163397448,0.208141407455692
0.96,0.785398163397448,0.175466526990026
0.9675,0.785398163397448,0.14269423811307
0.975,0.785398163397448,0.109842734018983
0.9825,0.785398163397448,0.0769302518774238
0.99,0.785398163397448,0.0439750627093795
0.9975,0.785398163397448,0.010995461244196
1.005,0.785398163397448,-0.021990244236548
1.0125,0.785398163397448,-0.0549637420626956
1.02,0.785398163397448,-0.0879067273410387
1.0275,0.785398163397448,-0.120800912117093
1.035,0.785398163397448,-0.153628035527463
1.0425,0.785398163397448,-0.186369873937173
1.05,0.785398163397448,-0.219008251056323
1.0575,0.785398163397448,-0.25152504803047
1.065,0.785398163397448,-0.283902213499117
1.0725,0.785398163397448,-0.316121773616745
1.08,0.785398163397448,-0.348165842030797
1.0875,0.785398163397448,-0.380016629811103
1.095,0.785398163397448,-0.411656455325225
1.1025,0.785398163397448,-0.44306775405422
1.11,0.785398163397448,-0.474233088343408
1.1175,0.785398163397448,-0.505135157082698
1.125,0.785398163397448,-0.535756805311125
1.1325,0.785398163397448,-0.566081033740243
1.14,0.785398163397448,-0.596091008191101
1.1475,0.785398163397448,-0.625770068939569
1.155,0.785398163397448,-0.655101739964802
1.1625,0.785398163397448,-0.684069738095737
1.17,0.785398163397448,-0.712657982050519
1.1775,0.785398163397448,-0.740850601363867
1.185,0.785398163397448,-0.768631945197384
1.1925,0.785398163397448,-0.795986591027969
1.2,0.785398163397448,-0.822899353209462
1.2075,0.785398163397448,-0.849355291402799
1.215,0.785398163397448,-0.875339718869987
1.2225,0.785398163397448,-0.90083821062729
1.23,0.785398163397448,-0.925836611453112
1.2375,0.785398163397448,-0.950321043746118
1.245,0.785398163397448,-0.97427791522924
1.2525,0.785398163397448,-0.997693926495287
1.26,0.785398163397448,-1.02055607838998
1.2675,0.785398163397448,-1.04285167922827
1.275,0.785398163397448,-1.06456835184004
1.2825,0.785398163397448,-1.08569404044113
1.29,0.785398163397448,-1.10621701732597
1.2975,0.785398163397448,-1.12612588937812
1.305,0.785398163397448,-1.14540960439503
1.3125,0.785398163397448,-1.16405745722356
1.32,0.785398163397448,-1.18205909570282
1.3275,0.785398163397448,-1.19940452641107
1.335,0.785398163397448,-1.21608412021347
1.3425,0.785398163397448,-1.23208861760758
1.35,0.785398163397448,-1.24740913386371
1.3575,0.785398163397448,-1.26203716395714
1.365,0.785398163397448,-1.27596458728962
1.3725,0.785398163397448,-1.28918367219744
1.38,0.785398163397448,-1.30168708024355
1.3875,0.785398163397448,-1.31346787029148
1.395,0.785398163397448,-1.32451950235856
1.4025,0.785398163397448,-1.3348358412466
1.41,0.785398163397448,-1.34441115994772
1.4175,0.785398163397448,-1.35324014282367
1.425,0.785398163397448,-1.36131788855675
1.4325,0.785398163397448,-1.36863991287071
1.44,0.785398163397448,-1.37520215102016
1.4475,0.785398163397448,-1.38100096004709
1.455,0.785398163397448,-1.38603312080318
1.4625,0.785398163397448,-1.3902958397369
1.47,0.785398163397448,-1.39378675044431
1.4775,0.785398163397448,-1.39650391498278
1.485,0.785398163397448,-1.39844582494676
1.4925,0.785398163397448,-1.3996114023052
1.5,0.785398163397448,-1.4
1.5075,0.785398163397448,-1.3996114023052
1.515,0.785398163397448,-1.39844582494676
1.5225,0.785398163397448,-1.39650391498278
1.53,0.785398163397448,-1.39378675044431
1.5375,0.785398163397448,-1.3902958397369
1.545,0.785398163397448,-1.38603312080318
1.5525,0.785398163397448,-1.38100096004709
1.56,0.785398163397448,-1.37520215102016
1.5675,0.785398163397448,-1.36863991287071
1.575,0.785398163397448,-1.36131788855675
1.5825,0.785398163397448,-1.35324014282367
1.59,0.785398163397448,-1.34441115994772
1.5975,0.785398163397448,-1.3348358412466
1.605,0.785398163397448,-1.32451950235856
1.6125,0.785398163397448,-1.31346787029148
1.62,0.785398163397448,-1.30168708024355
1.6275,0.785398163397448,-1.28918367219744
1.635,0.785398163397448,-1.27596458728962
1.6425,0.785398163397448,-1.26203716395714
1.65,0.785398163397448,-1.24740913386372
1.6575,0.785398163397448,-1.23208861760758
1.665,0.785398163397448,-1.21608412021347
1.6725,0.785398163397448,-1.19940452641107
1.68,0.785398163397448,-1.18205909570282
1.6875,0.785398163397448,-1.16405745722356
1.695,0.785398163397448,-1.14540960439503
1.7025,0.785398163397448,-1.12612588937812
1.71,0.785398163397448,-1.10621701732597
1.7175,0.785398163397448,-1.08569404044113
1.725,0.785398163397448,-1.06456835184004
1.7325,0.785398163397448,-1.04285167922827
1.74,0.785398163397448,-1.02055607838998
1.7475,0.785398163397448,-0.997693926495287
1.755,0.785398163397448,-0.97427791522924
1.7625,0.785398163397448,-0.950321043746118
1.77,0.785398163397448,-0.925836611453113
1.7775,0.785398163397448,-0.900838210627291
1.785,0.785398163397448,-0.875339718869988
1.7925,0.785398163397448,-0.8493552914028
1.8,0.785398163397448,-0.822899353209463
1.8075,0.785398163397448,-0.795986591027969
1.815,0.785398163397448,-0.768631945197385
1.8225,0.785398163397448,-0.740850601363867
1.83,0.785398163397448,-0.71265798205052
1.8375,0.785398163397448,-0.684069738095737
1.845,0.785398163397448,-0.655101739964803
1.8525,0.785398163397448,-0.625770068939569
1.86,0.785398163397448,-0.596091008191101
1.8675,0.785398163397448,-0.566081033740243
1.875,0.785398163397448,-0.535756805311126
1.8825,0.785398163397448,-0.505135157082699
1.89,0.785398163397448,-0.474233088343409
1.8975,0.785398163397448,-0.443067754054221
1.905,0.785398163397448,-0.411656455325226
1.9125,0.785398163397448,-0.380016629811104
1.92,0.785398163397448,-0.348165842030797
1.9275,0.785398163397448,-0.316121773616746
1.935,0.785398163397448,-0.283902213499117
1.9425,0.785398163397448,-0.25152504803047
1.95,0.785398163397448,-0.219008251056324
1.9575,0.785398163397448,-0.186369873937173
1.965,0.785398163397448,-0.153628035527463
1.9725,0.785398163397448,-0.120800912117093
1.98,0.785398163397448,-0.0879067273410386
1.9875,0.785398163397448,-0.0549637420626967
1.995,0.785398163397448,-0.0219902442365492
2.0025,0.785398163397448,0.0109954612441948
2.01,0.785398163397448,0.0439750627093778
2.0175,0.785398163397448,0.0769302518774239
2.025,0.785398163397448,0.109842734018982
2.0325,0.785398163397448,0.142694238113071
2.04,0.785398163397448,0.175466526990026
2.0475,0.785398163397448,0.208141407455691
2.055,0.785398163397448,0.240700740391174
2.0625,0.785398163397448,0.27312645082258
2.07,0.785398163397448,0.305400537955159
2.0775,0.785398163397448,0.337505085166254
2.085,0.785398163397448,0.369422269951522
2.0925,0.785398163397448,0.401134373818917
2.1,0.785398163397448,0.432623792124926
2.1075,0.785398163397448,0.463873043847598
2.115,0.785398163397448,0.49486478129096
2.1225,0.785398163397448,0.525581799715396
2.13,0.785398163397448,0.556007046888692
2.1375,0.785398163397448,0.5861236325524
2.145,0.785398163397448,0.615914837798281
2.1525,0.785398163397448,0.645364124349646
2.16,0.785398163397448,0.674455143742402
2.1675,0.785398163397448,0.703171746400721
2.175,0.785398163397448,0.731497990602327
2.1825,0.785398163397448,0.759418151328367
2.19,0.785398163397448,0.786916728992983
2.1975,0.785398163397448,0.813978458047762
2.205,0.785398163397448,0.840588315456237
2.2125,0.785398163397448,0.866731529033767
2.22,0.785398163397448,0.892393585648166
2.2275,0.785398163397448,0.917560239276511
2.235,0.785398163397448,0.942217518913682
2.2425,0.785398163397448,0.966351736328212
2.25,0.785398163397448,0.989949493661166
2.2575,0.785398163397448,1.01299769086383
2.265,0.785398163397448,1.03548353297005
2.2725,0.785398163397448,1.05739453719926
2.28,0.785398163397448,1.0787185398861
2.2875,0.785398163397448,1.09944370323304
2.295,0.785398163397448,1.11955852188193
2.3025,0.785398163397448,1.1390518293011
2.31,0.785398163397448,1.15791280398439
2.3175,0.785398163397448,1.17613097545852
2.325,0.785398163397448,1.19369623009573
2.3325,0.785398163397448,1.21059881672822
2.34,0.785398163397448,1.22682935206141
2.3475,0.785398163397448,1.242378825883
2.355,0.785398163397448,1.25723860606486
2.3625,0.785398163397448,1.27140044335511
2.37,0.785398163397448,1.28485647595757
2.3775,0.785398163397448,1.29759923389617
2.385,0.785398163397448,1.30962164316181
2.3925,0.785398163397448,1.32091702963947
2.4,0.785398163397448,1.33147912281321
2.4075,0.785398163397448,1.34130205924725
2.415,0.785398163397448,1.35038038584092
2.4225,0.785398163397448,1.35870906285596
2.43,0.785398163397448,1.36628346671425
2.4375,0.785398163397448,1.37309939256452
2.445,0.785398163397448,1.37915305661668
2.4525,0.785398163397448,1.38444109824231
2.46,0.785398163397448,1.38896058184027
2.4675,0.785398163397448,1.39270899846642
2.475,0.785398163397448,1.39568426722638
2.4825,0.785398163397448,1.39788473643075
2.49,0.785398163397448,1.39930918451202
2.4975,0.785398163397448,1.39995682070271
2.505,0.785398163397448,1.39982728547432
2.5125,0.785398163397448,1.39892065073701
2.52,0.785398163397448,1.39723741979958
2.5275,0.785398163397448,1.39477852709012
2.535,0.785398163397448,1.39154533763725
2.5425,0.785398163397448,1.38753964631236
2.55,0.785398163397448,1.38276367683319
2.5575,0.785398163397448,1.37722008052935
2.565,0.785398163397448,1.37091193487047
2.5725,0.785398163397448,1.36384274175779
2.58,0.785398163397448,1.35601642558008
2.5875,0.785398163397448,1.34743733103511
2.595,0.785398163397448,1.33811022071766
2.6025,0.785398163397448,1.32804027247571
2.61,0.785398163397448,1.31723307653592
2.6175,0.785398163397448,1.30569463240033
2.625,0.785398163397448,1.2934313455158
2.6325,0.785398163397448,1.28045002371806
2.64,0.785398163397448,1.26675787345243
2.6475,0.785398163397448,1.25236249577323
2.655,0.785398163397448,1.23727188212417
2.6625,0.785398163397448,1.22149440990192
2.67,0.785398163397448,1.20503883780552
2.6775,0.785398163397448,1.18791430097411
2.685,0.785398163397448,1.17013030591558
2.6925,0.785398163397448,1.1516967252292
2.7,0.785398163397448,1.13262379212493
2.7075,0.785398163397448,1.11292209474251
2.715,0.785398163397448,1.09260257027366
2.7225,0.785398163397448,1.07167649889032
2.73,0.785398163397448,1.05015549748264
2.7375,0.785398163397448,1.02805151320996
2.745,0.785398163397448,1.00537681686846
2.7525,0.785398163397448,0.982143996079199
2.76,0.785398163397448,0.958365948300166
2.7675,0.785398163397448,0.93405587366644
2.775,0.785398163397448,0.909227267662258
2.7825,0.785398163397448,0.883893913629128
2.79,0.785398163397448,0.858069875114167
2.7975,0.785398163397448,0.831769488062855
2.805,0.785398163397448,0.805007352860589
2.8125,0.785398163397448,0.777798326227443
2.82,0.785398163397448,0.750157512970596
2.8275,0.785398163397448,0.722100257599066
2.835,0.785398163397448,0.693642135805371
2.8425,0.785398163397448,0.664798945818833
2.85,0.785398163397448,0.635586699635365
2.8575,0.785398163397448,0.606021614128579
2.865,0.785398163397448,0.576120102047151
2.8725,0.785398163397448,0.545898762903463
2.88,0.785398163397448,0.515374373758549
2.8875,0.785398163397448,0.484563879908491
2.895,0.785398163397448,0.453484385477411
2.9025,0.785398163397448,0.422153143922294
2.91,0.785398163397448,0.390587548454922
2.9175,0.785398163397448,0.358805122386197
2.925,0.785398163397448,0.32682350939827
2.9325,0.785398163397448,0.294660463749829
2.94,0.785398163397448,0.262333840420016
2.9475,0.785398163397448,0.22986158519641
2.955,0.785398163397448,0.197261724712616
2.9625,0.785398163397448,0.164552356440974
2.97,0.785398163397448,0.13175163864592
2.9775,0.785398163397448,0.0988777803036339
2.985,0.785398163397448,0.0659490309935011
2.9925,0.785398163397448,0.0329836707670539
3,0.785398163397448,5.14351655641888e-16
3.0075,0.785398163397448,-0.0329836707670529
3.015,0.785398163397448,-0.0659490309935001
3.0225,0.785398163397448,-0.0988777803036329
3.03,0.785398163397448,-0.131751638645919
3.0375,0.785398163397448,-0.164552356440973
3.045,0.785398163397448,-0.197261724712615
3.0525,0.785398163397448,-0.229861585196409
3.06,0.785398163397448,-0.262333840420015
3.0675,0.785398163397448,-0.294660463749828
3.075,0.785398163397448,-0.326823509398269
3.0825,0.785398163397448,-0.358805122386196
3.09,0.785398163397448,-0.390587548454921
3.0975,0.785398163397448,-0.422153143922293
3.105,0.785398163397448,-0.45348438547741
3.1125,0.785398163397448,-0.48456387990849
3.12,0.785398163397448,-0.515374373758548
3.1275,0.785398163397448,-0.545898762903462
3.135,0.785398163397448,-0.57612010204715
3.1425,0.785398163397448,-0.606021614128579
3.15,0.785398163397448,-0.635586699635364
3.1575,0.785398163397448,-0.664798945818832
3.165,0.785398163397448,-0.69364213580537
3.1725,0.785398163397448,-0.722100257599065
3.18,0.785398163397448,-0.750157512970595
3.1875,0.785398163397448,-0.777798326227442
3.195,0.785398163397448,-0.805007352860589
3.2025,0.785398163397448,-0.831769488062854
3.21,0.785398163397448,-0.858069875114166
3.2175,0.785398163397448,-0.883893913629128
3.225,0.785398163397448,-0.909227267662257
3.2325,0.785398163397448,-0.934055873666439
3.24,0.785398163397448,-0.958365948300165
3.2475,0.785398163397448,-0.982143996079198
3.255,0.785398163397448,-1.00537681686846
3.2625,0.785398163397448,-1.02805151320996
3.27,0.785398163397448,-1.05015549748264
3.2775,0.785398163397448,-1.07167649889032
3.285,0.785398163397448,-1.09260257027366
3.2925,0.785398163397448,-1.11292209474251
3.3,0.785398163397448,-1.13262379212493
3.3075,0.785398163397448,-1.1516967252292
3.315,0.785398163397448,-1.17013030591558
3.3225,0.785398163397448,-1.1879143009741
3.33,0.785398163397448,-1.20503883780552
3.3375,0.785398163397448,-1.22149440990191
3.345,0.785398163397448,-1.23727188212417
3.3525,0.785398163397448,-1.25236249577323
3.36,0.785398163397448,-1.26675787345243
3.3675,0.785398163397448,-1.28045002371806
3.375,0.785398163397448,-1.2934313455158
3.3825,0.785398163397448,-1.30569463240033
3.39,0.785398163397448,-1.31723307653592
3.3975,0.785398163397448,-1.32804027247571
3.405,0.785398163397448,-1.33811022071766
3.4125,0.785398163397448,-1.34743733103511
3.42,0.785398163397448,-1.35601642558008
3.4275,0.785398163397448,-1.36384274175779
3.435,0.785398163397448,-1.37091193487047
3.4425,0.785398163397448,-1.37722008052935
3.45,0.785398163397448,-1.38276367683319
3.4575,0.785398163397448,-1.38753964631236
3.465,0.785398163397448,-1.39154533763725
3.4725,0.785398163397448,-1.39477852709012
3.48,0.785398163397448,-1.39723741979958
3.4875,0.785398163397448,-1.39892065073701
3.495,0.785398163397448,-1.39982728547432
3.5025,0.785398163397448,-1.39995682070271
3.51,0.785398163397448,-1.39930918451202
3.5175,0.785398163397448,-1.39788473643075
3.525,0.785398163397448,-1.39568426722638
3.5325,0.785398163397448,-1.39270899846642
3.54,0.785398163397448,-1.38896058184027
3.5475,0.785398163397448,-1.38444109824231
3.555,0.785398163397448,-1.37915305661668
3.5625,0.785398163397448,-1.37309939256452
3.57,0.785398163397448,-1.36628346671425
3.5775,0.785398163397448,-1.35870906285596
3.585,0.785398163397448,-1.35038038584092
3.5925,0.785398163397448,-1.34130205924725
3.6,0.785398163397448,-1.33147912281322
3.6075,0.785398163397448,-1.32091702963947
3.615,0.785398163397448,-1.30962164316181
3.6225,0.785398163397448,-1.29759923389617
3.63,0.785398163397448,-1.28485647595757
3.6375,0.785398163397448,-1.27140044335511
3.645,0.785398163397448,-1.25723860606486
3.6525,0.785398163397448,-1.242378825883
3.66,0.785398163397448,-1.22682935206141
3.6675,0.785398163397448,-1.21059881672822
3.675,0.785398163397448,-1.19369623009573
3.6825,0.785398163397448,-1.17613097545852
3.69,0.785398163397448,-1.15791280398439
3.6975,0.785398163397448,-1.1390518293011
3.705,0.785398163397448,-1.11955852188193
3.7125,0.785398163397448,-1.09944370323304
3.72,0.785398163397448,-1.0787185398861
3.7275,0.785398163397448,-1.05739453719926
3.735,0.785398163397448,-1.03548353297005
3.7425,0.785398163397448,-1.01299769086383
3.75,0.785398163397448,-0.989949493661168
3.7575,0.785398163397448,-0.966351736328212
3.765,0.785398163397448,-0.942217518913683
3.7725,0.785398163397448,-0.917560239276513
3.78,0.785398163397448,-0.892393585648168
3.7875,0.785398163397448,-0.866731529033768
3.795,0.785398163397448,-0.840588315456239
3.8025,0.785398163397448,-0.813978458047763
3.81,0.785398163397448,-0.786916728992984
3.8175,0.785398163397448,-0.759418151328368
3.825,0.785398163397448,-0.731497990602328
3.8325,0.785398163397448,-0.703171746400722
3.84,0.785398163397448,-0.674455143742403
3.8475,0.785398163397448,-0.645364124349647
3.855,0.785398163397448,-0.615914837798282
3.8625,0.785398163397448,-0.586123632552401
3.87,0.785398163397448,-0.556007046888693
3.8775,0.785398163397448,-0.525581799715397
3.885,0.785398163397448,-0.494864781290961
3.8925,0.785398163397448,-0.463873043847599
3.9,0.785398163397448,-0.432623792124927
3.9075,0.785398163397448,-0.401134373818917
3.915,0.785398163397448,-0.369422269951522
3.9225,0.785398163397448,-0.337505085166255
3.93,0.785398163397448,-0.305400537955159
3.9375,0.785398163397448,-0.273126450822579
3.945,0.785398163397448,-0.240700740391174
3.9525,0.785398163397448,-0.208141407455694
3.96,0.785398163397448,-0.175466526990026
3.9675,0.785398163397448,-0.142694238113071
3.975,0.785398163397448,-0.109842734018984
3.9825,0.785398163397448,-0.0769302518774262
3.99,0.785398163397448,-0.04397506270938
3.9975,0.785398163397448,-0.0109954612441971
4.005,0.785398163397448,0.0219902442365469
4.0125,0.785398163397448,0.0549637420626957
4.02,0.785398163397448,0.0879067273410351
4.0275,0.785398163397448,0.120800912117091
4.035,0.785398163397448,0.153628035527463
4.0425,0.785398163397448,0.186369873937175
4.05,0.785398163397448,0.219008251056321
4.0575,0.785398163397448,0.251525048030469
4.065,0.785398163397448,0.283902213499119
4.0725,0.785398163397448,0.316121773616743
4.08,0.785398163397448,0.348165842030796
4.0875,0.785398163397448,0.380016629811105
4.095,0.785398163397448,0.411656455325224
4.1025,0.785398163397448,0.44306775405422
4.11,0.785398163397448,0.474233088343409
4.1175,0.785398163397448,0.505135157082697
4.125,0.785398163397448,0.535756805311126
4.1325,0.785398163397448,0.566081033740244
4.14,0.785398163397448,0.5960910081911
4.1475,0.785398163397448,0.62577006893957
4.155,0.785398163397448,0.655101739964802
4.1625,0.785398163397448,0.684069738095735
4.17,0.785398163397448,0.71265798205052
4.1775,0.785398163397448,0.740850601363866
4.185,0.785398163397448,0.768631945197383
4.1925,0.785398163397448,0.795986591027968
4.2,0.785398163397448,0.822899353209462
4.2075,0.785398163397448,0.849355291402798
4.215,0.785398163397448,0.875339718869985
4.2225,0.785398163397448,0.90083821062729
4.23,0.785398163397448,0.925836611453113
4.2375,0.785398163397448,0.950321043746117
4.245,0.785398163397448,0.974277915229239
4.2525,0.785398163397448,0.997693926495288
4.26,0.785398163397448,1.02055607838997
4.2675,0.785398163397448,1.04285167922827
4.275,0.785398163397448,1.06456835184004
4.2825,0.785398163397448,1.08569404044113
4.29,0.785398163397448,1.10621701732597
4.2975,0.785398163397448,1.12612588937812
4.305,0.785398163397448,1.14540960439503
4.3125,0.785398163397448,1.16405745722356
4.32,0.785398163397448,1.18205909570282
4.3275,0.785398163397448,1.19940452641107
4.335,0.785398163397448,1.21608412021347
4.3425,0.785398163397448,1.23208861760759
4.35,0.785398163397448,1.24740913386371
4.3575,0.785398163397448,1.26203716395714
4.365,0.785398163397448,1.27596458728962
4.3725,0.785398163397448,1.28918367219744
4.38,0.785398163397448,1.30168708024355
4.3875,0.785398163397448,1.31346787029148
4.395,0.785398163397448,1.32451950235856
4.4025,0.785398163397448,1.3348358412466
4.41,0.785398163397448,1.34441115994772
4.4175,0.785398163397448,1.35324014282367
4.425,0.785398163397448,1.36131788855675
4.4325,0.785398163397448,1.36863991287071
4.44,0.785398163397448,1.37520215102016
4.4475,0.785398163397448,1.38100096004709
4.455,0.785398163397448,1.38603312080318
4.4625,0.785398163397448,1.3902958397369
4.47,0.785398163397448,1.39378675044431
4.4775,0.785398163397448,1.39650391498278
4.485,0.785398163397448,1.39844582494676
4.4925,0.785398163397448,1.3996114023052
4.5,0.785398163397448,1.4
4.5075,0.785398163397448,1.3996114023052
4.515,0.785398163397448,1.39844582494676
4.5225,0.785398163397448,1.39650391498278
4.53,0.785398163397448,1.39378675044431
4.5375,0.785398163397448,1.3902958397369
4.545,0.785398163397448,1.38603312080318
4.5525,0.785398163397448,1.38100096004709
4.56,0.785398163397448,1.37520215102016
4.5675,0.785398163397448,1.36863991287071
4.575,0.785398163397448,1.36131788855675
4.5825,0.785398163397448,1.35324014282367
4.59,0.785398163397448,1.34441115994772
4.5975,0.785398163397448,1.3348358412466
4.605,0.785398163397448,1.32451950235856
4.6125,0.785398163397448,1.31346787029148
4.62,0.785398163397448,1.30168708024355
4.6275,0.785398163397448,1.28918367219744
4.635,0.785398163397448,1.27596458728962
4.6425,0.785398163397448,1.26203716395714
4.65,0.785398163397448,1.24740913386371
4.6575,0.785398163397448,1.23208861760759
4.665,0.785398163397448,1.21608412021347
4.6725,0.785398163397448,1.19940452641107
4.68,0.785398163397448,1.18205909570282
4.6875,0.785398163397448,1.16405745722356
4.695,0.785398163397448,1.14540960439503
4.7025,0.785398163397448,1.12612588937812
4.71,0.785398163397448,1.10621701732597
4.7175,0.785398163397448,1.08569404044113
4.725,0.785398163397448,1.06456835184004
4.7325,0.785398163397448,1.04285167922827
4.74,0.785398163397448,1.02055607838998
4.7475,0.785398163397448,0.997693926495289
4.755,0.785398163397448,0.974277915229241
4.7625,0.785398163397448,0.950321043746118
4.77,0.785398163397448,0.925836611453114
4.7775,0.785398163397448,0.900838210627291
4.785,0.785398163397448,0.875339718869987
4.7925,0.785398163397448,0.8493552914028
4.8,0.785398163397448,0.822899353209463
4.8075,0.785398163397448,0.795986591027969
4.815,0.785398163397448,0.768631945197384
4.8225,0.785398163397448,0.740850601363867
4.83,0.785398163397448,0.712657982050521
4.8375,0.785398163397448,0.684069738095737
4.845,0.785398163397448,0.655101739964803
4.8525,0.785398163397448,0.625770068939571
4.86,0.785398163397448,0.596091008191102
4.8675,0.785398163397448,0.566081033740246
4.875,0.785398163397448,0.535756805311127
4.8825,0.785398163397448,0.505135157082698
4.89,0.785398163397448,0.474233088343411
4.8975,0.785398163397448,0.443067754054222
4.905,0.785398163397448,0.411656455325225
4.9125,0.785398163397448,0.380016629811107
4.92,0.785398163397448,0.348165842030798
4.9275,0.785398163397448,0.316121773616745
4.935,0.785398163397448,0.28390221349912
4.9425,0.785398163397448,0.251525048030471
4.95,0.785398163397448,0.219008251056323
4.9575,0.785398163397448,0.186369873937176
4.965,0.785398163397448,0.153628035527465
4.9725,0.785398163397448,0.120800912117092
4.98,0.785398163397448,0.0879067273410366
4.9875,0.785398163397448,0.0549637420626972
4.995,0.785398163397448,0.0219902442365484
5.0025,0.785398163397448,-0.0109954612441956
5.01,0.785398163397448,-0.0439750627093785
5.0175,0.785398163397448,-0.0769302518774246
5.025,0.785398163397448,-0.109842734018983
5.0325,0.785398163397448,-0.142694238113069
5.04,0.785398163397448,-0.175466526990024
5.0475,0.785398163397448,-0.208141407455692
5.055,0.785398163397448,-0.240700740391172
5.0625,0.785398163397448,-0.273126450822578
5.07,0.785398163397448,-0.305400537955159
5.0775,0.785398163397448,-0.337505085166251
5.085,0.785398163397448,-0.36942226995152
5.0925,0.785398163397448,-0.401134373818918
5.1,0.785398163397448,-0.432623792124923
5.1075,0.785398163397448,-0.463873043847598
5.115,0.785398163397448,-0.49486478129096
5.1225,0.785398163397448,-0.525581799715393
5.13,0.785398163397448,-0.556007046888691
5.1375,0.785398163397448,-0.586123632552399
5.145,0.785398163397448,-0.615914837798278
5.1525,0.785398163397448,-0.645364124349646
5.16,0.785398163397448,-0.674455143742401
5.1675,0.785398163397448,-0.703171746400723
5.175,0.785398163397448,-0.731497990602327
5.1825,0.785398163397448,-0.759418151328366
5.19,0.785398163397448,-0.786916728992984
5.1975,0.785398163397448,-0.813978458047761
5.205,0.785398163397448,-0.840588315456238
5.2125,0.785398163397448,-0.866731529033769
5.22,0.785398163397448,-0.892393585648165
5.2275,0.785398163397448,-0.917560239276512
5.235,0.785398163397448,-0.942217518913684
5.2425,0.785398163397448,-0.966351736328211
5.25,0.785398163397448,-0.989949493661167
5.2575,0.785398163397448,-1.01299769086383
5.265,0.785398163397448,-1.03548353297005
5.2725,0.785398163397448,-1.05739453719926
5.28,0.785398163397448,-1.07871853988611
5.2875,0.785398163397448,-1.09944370323304
5.295,0.785398163397448,-1.11955852188193
5.3025,0.785398163397448,-1.1390518293011
5.31,0.785398163397448,-1.15791280398439
5.3175,0.785398163397448,-1.17613097545852
5.325,0.785398163397448,-1.19369623009573
5.3325,0.785398163397448,-1.21059881672822
5.34,0.785398163397448,-1.22682935206141
5.3475,0.785398163397448,-1.242378825883
5.355,0.785398163397448,-1.25723860606486
5.3625,0.785398163397448,-1.27140044335511
5.37,0.785398163397448,-1.28485647595757
5.3775,0.785398163397448,-1.29759923389617
5.385,0.785398163397448,-1.30962164316181
5.3925,0.785398163397448,-1.32091702963947
5.4,0.785398163397448,-1.33147912281321
5.4075,0.785398163397448,-1.34130205924725
5.415,0.785398163397448,-1.35038038584092
5.4225,0.785398163397448,-1.35870906285596
5.43,0.785398163397448,-1.36628346671425
5.4375,0.785398163397448,-1.37309939256452
5.445,0.785398163397448,-1.37915305661668
5.4525,0.785398163397448,-1.38444109824231
5.46,0.785398163397448,-1.38896058184027
5.4675,0.785398163397448,-1.39270899846642
5.475,0.785398163397448,-1.39568426722638
5.4825,0.785398163397448,-1.39788473643075
5.49,0.785398163397448,-1.39930918451202
5.4975,0.785398163397448,-1.39995682070271
5.505,0.785398163397448,-1.39982728547432
5.5125,0.785398163397448,-1.39892065073701
5.52,0.785398163397448,-1.39723741979958
5.5275,0.785398163397448,-1.39477852709012
5.535,0.785398163397448,-1.39154533763725
5.5425,0.785398163397448,-1.38753964631236
5.55,0.785398163397448,-1.38276367683319
5.5575,0.785398163397448,-1.37722008052935
5.565,0.785398163397448,-1.37091193487047
5.5725,0.785398163397448,-1.36384274175779
5.58,0.785398163397448,-1.35601642558008
5.5875,0.785398163397448,-1.34743733103511
5.595,0.785398163397448,-1.33811022071766
5.6025,0.785398163397448,-1.32804027247571
5.61,0.785398163397448,-1.31723307653592
5.6175,0.785398163397448,-1.30569463240033
5.625,0.785398163397448,-1.2934313455158
5.6325,0.785398163397448,-1.28045002371806
5.64,0.785398163397448,-1.26675787345243
5.6475,0.785398163397448,-1.25236249577324
5.655,0.785398163397448,-1.23727188212417
5.6625,0.785398163397448,-1.22149440990192
5.67,0.785398163397448,-1.20503883780552
5.6775,0.785398163397448,-1.1879143009741
5.685,0.785398163397448,-1.17013030591558
5.6925,0.785398163397448,-1.1516967252292
5.7,0.785398163397448,-1.13262379212493
5.7075,0.785398163397448,-1.11292209474252
5.715,0.785398163397448,-1.09260257027366
5.7225,0.785398163397448,-1.07167649889032
5.73,0.785398163397448,-1.05015549748264
5.7375,0.785398163397448,-1.02805151320996
5.745,0.785398163397448,-1.00537681686846
5.7525,0.785398163397448,-0.982143996079199
5.76,0.785398163397448,-0.958365948300164
5.7675,0.785398163397448,-0.934055873666438
5.775,0.785398163397448,-0.909227267662258
5.7825,0.785398163397448,-0.883893913629129
5.79,0.785398163397448,-0.85806987511417
5.7975,0.785398163397448,-0.831769488062855
5.805,0.785398163397448,-0.80500735286059
5.8125,0.785398163397448,-0.777798326227446
5.82,0.785398163397448,-0.750157512970597
5.8275,0.785398163397448,-0.72210025759907
5.835,0.785398163397448,-0.693642135805373
5.8425,0.785398163397448,-0.664798945818834
5.85,0.785398163397448,-0.63558669963537
5.8575,0.785398163397448,-0.606021614128582
5.865,0.785398163397448,-0.576120102047153
5.8725,0.785398163397448,-0.545898762903468
5.88,0.785398163397448,-0.515374373758552
5.8875,0.785398163397448,-0.484563879908491
5.895,0.785398163397448,-0.453484385477413
5.9025,0.785398163397448,-0.422153143922297
5.91,0.785398163397448,-0.390587548454922
5.9175,0.785398163397448,-0.358805122386195
5.925,0.785398163397448,-0.32682350939827
5.9325,0.785398163397448,-0.294660463749829
5.94,0.785398163397448,-0.262333840420014
5.9475,0.785398163397448,-0.229861585196411
5.955,0.785398163397448,-0.197261724712617
5.9625,0.785398163397448,-0.164552356440972
5.97,0.785398163397448,-0.131751638645923
5.9775,0.785398163397448,-0.0988777803036344
5.985,0.785398163397448,-0.0659490309934991
5.9925,0.785398163397448,-0.0329836707670569
6,0.785398163397448,-1.02870331128378e-15
6.0075,0.785398163397448,0.0329836707670549
6.015,0.785398163397448,0.0659490309934971
6.0225,0.785398163397448,0.0988777803036324
6.03,0.785398163397448,0.131751638645921
6.0375,0.785398163397448,0.16455235644097
6.045,0.785398163397448,0.197261724712615
6.0525,0.785398163397448,0.229861585196409
6.06,0.785398163397448,0.262333840420012
6.0675,0.785398163397448,0.294660463749827
6.075,0.785398163397448,0.326823509398268
6.0825,0.785398163397448,0.358805122386193
6.09,0.785398163397448,0.39058754845492
6.0975,0.785398163397448,0.422153143922295
6.105,0.785398163397448,0.453484385477412
6.1125,0.785398163397448,0.484563879908489
6.12,0.785398163397448,0.51537437375855
6.1275,0.785398163397448,0.545898762903466
6.135,0.785398163397448,0.576120102047152
6.1425,0.785398163397448,0.60602161412858
6.15,0.785398163397448,0.635586699635368
6.1575,0.785398163397448,0.664798945818832
6.165,0.785398163397448,0.693642135805371
6.1725,0.785398163397448,0.722100257599069
6.18,0.785398163397448,0.750157512970595
6.1875,0.785398163397448,0.777798326227444
6.195,0.785398163397448,0.805007352860588
6.2025,0.785398163397448,0.831769488062854
6.21,0.785398163397448,0.858069875114168
6.2175,0.785398163397448,0.883893913629127
6.225,0.785398163397448,0.909227267662257
6.2325,0.785398163397448,0.934055873666437
6.24,0.785398163397448,0.958365948300163
6.2475,0.785398163397448,0.982143996079198
6.255,0.785398163397448,1.00537681686846
6.2625,0.785398163397448,1.02805151320996
6.27,0.785398163397448,1.05015549748264
6.2775,0.785398163397448,1.07167649889032
6.285,0.785398163397448,1.09260257027366
6.2925,0.785398163397448,1.11292209474251
6.3,0.785398163397448,1.13262379212492
6.3075,0.785398163397448,1.1516967252292
6.315,0.785398163397448,1.17013030591558
6.3225,0.785398163397448,1.1879143009741
6.33,0.785398163397448,1.20503883780552
6.3375,0.785398163397448,1.22149440990192
6.345,0.785398163397448,1.23727188212417
6.3525,0.785398163397448,1.25236249577323
6.36,0.785398163397448,1.26675787345243
6.3675,0.785398163397448,1.28045002371806
6.375,0.785398163397448,1.2934313455158
6.3825,0.785398163397448,1.30569463240033
6.39,0.785398163397448,1.31723307653591
6.3975,0.785398163397448,1.32804027247571
6.405,0.785398163397448,1.33811022071766
6.4125,0.785398163397448,1.34743733103511
6.42,0.785398163397448,1.35601642558008
6.4275,0.785398163397448,1.36384274175779
6.435,0.785398163397448,1.37091193487047
6.4425,0.785398163397448,1.37722008052935
6.45,0.785398163397448,1.38276367683319
6.4575,0.785398163397448,1.38753964631236
6.465,0.785398163397448,1.39154533763725
6.4725,0.785398163397448,1.39477852709012
6.48,0.785398163397448,1.39723741979958
6.4875,0.785398163397448,1.39892065073701
6.495,0.785398163397448,1.39982728547432
6.5025,0.785398163397448,1.39995682070271
6.51,0.785398163397448,1.39930918451202
6.5175,0.785398163397448,1.39788473643075
6.525,0.785398163397448,1.39568426722638
6.5325,0.785398163397448,1.39270899846642
6.54,0.785398163397448,1.38896058184027
6.5475,0.785398163397448,1.38444109824231
6.555,0.785398163397448,1.37915305661668
6.5625,0.785398163397448,1.37309939256452
6.57,0.785398163397448,1.36628346671425
6.5775,0.785398163397448,1.35870906285596
6.585,0.785398163397448,1.35038038584092
6.5925,0.785398163397448,1.34130205924725
6.6,0.785398163397448,1.33147912281322
6.6075,0.785398163397448,1.32091702963947
6.615,0.785398163397448,1.30962164316181
6.6225,0.785398163397448,1.29759923389617
6.63,0.785398163397448,1.28485647595757
6.6375,0.785398163397448,1.27140044335511
6.645,0.785398163397448,1.25723860606486
6.6525,0.785398163397448,1.242378825883
6.66,0.785398163397448,1.22682935206141
6.6675,0.785398163397448,1.21059881672822
6.675,0.785398163397448,1.19369623009573
6.6825,0.785398163397448,1.17613097545852
6.69,0.785398163397448,1.15791280398439
6.6975,0.785398163397448,1.1390518293011
6.705,0.785398163397448,1.11955852188193
6.7125,0.785398163397448,1.09944370323304
6.72,0.785398163397448,1.07871853988611
6.7275,0.785398163397448,1.05739453719926
6.735,0.785398163397448,1.03548353297005
6.7425,0.785398163397448,1.01299769086383
6.75,0.785398163397448,0.989949493661168
6.7575,0.785398163397448,0.966351736328212
6.765,0.785398163397448,0.942217518913686
6.7725,0.785398163397448,0.917560239276513
6.78,0.785398163397448,0.892393585648166
6.7875,0.785398163397448,0.866731529033771
6.795,0.785398163397448,0.840588315456239
6.8025,0.785398163397448,0.813978458047763
6.81,0.785398163397448,0.786916728992986
6.8175,0.785398163397448,0.759418151328368
6.825,0.785398163397448,0.731497990602329
6.8325,0.785398163397448,0.703171746400725
6.84,0.785398163397448,0.674455143742403
6.8475,0.785398163397448,0.645364124349648
6.855,0.785398163397448,0.61591483779828
6.8625,0.785398163397448,0.586123632552401
6.87,0.785398163397448,0.556007046888693
6.8775,0.785398163397448,0.525581799715395
6.885,0.785398163397448,0.494864781290962
6.8925,0.785398163397448,0.4638730438476
6.9,0.785398163397448,0.432623792124925
6.9075,0.785398163397448,0.401134373818919
6.915,0.785398163397448,0.369422269951522
6.9225,0.785398163397448,0.337505085166253
6.93,0.785398163397448,0.305400537955161
6.9375,0.785398163397448,0.27312645082258
6.945,0.785398163397448,0.240700740391172
6.9525,0.785398163397448,0.208141407455694
6.96,0.785398163397448,0.175466526990026
6.9675,0.785398163397448,0.142694238113069
6.975,0.785398163397448,0.109842734018985
6.9825,0.785398163397448,0.0769302518774242
6.99,0.785398163397448,0.0439750627093781
6.9975,0.785398163397448,0.0109954612441976
7.005,0.785398163397448,-0.0219902442365489
7.0125,0.785398163397448,-0.0549637420626976
7.02,0.785398163397448,-0.087906727341037
7.0275,0.785398163397448,-0.120800912117093
7.035,0.785398163397448,-0.153628035527465
7.0425,0.785398163397448,-0.186369873937172
7.05,0.785398163397448,-0.219008251056323
7.0575,0.785398163397448,-0.251525048030471
7.065,0.785398163397448,-0.283902213499116
7.0725,0.785398163397448,-0.316121773616745
7.08,0.785398163397448,-0.348165842030794
7.0875,0.785398163397448,-0.380016629811102
7.095,0.785398163397448,-0.411656455325226
7.1025,0.785398163397448,-0.443067754054217
7.11,0.785398163397448,-0.474233088343406
7.1175,0.785398163397448,-0.505135157082694
7.125,0.785398163397448,-0.535756805311123
7.1325,0.785398163397448,-0.566081033740242
7.14,0.785398163397448,-0.596091008191097
7.1475,0.785398163397448,-0.625770068939567
7.155,0.785398163397448,-0.655101739964801
7.1625,0.785398163397448,-0.684069738095733
7.17,0.785398163397448,-0.712657982050517
7.1775,0.785398163397448,-0.740850601363866
7.185,0.785398163397448,-0.768631945197381
7.1925,0.785398163397448,-0.795986591027967
7.2,0.785398163397448,-0.822899353209461
7.2075,0.785398163397448,-0.849355291402796
7.215,0.785398163397448,-0.875339718869985
7.2225,0.785398163397448,-0.90083821062729
7.23,0.785398163397448,-0.925836611453113
7.2375,0.785398163397448,-0.950321043746116
7.245,0.785398163397448,-0.974277915229239
7.2525,0.785398163397448,-0.997693926495288
7.26,0.785398163397448,-1.02055607838997
7.2675,0.785398163397448,-1.04285167922827
7.275,0.785398163397448,-1.06456835184004
7.2825,0.785398163397448,-1.08569404044113
7.29,0.785398163397448,-1.10621701732597
7.2975,0.785398163397448,-1.12612588937812
7.305,0.785398163397448,-1.14540960439503
7.3125,0.785398163397448,-1.16405745722356
7.32,0.785398163397448,-1.18205909570282
7.3275,0.785398163397448,-1.19940452641107
7.335,0.785398163397448,-1.21608412021347
7.3425,0.785398163397448,-1.23208861760758
7.35,0.785398163397448,-1.24740913386371
7.3575,0.785398163397448,-1.26203716395714
7.365,0.785398163397448,-1.27596458728962
7.3725,0.785398163397448,-1.28918367219744
7.38,0.785398163397448,-1.30168708024355
7.3875,0.785398163397448,-1.31346787029148
7.395,0.785398163397448,-1.32451950235856
7.4025,0.785398163397448,-1.3348358412466
7.41,0.785398163397448,-1.34441115994772
7.4175,0.785398163397448,-1.35324014282367
7.425,0.785398163397448,-1.36131788855675
7.4325,0.785398163397448,-1.36863991287071
7.44,0.785398163397448,-1.37520215102016
7.4475,0.785398163397448,-1.38100096004709
7.455,0.785398163397448,-1.38603312080318
7.4625,0.785398163397448,-1.3902958397369
7.47,0.785398163397448,-1.39378675044431
7.4775,0.785398163397448,-1.39650391498278
7.485,0.785398163397448,-1.39844582494676
7.4925,0.785398163397448,-1.3996114023052
7.5,0.785398163397448,-1.4
7.5075,0.785398163397448,-1.3996114023052
7.515,0.785398163397448,-1.39844582494676
7.5225,0.785398163397448,-1.39650391498278
7.53,0.785398163397448,-1.39378675044431
7.5375,0.785398163397448,-1.3902958397369
7.545,0.785398163397448,-1.38603312080318
7.5525,0.785398163397448,-1.38100096004709
7.56,0.785398163397448,-1.37520215102017
7.5675,0.785398163397448,-1.36863991287071
7.575,0.785398163397448,-1.36131788855675
7.5825,0.785398163397448,-1.35324014282367
7.59,0.785398163397448,-1.34441115994772
7.5975,0.785398163397448,-1.3348358412466
7.605,0.785398163397448,-1.32451950235856
7.6125,0.785398163397448,-1.31346787029148
7.62,0.785398163397448,-1.30168708024355
7.6275,0.785398163397448,-1.28918367219744
7.635,0.785398163397448,-1.27596458728962
7.6425,0.785398163397448,-1.26203716395714
7.65,0.785398163397448,-1.24740913386371
7.6575,0.785398163397448,-1.23208861760759
7.665,0.785398163397448,-1.21608412021347
7.6725,0.785398163397448,-1.19940452641107
7.68,0.785398163397448,-1.18205909570282
7.6875,0.785398163397448,-1.16405745722356
7.695,0.785398163397448,-1.14540960439503
7.7025,0.785398163397448,-1.12612588937812
7.71,0.785398163397448,-1.10621701732597
7.7175,0.785398163397448,-1.08569404044113
7.725,0.785398163397448,-1.06456835184005
7.7325,0.785398163397448,-1.04285167922827
7.74,0.785398163397448,-1.02055607838998
7.7475,0.785398163397448,-0.99769392649529
7.755,0.785398163397448,-0.974277915229241
7.7625,0.785398163397448,-0.950321043746118
7.77,0.785398163397448,-0.925836611453115
7.7775,0.785398163397448,-0.900838210627292
7.785,0.785398163397448,-0.875339718869987
7.7925,0.785398163397448,-0.849355291402798
7.8,0.785398163397448,-0.822899353209463
7.8075,0.785398163397448,-0.795986591027969
7.815,0.785398163397448,-0.768631945197383
7.8225,0.785398163397448,-0.740850601363868
7.83,0.785398163397448,-0.712657982050519
7.8375,0.785398163397448,-0.684069738095735
7.845,0.785398163397448,-0.655101739964804
7.8525,0.785398163397448,-0.625770068939569
7.86,0.785398163397448,-0.5960910081911
7.8675,0.785398163397448,-0.566081033740244
7.875,0.785398163397448,-0.535756805311125
7.8825,0.785398163397448,-0.505135157082696
7.89,0.785398163397448,-0.474233088343409
7.8975,0.785398163397448,-0.44306775405422
7.905,0.785398163397448,-0.411656455325228
7.9125,0.785398163397448,-0.380016629811105
7.92,0.785398163397448,-0.348165842030796
7.9275,0.785398163397448,-0.316121773616748
7.935,0.785398163397448,-0.283902213499118
7.9425,0.785398163397448,-0.251525048030474
7.95,0.785398163397448,-0.219008251056326
7.9575,0.785398163397448,-0.186369873937174
7.965,0.785398163397448,-0.153628035527468
7.9725,0.785398163397448,-0.120800912117095
7.98,0.785398163397448,-0.0879067273410396
7.9875,0.785398163397448,-0.0549637420627002
7.995,0.785398163397448,-0.0219902442365514
8.0025,0.785398163397448,0.0109954612441901
8.01,0.785398163397448,0.0439750627093755
8.0175,0.785398163397448,0.0769302518774216
8.025,0.785398163397448,0.109842734018982
8.0325,0.785398163397448,0.142694238113071
8.04,0.785398163397448,0.175466526990019
8.0475,0.785398163397448,0.208141407455687
8.055,0.785398163397448,0.240700740391169
8.0625,0.785398163397448,0.273126450822577
8.07,0.785398163397448,0.305400537955159
8.0775,0.785398163397448,0.337505085166255
8.085,0.785398163397448,0.369422269951525
8.0925,0.785398163397448,0.401134373818912
8.1,0.785398163397448,0.432623792124923
8.1075,0.785398163397448,0.463873043847597
8.115,0.785398163397448,0.494864781290959
8.1225,0.785398163397448,0.525581799715397
8.13,0.785398163397448,0.556007046888695
8.1375,0.785398163397448,0.586123632552394
8.145,0.785398163397448,0.615914837798278
8.1525,0.785398163397448,0.645364124349645
8.16,0.785398163397448,0.674455143742401
8.1675,0.785398163397448,0.703171746400723
8.175,0.785398163397448,0.731497990602331
8.1825,0.785398163397448,0.759418151328362
8.19,0.785398163397448,0.78691672899298
8.1975,0.785398163397448,0.813978458047761
8.205,0.785398163397448,0.840588315456237
8.2125,0.785398163397448,0.866731529033769
8.22,0.785398163397448,0.892393585648168
8.2275,0.785398163397448,0.917560239276508
8.235,0.785398163397448,0.94221751891368
8.2425,0.785398163397448,0.966351736328211
8.25,0.785398163397448,0.989949493661166
8.2575,0.785398163397448,1.01299769086383
8.265,0.785398163397448,1.03548353297006
8.2725,0.785398163397448,1.05739453719926
8.28,0.785398163397448,1.0787185398861
8.2875,0.785398163397448,1.09944370323304
8.295,0.785398163397448,1.11955852188193
8.3025,0.785398163397448,1.1390518293011
8.31,0.785398163397448,1.15791280398439
8.3175,0.785398163397448,1.17613097545852
8.325,0.785398163397448,1.19369623009573
8.3325,0.785398163397448,1.21059881672822
8.34,0.785398163397448,1.22682935206141
8.3475,0.785398163397448,1.24237882588299
8.355,0.785398163397448,1.25723860606486
8.3625,0.785398163397448,1.27140044335511
8.37,0.785398163397448,1.28485647595757
8.3775,0.785398163397448,1.29759923389617
8.385,0.785398163397448,1.30962164316181
8.3925,0.785398163397448,1.32091702963947
8.4,0.785398163397448,1.33147912281321
8.4075,0.785398163397448,1.34130205924725
8.415,0.785398163397448,1.35038038584092
8.4225,0.785398163397448,1.35870906285596
8.43,0.785398163397448,1.36628346671425
8.4375,0.785398163397448,1.37309939256452
8.445,0.785398163397448,1.37915305661668
8.4525,0.785398163397448,1.38444109824231
8.46,0.785398163397448,1.38896058184027
8.4675,0.785398163397448,1.39270899846642
8.475,0.785398163397448,1.39568426722638
8.4825,0.785398163397448,1.39788473643075
8.49,0.785398163397448,1.39930918451202
8.4975,0.785398163397448,1.39995682070271
8.505,0.785398163397448,1.39982728547432
8.5125,0.785398163397448,1.39892065073701
8.52,0.785398163397448,1.39723741979958
8.5275,0.785398163397448,1.39477852709012
8.535,0.785398163397448,1.39154533763725
8.5425,0.785398163397448,1.38753964631236
8.55,0.785398163397448,1.38276367683319
8.5575,0.785398163397448,1.37722008052935
8.565,0.785398163397448,1.37091193487047
8.5725,0.785398163397448,1.36384274175779
8.58,0.785398163397448,1.35601642558008
8.5875,0.785398163397448,1.34743733103511
8.595,0.785398163397448,1.33811022071766
8.6025,0.785398163397448,1.32804027247571
8.61,0.785398163397448,1.31723307653592
8.6175,0.785398163397448,1.30569463240033
8.625,0.785398163397448,1.2934313455158
8.6325,0.785398163397448,1.28045002371806
8.64,0.785398163397448,1.26675787345243
8.6475,0.785398163397448,1.25236249577323
8.655,0.785398163397448,1.23727188212417
8.6625,0.785398163397448,1.22149440990192
8.67,0.785398163397448,1.20503883780552
8.6775,0.785398163397448,1.1879143009741
8.685,0.785398163397448,1.17013030591558
8.6925,0.785398163397448,1.1516967252292
8.7,0.785398163397448,1.13262379212493
8.7075,0.785398163397448,1.11292209474252
8.715,0.785398163397448,1.09260257027366
8.7225,0.785398163397448,1.07167649889032
8.73,0.785398163397448,1.05015549748264
8.7375,0.785398163397448,1.02805151320996
8.745,0.785398163397448,1.00537681686847
8.7525,0.785398163397448,0.982143996079199
8.76,0.785398163397448,0.958365948300164
8.7675,0.785398163397448,0.934055873666439
8.775,0.785398163397448,0.909227267662259
8.7825,0.785398163397448,0.883893913629129
8.79,0.785398163397448,0.85806987511417
8.7975,0.785398163397448,0.831769488062856
8.805,0.785398163397448,0.80500735286059
8.8125,0.785398163397448,0.777798326227446
8.82,0.785398163397448,0.750157512970597
8.8275,0.785398163397448,0.722100257599067
8.835,0.785398163397448,0.693642135805369
8.8425,0.785398163397448,0.664798945818834
8.85,0.785398163397448,0.63558669963537
8.8575,0.785398163397448,0.606021614128583
8.865,0.785398163397448,0.576120102047154
8.8725,0.785398163397448,0.545898762903464
8.88,0.785398163397448,0.515374373758548
8.8875,0.785398163397448,0.484563879908496
8.895,0.785398163397448,0.453484385477414
8.9025,0.785398163397448,0.422153143922297
8.91,0.785398163397448,0.390587548454923
8.9175,0.785398163397448,0.358805122386195
8.925,0.785398163397448,0.326823509398266
8.9325,0.785398163397448,0.294660463749834
8.94,0.785398163397448,0.262333840420019
8.9475,0.785398163397448,0.229861585196411
8.955,0.785398163397448,0.197261724712617
8.9625,0.785398163397448,0.164552356440973
8.97,0.785398163397448,0.131751638645918
8.9775,0.785398163397448,0.0988777803036399
8.985,0.785398163397448,0.0659490309935046
8.9925,0.785398163397448,0.0329836707670574
9,0.785398163397448,1.54305496692567e-15
9.0075,0.785398163397448,-0.0329836707670544
9.015,0.785398163397448,-0.0659490309935015
9.0225,0.785398163397448,-0.0988777803036368
9.03,0.785398163397448,-0.131751638645915
9.0375,0.785398163397448,-0.16455235644097
9.045,0.785398163397448,-0.197261724712614
9.0525,0.785398163397448,-0.229861585196408
9.06,0.785398163397448,-0.262333840420016
9.0675,0.785398163397448,-0.294660463749831
9.075,0.785398163397448,-0.326823509398263
9.0825,0.785398163397448,-0.358805122386192
9.09,0.785398163397448,-0.39058754845492
9.0975,0.785398163397448,-0.422153143922294
9.105,0.785398163397448,-0.453484385477411
9.1125,0.785398163397448,-0.484563879908494
9.12,0.785398163397448,-0.515374373758545
9.1275,0.785398163397448,-0.545898762903461
9.135,0.785398163397448,-0.576120102047151
9.1425,0.785398163397448,-0.60602161412858
9.15,0.785398163397448,-0.635586699635367
9.1575,0.785398163397448,-0.664798945818831
9.165,0.785398163397448,-0.693642135805367
9.1725,0.785398163397448,-0.722100257599064
9.18,0.785398163397448,-0.750157512970594
9.1875,0.785398163397448,-0.777798326227444
9.195,0.785398163397448,-0.805007352860588
9.2025,0.785398163397448,-0.831769488062853
9.21,0.785398163397448,-0.858069875114168
9.2175,0.785398163397448,-0.883893913629127
9.225,0.785398163397448,-0.909227267662256
9.2325,0.785398163397448,-0.934055873666436
9.24,0.785398163397448,-0.958365948300162
9.2475,0.785398163397448,-0.982143996079197
9.255,0.785398163397448,-1.00537681686846
9.2625,0.785398163397448,-1.02805151320996
9.27,0.785398163397448,-1.05015549748264
9.2775,0.785398163397448,-1.07167649889032
9.285,0.785398163397448,-1.09260257027366
9.2925,0.785398163397448,-1.11292209474251
9.3,0.785398163397448,-1.13262379212493
9.3075,0.785398163397448,-1.1516967252292
9.315,0.785398163397448,-1.17013030591558
9.3225,0.785398163397448,-1.1879143009741
9.33,0.785398163397448,-1.20503883780552
9.3375,0.785398163397448,-1.22149440990192
9.345,0.785398163397448,-1.23727188212417
9.3525,0.785398163397448,-1.25236249577323
9.36,0.785398163397448,-1.26675787345242
9.3675,0.785398163397448,-1.28045002371806
9.375,0.785398163397448,-1.2934313455158
9.3825,0.785398163397448,-1.30569463240033
9.39,0.785398163397448,-1.31723307653592
9.3975,0.785398163397448,-1.32804027247571
9.405,0.785398163397448,-1.33811022071766
9.4125,0.785398163397448,-1.34743733103511
9.42,0.785398163397448,-1.35601642558008
9.4275,0.785398163397448,-1.36384274175779
9.435,0.785398163397448,-1.37091193487047
9.4425,0.785398163397448,-1.37722008052935
9.45,0.785398163397448,-1.38276367683319
9.4575,0.785398163397448,-1.38753964631236
9.465,0.785398163397448,-1.39154533763725
9.4725,0.785398163397448,-1.39477852709012
9.48,0.785398163397448,-1.39723741979958
9.4875,0.785398163397448,-1.39892065073701
9.495,0.785398163397448,-1.39982728547432
9.5025,0.785398163397448,-1.39995682070271
9.51,0.785398163397448,-1.39930918451202
9.5175,0.785398163397448,-1.39788473643075
9.525,0.785398163397448,-1.39568426722638
9.5325,0.785398163397448,-1.39270899846642
9.54,0.785398163397448,-1.38896058184027
9.5475,0.785398163397448,-1.38444109824231
9.555,0.785398163397448,-1.37915305661668
9.5625,0.785398163397448,-1.37309939256452
9.57,0.785398163397448,-1.36628346671425
9.5775,0.785398163397448,-1.35870906285596
9.585,0.785398163397448,-1.35038038584092
9.5925,0.785398163397448,-1.34130205924725
9.6,0.785398163397448,-1.33147912281322
9.6075,0.785398163397448,-1.32091702963947
9.615,0.785398163397448,-1.30962164316181
9.6225,0.785398163397448,-1.29759923389617
9.63,0.785398163397448,-1.28485647595757
9.6375,0.785398163397448,-1.27140044335512
9.645,0.785398163397448,-1.25723860606486
9.6525,0.785398163397448,-1.242378825883
9.66,0.785398163397448,-1.22682935206141
9.6675,0.785398163397448,-1.21059881672822
9.675,0.785398163397448,-1.19369623009573
9.6825,0.785398163397448,-1.17613097545852
9.69,0.785398163397448,-1.15791280398439
9.6975,0.785398163397448,-1.1390518293011
9.705,0.785398163397448,-1.11955852188193
9.7125,0.785398163397448,-1.09944370323304
9.72,0.785398163397448,-1.0787185398861
9.7275,0.785398163397448,-1.05739453719926
9.735,0.785398163397448,-1.03548353297006
9.7425,0.785398163397448,-1.01299769086383
9.75,0.785398163397448,-0.989949493661169
9.7575,0.785398163397448,-0.966351736328213
9.765,0.785398163397448,-0.942217518913682
9.7725,0.785398163397448,-0.91756023927651
9.78,0.785398163397448,-0.89239358564817
9.7875,0.785398163397448,-0.866731529033771
9.795,0.785398163397448,-0.84058831545624
9.8025,0.785398163397448,-0.813978458047764
9.81,0.785398163397448,-0.786916728992982
9.8175,0.785398163397448,-0.759418151328364
9.825,0.785398163397448,-0.731497990602334
9.8325,0.785398163397448,-0.703171746400725
9.84,0.785398163397448,-0.674455143742404
9.8475,0.785398163397448,-0.645364124349648
9.855,0.785398163397448,-0.61591483779828
9.8625,0.785398163397448,-0.586123632552397
9.87,0.785398163397448,-0.556007046888698
9.8775,0.785398163397448,-0.5255817997154
9.885,0.785398163397448,-0.494864781290962
9.8925,0.785398163397448,-0.4638730438476
9.9,0.785398163397448,-0.432623792124926
9.9075,0.785398163397448,-0.401134373818915
9.915,0.785398163397448,-0.369422269951528
9.9225,0.785398163397448,-0.337505085166258
9.93,0.785398163397448,-0.305400537955162
9.9375,0.785398163397448,-0.27312645082258
9.945,0.785398163397448,-0.240700740391172
9.9525,0.785398163397448,-0.20814140745569
9.96,0.785398163397448,-0.175466526990022
9.9675,0.785398163397448,-0.142694238113074
9.975,0.785398163397448,-0.109842734018985
9.9825,0.785398163397448,-0.0769302518774247
9.99,0.785398163397448,-0.0439750627093786
9.9975,0.785398163397448,-0.0109954612441932
10.005,0.785398163397448,0.0219902442365483
10.0125,0.785398163397448,0.0549637420626922
10.02,0.785398163397448,0.0879067273410365
10.0275,0.785398163397448,0.120800912117092
10.035,0.785398163397448,0.153628035527464
10.0425,0.785398163397448,0.186369873937171
10.05,0.785398163397448,0.219008251056323
10.0575,0.785398163397448,0.251525048030466
10.065,0.785398163397448,0.283902213499115
10.0725,0.785398163397448,0.316121773616745
10.08,0.785398163397448,0.348165842030793
10.0875,0.785398163397448,0.380016629811102
10.095,0.785398163397448,0.411656455325225
10.1025,0.785398163397448,0.443067754054217
10.11,0.785398163397448,0.474233088343406
10.1175,0.785398163397448,0.505135157082694
10.125,0.785398163397448,0.535756805311122
10.1325,0.785398163397448,0.566081033740241
10.14,0.785398163397448,0.596091008191102
10.1475,0.785398163397448,0.625770068939571
10.155,0.785398163397448,0.655101739964797
10.1625,0.785398163397448,0.684069738095732
10.17,0.785398163397448,0.712657982050517
10.1775,0.785398163397448,0.740850601363865
10.185,0.785398163397448,0.768631945197384
10.1925,0.785398163397448,0.795986591027975
10.2,0.785398163397448,0.822899353209457
10.2075,0.785398163397448,0.849355291402799
10.215,0.785398163397448,0.875339718869985
10.2225,0.785398163397448,0.900838210627293
10.23,0.785398163397448,0.925836611453112
10.2375,0.785398163397448,0.950321043746116
10.245,0.785398163397448,0.974277915229235
10.2525,0.785398163397448,0.997693926495288
10.26,0.785398163397448,1.02055607838997
10.2675,0.785398163397448,1.04285167922827
10.275,0.785398163397448,1.06456835184004
10.2825,0.785398163397448,1.08569404044113
10.29,0.785398163397448,1.10621701732596
10.2975,0.785398163397448,1.12612588937812
10.305,0.785398163397448,1.14540960439503
10.3125,0.785398163397448,1.16405745722356
10.32,0.785398163397448,1.18205909570282
10.3275,0.785398163397448,1.19940452641107
10.335,0.785398163397448,1.21608412021347
10.3425,0.785398163397448,1.23208861760758
10.35,0.785398163397448,1.24740913386371
10.3575,0.785398163397448,1.26203716395714
10.365,0.785398163397448,1.27596458728962
10.3725,0.785398163397448,1.28918367219744
10.38,0.785398163397448,1.30168708024355
10.3875,0.785398163397448,1.31346787029147
10.395,0.785398163397448,1.32451950235856
10.4025,0.785398163397448,1.3348358412466
10.41,0.785398163397448,1.34441115994772
10.4175,0.785398163397448,1.35324014282367
10.425,0.785398163397448,1.36131788855675
10.4325,0.785398163397448,1.3686399128707
10.44,0.785398163397448,1.37520215102016
10.4475,0.785398163397448,1.38100096004709
10.455,0.785398163397448,1.38603312080318
10.4625,0.785398163397448,1.3902958397369
10.47,0.785398163397448,1.39378675044431
10.4775,0.785398163397448,1.39650391498278
10.485,0.785398163397448,1.39844582494676
10.4925,0.785398163397448,1.3996114023052
10.5,0.785398163397448,1.4
10.5075,0.785398163397448,1.3996114023052
10.515,0.785398163397448,1.39844582494676
10.5225,0.785398163397448,1.39650391498278
10.53,0.785398163397448,1.39378675044431
10.5375,0.785398163397448,1.3902958397369
10.545,0.785398163397448,1.38603312080318
10.5525,0.785398163397448,1.38100096004709
10.56,0.785398163397448,1.37520215102016
10.5675,0.785398163397448,1.36863991287071
10.575,0.785398163397448,1.36131788855675
10.5825,0.785398163397448,1.35324014282367
10.59,0.785398163397448,1.34441115994772
10.5975,0.785398163397448,1.3348358412466
10.605,0.785398163397448,1.32451950235856
10.6125,0.785398163397448,1.31346787029148
10.62,0.785398163397448,1.30168708024355
10.6275,0.785398163397448,1.28918367219744
10.635,0.785398163397448,1.27596458728962
10.6425,0.785398163397448,1.26203716395714
10.65,0.785398163397448,1.24740913386371
10.6575,0.785398163397448,1.23208861760758
10.665,0.785398163397448,1.21608412021347
10.6725,0.785398163397448,1.19940452641107
10.68,0.785398163397448,1.18205909570282
10.6875,0.785398163397448,1.16405745722356
10.695,0.785398163397448,1.14540960439504
10.7025,0.785398163397448,1.12612588937812
10.71,0.785398163397448,1.10621701732597
10.7175,0.785398163397448,1.08569404044113
10.725,0.785398163397448,1.06456835184004
10.7325,0.785398163397448,1.04285167922827
10.74,0.785398163397448,1.02055607838998
10.7475,0.785398163397448,0.997693926495287
10.755,0.785398163397448,0.974277915229241
10.7625,0.785398163397448,0.950321043746122
10.77,0.785398163397448,0.925836611453119
10.7775,0.785398163397448,0.900838210627292
10.785,0.785398163397448,0.875339718869991
10.7925,0.785398163397448,0.849355291402798
10.8,0.785398163397448,0.822899353209464
10.8075,0.785398163397448,0.795986591027974
10.815,0.785398163397448,0.768631945197391
10.8225,0.785398163397448,0.740850601363868
10.83,0.785398163397448,0.712657982050524
10.8375,0.785398163397448,0.684069738095735
10.845,0.785398163397448,0.655101739964804
10.8525,0.785398163397448,0.625770068939574
10.86,0.785398163397448,0.596091008191109
10.8675,0.785398163397448,0.566081033740245
10.875,0.785398163397448,0.53575680531113
10.8825,0.785398163397448,0.505135157082697
10.89,0.785398163397448,0.474233088343409
10.8975,0.785398163397448,0.443067754054216
10.905,0.785398163397448,0.411656455325233
10.9125,0.785398163397448,0.380016629811105
10.92,0.785398163397448,0.348165842030801
10.9275,0.785398163397448,0.316121773616743
10.935,0.785398163397448,0.283902213499119
10.9425,0.785398163397448,0.251525048030464
10.95,0.785398163397448,0.219008251056331
10.9575,0.785398163397448,0.186369873937175
10.965,0.785398163397448,0.153628035527468
10.9725,0.785398163397448,0.120800912117091
10.98,0.785398163397448,0.0879067273410401
10.9875,0.785398163397448,0.0549637420626908
10.995,0.785398163397448,0.0219902442365569
11.0025,0.785398163397448,-0.0109954612441945
11.01,0.785398163397448,-0.043975062709375
11.0175,0.785398163397448,-0.0769302518774261
11.025,0.785398163397448,-0.109842734018982
11.0325,0.785398163397448,-0.142694238113075
11.04,0.785398163397448,-0.175466526990018
11.0475,0.785398163397448,-0.208141407455691
11.055,0.785398163397448,-0.240700740391169
11.0625,0.785398163397448,-0.273126450822582
11.07,0.785398163397448,-0.305400537955158
11.0775,0.785398163397448,-0.337505085166259
11.085,0.785398163397448,-0.369422269951524
11.0925,0.785398163397448,-0.401134373818917
11.1,0.785398163397448,-0.432623792124922
11.1075,0.785398163397448,-0.463873043847601
11.115,0.785398163397448,-0.494864781290959
11.1225,0.785398163397448,-0.525581799715392
11.13,0.785398163397448,-0.556007046888695
11.1375,0.785398163397448,-0.586123632552398
11.145,0.785398163397448,-0.615914837798277
11.1525,0.785398163397448,-0.645364124349649
11.16,0.785398163397448,-0.674455143742401
11.1675,0.785398163397448,-0.703171746400718
11.175,0.785398163397448,-0.73149799060233
11.1825,0.785398163397448,-0.759418151328365
11.19,0.785398163397448,-0.786916728992979
11.1975,0.785398163397448,-0.813978458047757
11.205,0.785398163397448,-0.840588315456237
11.2125,0.785398163397448,-0.866731529033764
11.22,0.785398163397448,-0.892393585648167
11.2275,0.785398163397448,-0.917560239276511
11.235,0.785398163397448,-0.94221751891368
11.2425,0.785398163397448,-0.966351736328207
11.25,0.785398163397448,-0.989949493661166
11.2575,0.785398163397448,-1.01299769086383
11.265,0.785398163397448,-1.03548353297006
11.2725,0.785398163397448,-1.05739453719926
11.28,0.785398163397448,-1.0787185398861
11.2875,0.785398163397448,-1.09944370323304
11.295,0.785398163397448,-1.11955852188193
11.3025,0.785398163397448,-1.1390518293011
11.31,0.785398163397448,-1.15791280398439
11.3175,0.785398163397448,-1.17613097545852
11.325,0.785398163397448,-1.19369623009573
11.3325,0.785398163397448,-1.21059881672821
11.34,0.785398163397448,-1.22682935206141
11.3475,0.785398163397448,-1.24237882588299
11.355,0.785398163397448,-1.25723860606486
11.3625,0.785398163397448,-1.27140044335511
11.37,0.785398163397448,-1.28485647595757
11.3775,0.785398163397448,-1.29759923389617
11.385,0.785398163397448,-1.30962164316181
11.3925,0.785398163397448,-1.32091702963947
11.4,0.785398163397448,-1.33147912281322
11.4075,0.785398163397448,-1.34130205924725
11.415,0.785398163397448,-1.35038038584092
11.4225,0.785398163397448,-1.35870906285596
11.43,0.785398163397448,-1.36628346671425
11.4375,0.785398163397448,-1.37309939256452
11.445,0.785398163397448,-1.37915305661668
11.4525,0.785398163397448,-1.38444109824231
11.46,0.785398163397448,-1.38896058184027
11.4675,0.785398163397448,-1.39270899846642
11.475,0.785398163397448,-1.39568426722638
11.4825,0.785398163397448,-1.39788473643075
11.49,0.785398163397448,-1.39930918451202
11.4975,0.785398163397448,-1.39995682070271
11.505,0.785398163397448,-1.39982728547432
11.5125,0.785398163397448,-1.39892065073701
11.52,0.785398163397448,-1.39723741979958
11.5275,0.785398163397448,-1.39477852709012
11.535,0.785398163397448,-1.39154533763725
11.5425,0.785398163397448,-1.38753964631236
11.55,0.785398163397448,-1.38276367683319
11.5575,0.785398163397448,-1.37722008052935
11.565,0.785398163397448,-1.37091193487047
11.5725,0.785398163397448,-1.36384274175779
11.58,0.785398163397448,-1.35601642558009
11.5875,0.785398163397448,-1.34743733103511
11.595,0.785398163397448,-1.33811022071766
11.6025,0.785398163397448,-1.32804027247571
11.61,0.785398163397448,-1.31723307653592
11.6175,0.785398163397448,-1.30569463240033
11.625,0.785398163397448,-1.2934313455158
11.6325,0.785398163397448,-1.28045002371806
11.64,0.785398163397448,-1.26675787345243
11.6475,0.785398163397448,-1.25236249577323
11.655,0.785398163397448,-1.23727188212418
11.6625,0.785398163397448,-1.22149440990192
11.67,0.785398163397448,-1.20503883780552
11.6775,0.785398163397448,-1.1879143009741
11.685,0.785398163397448,-1.17013030591558
11.6925,0.785398163397448,-1.1516967252292
11.7,0.785398163397448,-1.13262379212493
11.7075,0.785398163397448,-1.11292209474252
11.715,0.785398163397448,-1.09260257027367
11.7225,0.785398163397448,-1.07167649889032
11.73,0.785398163397448,-1.05015549748265
11.7375,0.785398163397448,-1.02805151320996
11.745,0.785398163397448,-1.00537681686847
11.7525,0.785398163397448,-0.9821439960792
11.76,0.785398163397448,-0.958365948300169
11.7675,0.785398163397448,-0.934055873666439
11.775,0.785398163397448,-0.909227267662259
11.7825,0.785398163397448,-0.883893913629126
11.79,0.785398163397448,-0.858069875114174
11.7975,0.785398163397448,-0.831769488062856
11.805,0.785398163397448,-0.805007352860595
11.8125,0.785398163397448,-0.777798326227442
11.82,0.785398163397448,-0.750157512970597
11.8275,0.785398163397448,-0.722100257599063
11.835,0.785398163397448,-0.69364213580537
11.8425,0.785398163397448,-0.664798945818835
11.85,0.785398163397448,-0.635586699635371
11.8575,0.785398163397448,-0.606021614128579
11.865,0.785398163397448,-0.576120102047154
11.8725,0.785398163397448,-0.54589876290346
11.88,0.785398163397448,-0.515374373758548
11.8875,0.785398163397448,-0.484563879908492
11.895,0.785398163397448,-0.453484385477414
11.9025,0.785398163397448,-0.422153143922293
11.91,0.785398163397448,-0.390587548454923
11.9175,0.785398163397448,-0.358805122386191
11.925,0.785398163397448,-0.326823509398267
11.9325,0.785398163397448,-0.29466046374983
11.94,0.785398163397448,-0.26233384042002
11.9475,0.785398163397448,-0.229861585196407
11.955,0.785398163397448,-0.197261724712618
11.9625,0.785398163397448,-0.164552356440968
11.97,0.785398163397448,-0.131751638645919
11.9775,0.785398163397448,-0.0988777803036355
11.985,0.785398163397448,-0.0659490309935051
11.9925,0.785398163397448,-0.032983670767053
12,0.785398163397448,-2.05740662256755e-15
12.0075,0.785398163397448,0.0329836707670489
12.015,0.785398163397448,0.065949030993501
12.0225,0.785398163397448,0.0988777803036314
12.03,0.785398163397448,0.131751638645915
12.0375,0.785398163397448,0.164552356440964
12.045,0.785398163397448,0.197261724712614
12.0525,0.785398163397448,0.229861585196403
12.06,0.785398163397448,0.262333840420016
12.0675,0.785398163397448,0.294660463749826
12.075,0.785398163397448,0.326823509398262
12.0825,0.785398163397448,0.358805122386187
12.09,0.785398163397448,0.390587548454919
12.0975,0.785398163397448,0.422153143922289
12.105,0.785398163397448,0.453484385477411
12.1125,0.785398163397448,0.484563879908488
12.12,0.785398163397448,0.515374373758544
12.1275,0.785398163397448,0.545898762903456
12.135,0.785398163397448,0.576120102047151
12.1425,0.785398163397448,0.606021614128575
12.15,0.785398163397448,0.635586699635367
12.1575,0.785398163397448,0.664798945818831
12.165,0.785398163397448,0.693642135805366
12.1725,0.785398163397448,0.722100257599059
12.18,0.785398163397448,0.750157512970594
12.1875,0.785398163397448,0.777798326227439
12.195,0.785398163397448,0.805007352860591
12.2025,0.785398163397448,0.831769488062853
12.21,0.785398163397448,0.858069875114171
12.2175,0.785398163397448,0.883893913629122
12.225,0.785398163397448,0.909227267662256
12.2325,0.785398163397448,0.934055873666436
12.24,0.785398163397448,0.958365948300165
12.2475,0.785398163397448,0.982143996079197
12.255,0.785398163397448,1.00537681686847
12.2625,0.785398163397448,1.02805151320995
12.27,0.785398163397448,1.05015549748264
12.2775,0.785398163397448,1.07167649889032
12.285,0.785398163397448,1.09260257027366
12.2925,0.785398163397448,1.11292209474251
12.3,0.785398163397448,1.13262379212493
12.3075,0.785398163397448,1.1516967252292
12.315,0.785398163397448,1.17013030591558
12.3225,0.785398163397448,1.1879143009741
12.33,0.785398163397448,1.20503883780552
12.3375,0.785398163397448,1.22149440990192
12.345,0.785398163397448,1.23727188212417
12.3525,0.785398163397448,1.25236249577323
12.36,0.785398163397448,1.26675787345243
12.3675,0.785398163397448,1.28045002371806
12.375,0.785398163397448,1.2934313455158
12.3825,0.785398163397448,1.30569463240033
12.39,0.785398163397448,1.31723307653591
12.3975,0.785398163397448,1.32804027247571
12.405,0.785398163397448,1.33811022071766
12.4125,0.785398163397448,1.34743733103511
12.42,0.785398163397448,1.35601642558008
12.4275,0.785398163397448,1.36384274175779
12.435,0.785398163397448,1.37091193487047
12.4425,0.785398163397448,1.37722008052935
12.45,0.785398163397448,1.38276367683319
12.4575,0.785398163397448,1.38753964631236
12.465,0.785398163397448,1.39154533763725
12.4725,0.785398163397448,1.39477852709012
12.48,0.785398163397448,1.39723741979958
12.4875,0.785398163397448,1.39892065073701
12.495,0.785398163397448,1.39982728547432
12.5025,0.785398163397448,1.39995682070271
12.51,0.785398163397448,1.39930918451202
12.5175,0.785398163397448,1.39788473643075
12.525,0.785398163397448,1.39568426722638
12.5325,0.785398163397448,1.39270899846642
12.54,0.785398163397448,1.38896058184027
12.5475,0.785398163397448,1.38444109824231
12.555,0.785398163397448,1.37915305661668
12.5625,0.785398163397448,1.37309939256452
12.57,0.785398163397448,1.36628346671425
12.5775,0.785398163397448,1.35870906285596
12.585,0.785398163397448,1.35038038584092
12.5925,0.785398163397448,1.34130205924725
12.6,0.785398163397448,1.33147912281322
12.6075,0.785398163397448,1.32091702963947
12.615,0.785398163397448,1.30962164316182
12.6225,0.785398163397448,1.29759923389617
12.63,0.785398163397448,1.28485647595757
12.6375,0.785398163397448,1.27140044335512
12.645,0.785398163397448,1.25723860606487
12.6525,0.785398163397448,1.242378825883
12.66,0.785398163397448,1.22682935206141
12.6675,0.785398163397448,1.21059881672822
12.675,0.785398163397448,1.19369623009573
12.6825,0.785398163397448,1.17613097545852
12.69,0.785398163397448,1.15791280398439
12.6975,0.785398163397448,1.1390518293011
12.705,0.785398163397448,1.11955852188193
12.7125,0.785398163397448,1.09944370323304
12.72,0.785398163397448,1.0787185398861
12.7275,0.785398163397448,1.05739453719926
12.735,0.785398163397448,1.03548353297006
12.7425,0.785398163397448,1.01299769086383
12.75,0.785398163397448,0.989949493661169
12.7575,0.785398163397448,0.96635173632821
12.765,0.785398163397448,0.942217518913683
12.7725,0.785398163397448,0.917560239276514
12.78,0.785398163397448,0.892393585648171
12.7875,0.785398163397448,0.866731529033767
12.795,0.785398163397448,0.84058831545624
12.8025,0.785398163397448,0.81397845804776
12.81,0.785398163397448,0.786916728992983
12.8175,0.785398163397448,0.759418151328369
12.825,0.785398163397448,0.731497990602334
12.8325,0.785398163397448,0.703171746400721
12.84,0.785398163397448,0.674455143742404
12.8475,0.785398163397448,0.645364124349653
12.855,0.785398163397448,0.615914837798281
12.8625,0.785398163397448,0.586123632552402
12.87,0.785398163397448,0.556007046888699
12.8775,0.785398163397448,0.525581799715396
12.885,0.785398163397448,0.494864781290963
12.8925,0.785398163397448,0.463873043847605
12.9,0.785398163397448,0.432623792124926
12.9075,0.785398163397448,0.40113437381892
12.915,0.785398163397448,0.369422269951528
12.9225,0.785398163397448,0.337505085166263
12.93,0.785398163397448,0.305400537955162
12.9375,0.785398163397448,0.273126450822586
12.945,0.785398163397448,0.240700740391173
12.9525,0.785398163397448,0.208141407455695
12.96,0.785398163397448,0.175466526990022
12.9675,0.785398163397448,0.142694238113079
12.975,0.785398163397448,0.109842734018986
12.9825,0.785398163397448,0.0769302518774302
12.99,0.785398163397448,0.0439750627093791
12.9975,0.785398163397448,0.0109954612441987
13.005,0.785398163397448,-0.0219902442365528
13.0125,0.785398163397448,-0.0549637420626867
13.02,0.785398163397448,-0.087906727341036
13.0275,0.785398163397448,-0.120800912117087
13.035,0.785398163397448,-0.153628035527464
13.0425,0.785398163397448,-0.186369873937171
13.05,0.785398163397448,-0.219008251056327
13.0575,0.785398163397448,-0.25152504803046
13.065,0.785398163397448,-0.283902213499115
13.0725,0.785398163397448,-0.316121773616739
13.08,0.785398163397448,-0.348165842030797
13.0875,0.785398163397448,-0.380016629811101
13.095,0.785398163397448,-0.411656455325229
13.1025,0.785398163397448,-0.443067754054212
13.11,0.785398163397448,-0.474233088343406
13.1175,0.785398163397448,-0.505135157082693
13.125,0.785398163397448,-0.535756805311126
13.1325,0.785398163397448,-0.566081033740241
13.14,0.785398163397448,-0.596091008191105
13.1475,0.785398163397448,-0.62577006893957
13.155,0.785398163397448,-0.655101739964801
13.1625,0.785398163397448,-0.684069738095732
13.17,0.785398163397448,-0.712657982050521
13.1775,0.785398163397448,-0.740850601363865
13.185,0.785398163397448,-0.768631945197388
13.1925,0.785398163397448,-0.79598659102797
13.2,0.785398163397448,-0.822899353209461
13.2075,0.785398163397448,-0.849355291402795
13.215,0.785398163397448,-0.875339718869988
13.2225,0.785398163397448,-0.900838210627289
13.23,0.785398163397448,-0.925836611453116
13.2375,0.785398163397448,-0.950321043746119
13.245,0.785398163397448,-0.974277915229238
13.2525,0.785398163397448,-0.997693926495284
13.26,0.785398163397448,-1.02055607838998
13.2675,0.785398163397448,-1.04285167922827
13.275,0.785398163397448,-1.06456835184004
13.2825,0.785398163397448,-1.08569404044113
13.29,0.785398163397448,-1.10621701732597
13.2975,0.785398163397448,-1.12612588937812
13.305,0.785398163397448,-1.14540960439503
13.3125,0.785398163397448,-1.16405745722356
13.32,0.785398163397448,-1.18205909570282
13.3275,0.785398163397448,-1.19940452641107
13.335,0.785398163397448,-1.21608412021347
13.3425,0.785398163397448,-1.23208861760758
13.35,0.785398163397448,-1.24740913386371
13.3575,0.785398163397448,-1.26203716395714
13.365,0.785398163397448,-1.27596458728962
13.3725,0.785398163397448,-1.28918367219744
13.38,0.785398163397448,-1.30168708024355
13.3875,0.785398163397448,-1.31346787029148
13.395,0.785398163397448,-1.32451950235856
13.4025,0.785398163397448,-1.3348358412466
13.41,0.785398163397448,-1.34441115994772
13.4175,0.785398163397448,-1.35324014282367
13.425,0.785398163397448,-1.36131788855675
13.4325,0.785398163397448,-1.36863991287071
13.44,0.785398163397448,-1.37520215102016
13.4475,0.785398163397448,-1.38100096004709
13.455,0.785398163397448,-1.38603312080318
13.4625,0.785398163397448,-1.3902958397369
13.47,0.785398163397448,-1.39378675044431
13.4775,0.785398163397448,-1.39650391498278
13.485,0.785398163397448,-1.39844582494676
13.4925,0.785398163397448,-1.3996114023052
13.5,0.785398163397448,-1.4
13.5075,0.785398163397448,-1.3996114023052
13.515,0.785398163397448,-1.39844582494676
13.5225,0.785398163397448,-1.39650391498278
13.53,0.785398163397448,-1.39378675044431
13.5375,0.785398163397448,-1.3902958397369
13.545,0.785398163397448,-1.38603312080318
13.5525,0.785398163397448,-1.38100096004709
13.56,0.785398163397448,-1.37520215102016
13.5675,0.785398163397448,-1.36863991287071
13.575,0.785398163397448,-1.36131788855675
13.5825,0.785398163397448,-1.35324014282367
13.59,0.785398163397448,-1.34441115994772
13.5975,0.785398163397448,-1.3348358412466
13.605,0.785398163397448,-1.32451950235856
13.6125,0.785398163397448,-1.31346787029148
13.62,0.785398163397448,-1.30168708024355
13.6275,0.785398163397448,-1.28918367219744
13.635,0.785398163397448,-1.27596458728963
13.6425,0.785398163397448,-1.26203716395714
13.65,0.785398163397448,-1.24740913386372
13.6575,0.785398163397448,-1.23208861760759
13.665,0.785398163397448,-1.21608412021347
13.6725,0.785398163397448,-1.19940452641107
13.68,0.785398163397448,-1.18205909570282
13.6875,0.785398163397448,-1.16405745722356
13.695,0.785398163397448,-1.14540960439503
13.7025,0.785398163397448,-1.12612588937812
13.71,0.785398163397448,-1.10621701732596
13.7175,0.785398163397448,-1.08569404044113
13.725,0.785398163397448,-1.06456835184005
13.7325,0.785398163397448,-1.04285167922828
13.74,0.785398163397448,-1.02055607838998
13.7475,0.785398163397448,-0.99769392649529
13.755,0.785398163397448,-0.974277915229238
13.7625,0.785398163397448,-0.950321043746119
13.77,0.785398163397448,-0.925836611453116
13.7775,0.785398163397448,-0.900838210627296
13.785,0.785398163397448,-0.875339718869988
13.7925,0.785398163397448,-0.849355291402803
13.8,0.785398163397448,-0.82289935320946
13.8075,0.785398163397448,-0.795986591027978
13.815,0.785398163397448,-0.768631945197388
13.8225,0.785398163397448,-0.740850601363873
13.83,0.785398163397448,-0.71265798205052
13.8375,0.785398163397448,-0.68406973809574
13.845,0.785398163397448,-0.6551017399648
13.8525,0.785398163397448,-0.625770068939579
13.86,0.785398163397448,-0.596091008191105
13.8675,0.785398163397448,-0.566081033740249
13.875,0.785398163397448,-0.535756805311126
13.8825,0.785398163397448,-0.505135157082702
13.89,0.785398163397448,-0.474233088343405
13.8975,0.785398163397448,-0.443067754054221
13.905,0.785398163397448,-0.411656455325229
13.9125,0.785398163397448,-0.380016629811111
13.92,0.785398163397448,-0.348165842030797
13.9275,0.785398163397448,-0.316121773616749
13.935,0.785398163397448,-0.283902213499115
13.9425,0.785398163397448,-0.25152504803047
13.95,0.785398163397448,-0.219008251056327
13.9575,0.785398163397448,-0.18636987393718
13.965,0.785398163397448,-0.153628035527464
13.9725,0.785398163397448,-0.120800912117096
13.98,0.785398163397448,-0.0879067273410356
13.9875,0.785398163397448,-0.0549637420626963
13.995,0.785398163397448,-0.0219902442365525
14.0025,0.785398163397448,0.0109954612441891
14.01,0.785398163397448,0.0439750627093794
14.0175,0.785398163397448,0.0769302518774206
14.025,0.785398163397448,0.109842734018986
14.0325,0.785398163397448,0.14269423811307
14.04,0.785398163397448,0.175466526990023
14.0475,0.785398163397448,0.208141407455686
14.055,0.785398163397448,0.240700740391173
14.0625,0.785398163397448,0.273126450822576
14.07,0.785398163397448,0.305400537955163
14.0775,0.785398163397448,0.337505085166254
14.085,0.785398163397448,0.369422269951519
14.0925,0.785398163397448,0.401134373818911
14.1,0.785398163397448,0.432623792124926
14.1075,0.785398163397448,0.463873043847596
14.115,0.785398163397448,0.494864781290963
14.1225,0.785398163397448,0.525581799715396
14.13,0.785398163397448,0.55600704688869
14.1375,0.785398163397448,0.586123632552393
14.145,0.785398163397448,0.615914837798281
14.1525,0.785398163397448,0.645364124349645
14.16,0.785398163397448,0.674455143742396
14.1675,0.785398163397448,0.703171746400722
14.175,0.785398163397448,0.731497990602326
14.1825,0.785398163397448,0.759418151328361
14.19,0.785398163397448,0.786916728992983
14.1975,0.785398163397448,0.81397845804776
14.205,0.785398163397448,0.840588315456233
14.2125,0.785398163397448,0.866731529033768
14.22,0.785398163397448,0.892393585648163
14.2275,0.785398163397448,0.917560239276507
14.235,0.785398163397448,0.942217518913676
14.2425,0.785398163397448,0.96635173632821
14.25,0.785398163397448,0.989949493661162
14.2575,0.785398163397448,1.01299769086383
14.265,0.785398163397448,1.03548353297005
14.2725,0.785398163397448,1.05739453719926
14.28,0.785398163397448,1.0787185398861
14.2875,0.785398163397448,1.09944370323304
14.295,0.785398163397448,1.11955852188192
14.3025,0.785398163397448,1.1390518293011
14.31,0.785398163397448,1.15791280398438
14.3175,0.785398163397448,1.17613097545852
14.325,0.785398163397448,1.19369623009572
14.3325,0.785398163397448,1.21059881672822
14.34,0.785398163397448,1.22682935206141
14.3475,0.785398163397448,1.242378825883
14.355,0.785398163397448,1.25723860606486
14.3625,0.785398163397448,1.27140044335512
14.37,0.785398163397448,1.28485647595757
14.3775,0.785398163397448,1.29759923389617
14.385,0.785398163397448,1.30962164316181
14.3925,0.785398163397448,1.32091702963947
14.4,0.785398163397448,1.33147912281321
14.4075,0.785398163397448,1.34130205924725
14.415,0.785398163397448,1.35038038584091
14.4225,0.785398163397448,1.35870906285596
14.43,0.785398163397448,1.36628346671425
14.4375,0.785398163397448,1.37309939256452
14.445,0.785398163397448,1.37915305661668
14.4525,0.785398163397448,1.38444109824231
14.46,0.785398163397448,1.38896058184027
14.4675,0.785398163397448,1.39270899846642
14.475,0.785398163397448,1.39568426722638
14.4825,0.785398163397448,1.39788473643075
14.49,0.785398163397448,1.39930918451202
14.4975,0.785398163397448,1.39995682070271
14.505,0.785398163397448,1.39982728547432
14.5125,0.785398163397448,1.39892065073701
14.52,0.785398163397448,1.39723741979958
14.5275,0.785398163397448,1.39477852709012
14.535,0.785398163397448,1.39154533763725
14.5425,0.785398163397448,1.38753964631237
14.55,0.785398163397448,1.38276367683319
14.5575,0.785398163397448,1.37722008052935
14.565,0.785398163397448,1.37091193487047
14.5725,0.785398163397448,1.36384274175779
14.58,0.785398163397448,1.35601642558008
14.5875,0.785398163397448,1.34743733103511
14.595,0.785398163397448,1.33811022071766
14.6025,0.785398163397448,1.32804027247571
14.61,0.785398163397448,1.31723307653592
14.6175,0.785398163397448,1.30569463240033
14.625,0.785398163397448,1.2934313455158
14.6325,0.785398163397448,1.28045002371806
14.64,0.785398163397448,1.26675787345243
14.6475,0.785398163397448,1.25236249577324
14.655,0.785398163397448,1.23727188212417
14.6625,0.785398163397448,1.22149440990192
14.67,0.785398163397448,1.20503883780552
14.6775,0.785398163397448,1.18791430097411
14.685,0.785398163397448,1.17013030591558
14.6925,0.785398163397448,1.1516967252292
14.7,0.785398163397448,1.13262379212493
14.7075,0.785398163397448,1.11292209474252
14.715,0.785398163397448,1.09260257027366
14.7225,0.785398163397448,1.07167649889033
14.73,0.785398163397448,1.05015549748264
14.7375,0.785398163397448,1.02805151320996
14.745,0.785398163397448,1.00537681686847
14.7525,0.785398163397448,0.982143996079204
14.76,0.785398163397448,0.958365948300165
14.7675,0.785398163397448,0.934055873666443
14.775,0.785398163397448,0.909227267662256
14.7825,0.785398163397448,0.88389391362913
14.79,0.785398163397448,0.858069875114171
14.7975,0.785398163397448,0.83176948806286
14.805,0.785398163397448,0.805007352860591
14.8125,0.785398163397448,0.777798326227447
14.82,0.785398163397448,0.750157512970594
14.8275,0.785398163397448,0.722100257599068
14.835,0.785398163397448,0.693642135805366
14.8425,0.785398163397448,0.664798945818839
14.85,0.785398163397448,0.635586699635367
14.8575,0.785398163397448,0.606021614128584
14.865,0.785398163397448,0.57612010204715
14.8725,0.785398163397448,0.545898762903465
14.88,0.785398163397448,0.515374373758544
14.8875,0.785398163397448,0.484563879908497
14.895,0.785398163397448,0.45348438547741
14.9025,0.785398163397448,0.422153143922298
14.91,0.785398163397448,0.390587548454919
14.9175,0.785398163397448,0.358805122386196
14.925,0.785398163397448,0.326823509398262
14.9325,0.785398163397448,0.294660463749835
14.94,0.785398163397448,0.262333840420016
14.9475,0.785398163397448,0.229861585196412
14.955,0.785398163397448,0.197261724712613
14.9625,0.785398163397448,0.164552356440974
14.97,0.785398163397448,0.131751638645924
14.9775,0.785398163397448,0.0988777803036409
14.985,0.785398163397448,0.0659490309935007
14.9925,0.785398163397448,0.0329836707670585
15,0.785398163397448,7.54555742853014e-15
